timestamp,workload_rps
2015-02-26 21:40:00,12.542495479204339
2015-02-26 21:45:00,12.423146473779383
2015-02-26 21:50:00,12.343580470162747
2015-02-26 21:55:00,12.801084990958408
2015-02-26 22:00:00,13.407775768535261
2015-02-26 22:05:00,13.984629294755877
2015-02-26 22:10:00,13.974683544303797
2015-02-26 22:15:00,12.98010849909584
2015-02-26 22:20:00,14.263110307414104
2015-02-26 22:25:00,16.490958408679926
2015-02-26 22:30:00,19.45479204339964
2015-02-26 22:35:00,21.563291139240505
2015-02-26 22:40:00,21.20524412296564
2015-02-26 22:45:00,20.99638336347197
2015-02-26 22:50:00,20.896925858951175
2015-02-26 22:55:00,21.74231464737794
2015-02-26 23:00:00,21.254972875226038
2015-02-26 23:05:00,19.056962025316455
2015-02-26 23:10:00,15.94394213381555
2015-02-26 23:15:00,12.850813743218806
2015-02-26 23:20:00,11.010849909584087
2015-02-26 23:25:00,9.926763110307414
2015-02-26 23:30:00,9.55877034358047
2015-02-26 23:35:00,9.7875226039783
2015-02-26 23:40:00,10.165461121157323
2015-02-26 23:45:00,10.384267631103073
2015-02-26 23:50:00,10.066003616636529
2015-02-26 23:55:00,9.33996383363472
2015-02-27 00:00:00,8.594032549728752
2015-02-27 00:05:00,8.076853526220614
2015-02-27 00:10:00,7.95750452079566
2015-02-27 00:15:00,7.917721518987342
2015-02-27 00:20:00,7.838155515370705
2015-02-27 00:25:00,7.818264014466546
2015-02-27 00:30:00,7.957504520795659
2015-02-27 00:35:00,7.897830018083182
2015-02-27 00:40:00,7.69891500904159
2015-02-27 00:45:00,7.052441229656419
2015-02-27 00:50:00,6.425858951175408
2015-02-27 00:55:00,6.028028933092225
2015-02-27 01:00:00,5.799276672694395
2015-02-27 01:05:00,5.799276672694394
2015-02-27 01:10:00,5.580470162748644
2015-02-27 01:15:00,5.361663652802894
2015-02-27 01:20:00,4.98372513562387
2015-02-27 01:25:00,4.735081374321881
2015-02-27 01:30:00,4.725135623869802
2015-02-27 01:35:00,4.874321880650995
2015-02-27 01:40:00,5.292043399638336
2015-02-27 01:45:00,5.66998191681736
2015-02-27 01:50:00,5.9683544303797476
2015-02-27 01:55:00,6.037974683544304
2015-02-27 02:00:00,5.858951175406872
2015-02-27 02:05:00,5.809222423146474
2015-02-27 02:10:00,6.992766726943942
2015-02-27 02:15:00,8.8625678119349
2015-02-27 02:20:00,10.811934900542497
2015-02-27 02:25:00,11.528028933092223
2015-02-27 02:30:00,10.603074141048824
2015-02-27 02:35:00,9.12115732368897
2015-02-27 02:40:00,7.509945750452079
2015-02-27 02:45:00,6.883363471971067
2015-02-27 02:50:00,6.495479204339964
2015-02-27 02:55:00,5.9683544303797476
2015-02-27 03:00:00,5.471066907775769
2015-02-27 03:05:00,4.97377938517179
2015-02-27 03:10:00,4.615732368896926
2015-02-27 03:15:00,4.486437613019891
2015-02-27 03:20:00,5.043399638336346
2015-02-27 03:25:00,6.4059674502712465
2015-02-27 03:30:00,8.017179023508136
2015-02-27 03:35:00,9.399638336347197
2015-02-27 03:40:00,9.558770343580468
2015-02-27 03:45:00,8.723327305605785
2015-02-27 03:50:00,7.301084990958409
2015-02-27 03:55:00,6.226943942133816
2015-02-27 04:00:00,5.829113924050634
2015-02-27 04:05:00,5.550632911392405
2015-02-27 04:10:00,5.391500904159132
2015-02-27 04:15:00,4.963833634719711
2015-02-27 04:20:00,4.725135623869801
2015-02-27 04:25:00,4.615732368896927
2015-02-27 04:30:00,4.794755877034358
2015-02-27 04:35:00,4.884267631103074
2015-02-27 04:40:00,4.894213381555154
2015-02-27 04:45:00,4.933996383363472
2015-02-27 04:50:00,5.1030741410488245
2015-02-27 04:55:00,5.411392405063291
2015-02-27 05:00:00,5.650090415913201
2015-02-27 05:05:00,5.819168173598554
2015-02-27 05:10:00,5.89873417721519
2015-02-27 05:15:00,5.9086799276672695
2015-02-27 05:20:00,5.719710669077758
2015-02-27 05:25:00,5.590415913200724
2015-02-27 05:30:00,5.699819168173599
2015-02-27 05:35:00,6.077757685352622
2015-02-27 05:40:00,6.604882459312839
2015-02-27 05:45:00,7.788426763110308
2015-02-27 05:50:00,8.713381555153706
2015-02-27 05:55:00,9.320072332730561
2015-02-27 06:00:00,8.89240506329114
2015-02-27 06:05:00,7.609403254972875
2015-02-27 06:10:00,6.097649186256781
2015-02-27 06:15:00,4.655515370705245
2015-02-27 06:20:00,4.178119349005425
2015-02-27 06:25:00,3.989150090415914
2015-02-27 06:30:00,4.128390596745028
2015-02-27 06:35:00,4.337251356238698
2015-02-27 06:40:00,4.516274864376131
2015-02-27 06:45:00,4.386980108499096
2015-02-27 06:50:00,3.9792043399638337
2015-02-27 06:55:00,3.6410488245931285
2015-02-27 07:00:00,3.402350813743219
2015-02-27 07:05:00,3.402350813743219
2015-02-27 07:10:00,3.302893309222423
2015-02-27 07:15:00,3.113924050632911
2015-02-27 07:20:00,2.875226039783002
2015-02-27 07:25:00,2.646473779385172
2015-02-27 07:30:00,2.5669077757685352
2015-02-27 07:35:00,2.497287522603978
2015-02-27 07:40:00,2.4773960216998194
2015-02-27 07:45:00,2.3978300180831824
2015-02-27 07:50:00,2.3083182640144666
2015-02-27 07:55:00,2.348101265822785
2015-02-27 08:00:00,2.3282097649186255
2015-02-27 08:05:00,2.348101265822785
2015-02-27 08:10:00,2.4276672694394215
2015-02-27 08:15:00,2.4972875226039783
2015-02-27 08:20:00,2.6663652802893307
2015-02-27 08:25:00,2.7260397830018084
2015-02-27 08:30:00,2.7459312839059673
2015-02-27 08:35:00,2.706148282097649
2015-02-27 08:40:00,2.805605786618445
2015-02-27 08:45:00,2.954792043399638
2015-02-27 08:50:00,3.064195298372513
2015-02-27 08:55:00,2.9448462929475587
2015-02-27 09:00:00,2.636528028933092
2015-02-27 09:05:00,2.3779385171790235
2015-02-27 09:10:00,2.1491862567811935
2015-02-27 09:15:00,2.109403254972875
2015-02-27 09:20:00,2.059674502712477
2015-02-27 09:25:00,2.0198915009041594
2015-02-27 09:30:00,2.119349005424955
2015-02-27 09:35:00,2.2486437613019894
2015-02-27 09:40:00,2.348101265822785
2015-02-27 09:45:00,2.338155515370705
2015-02-27 09:50:00,2.2884267631103077
2015-02-27 09:55:00,2.2386980108499097
2015-02-27 10:00:00,2.2685352622061483
2015-02-27 10:05:00,2.3978300180831824
2015-02-27 10:10:00,2.596745027124774
2015-02-27 10:15:00,2.706148282097649
2015-02-27 10:20:00,2.7459312839059673
2015-02-27 10:25:00,2.6365280289330926
2015-02-27 10:30:00,2.527124773960217
2015-02-27 10:35:00,2.6265822784810124
2015-02-27 10:40:00,2.8453887884267632
2015-02-27 10:45:00,3.233273056057866
2015-02-27 10:50:00,3.402350813743219
2015-02-27 10:55:00,3.392405063291139
2015-02-27 11:00:00,3.2730560578661843
2015-02-27 11:05:00,3.213381555153707
2015-02-27 11:10:00,3.163652802893309
2015-02-27 11:15:00,3.15370705244123
2015-02-27 11:20:00,2.9547920433996384
2015-02-27 11:25:00,2.934900542495479
2015-02-27 11:30:00,2.8951175406871608
2015-02-27 11:35:00,2.9945750452079567
2015-02-27 11:40:00,3.3227848101265822
2015-02-27 11:45:00,3.561482820976492
2015-02-27 11:50:00,3.8300180831826403
2015-02-27 11:55:00,3.899638336347197
2015-02-27 12:00:00,3.770343580470163
2015-02-27 12:05:00,3.6410488245931285
2015-02-27 12:10:00,3.6311030741410493
2015-02-27 12:15:00,3.7802893309222423
2015-02-27 12:20:00,3.999095840867993
2015-02-27 12:25:00,3.9692585895117545
2015-02-27 12:30:00,3.9493670886075956
2015-02-27 12:35:00,3.8101265822784813
2015-02-27 12:40:00,3.919529837251356
2015-02-27 12:45:00,4.1482820976491865
2015-02-27 12:50:00,4.426763110307414
2015-02-27 12:55:00,4.635623869801085
2015-02-27 13:00:00,4.685352622061483
2015-02-27 13:05:00,4.7052441229656425
2015-02-27 13:10:00,4.635623869801085
2015-02-27 13:15:00,4.705244122965642
2015-02-27 13:20:00,4.97377938517179
2015-02-27 13:25:00,5.172694394213382
2015-02-27 13:30:00,5.22242314647378
2015-02-27 13:35:00,4.963833634719711
2015-02-27 13:40:00,4.556057866184448
2015-02-27 13:45:00,4.2477396021699825
2015-02-27 13:50:00,4.178119349005425
2015-02-27 13:55:00,6.157323688969258
2015-02-27 14:00:00,8.216094032549728
2015-02-27 14:05:00,10.175406871609402
2015-02-27 14:10:00,10.205244122965642
2015-02-27 14:15:00,9.071428571428571
2015-02-27 14:20:00,8.146473779385172
2015-02-27 14:25:00,7.320976491862568
2015-02-27 14:30:00,7.7784810126582276
2015-02-27 14:35:00,7.609403254972875
2015-02-27 14:40:00,7.151898734177214
2015-02-27 14:45:00,6.525316455696203
2015-02-27 14:50:00,6.177215189873418
2015-02-27 14:55:00,6.376130198915009
2015-02-27 15:00:00,7.03254972875226
2015-02-27 15:05:00,8.047016274864376
2015-02-27 15:10:00,8.942133815551536
2015-02-27 15:15:00,8.922242314647377
2015-02-27 15:20:00,8.64376130198915
2015-02-27 15:25:00,8.176311030741411
2015-02-27 15:30:00,8.166365280289332
2015-02-27 15:35:00,8.216094032549728
2015-02-27 15:40:00,7.967450271247739
2015-02-27 15:45:00,7.6292947558770345
2015-02-27 15:50:00,7.191681735985533
2015-02-27 15:55:00,6.943037974683545
2015-02-27 16:00:00,6.684448462929476
2015-02-27 16:05:00,6.4159132007233275
2015-02-27 16:10:00,6.097649186256781
2015-02-27 16:15:00,5.898734177215189
2015-02-27 16:20:00,5.66998191681736
2015-02-27 16:25:00,5.759493670886076
2015-02-27 16:30:00,6.097649186256781
2015-02-27 16:35:00,7.141952983725136
2015-02-27 16:40:00,8.405063291139241
2015-02-27 16:45:00,9.797468354430379
2015-02-27 16:50:00,10.593128390596744
2015-02-27 16:55:00,11.5877034358047
2015-02-27 17:00:00,13.099457504520796
2015-02-27 17:05:00,16.113019891500905
2015-02-27 17:10:00,19.564195298372514
2015-02-27 17:15:00,22.100361663652805
2015-02-27 17:20:00,24.0
2015-02-27 17:25:00,24.0
2015-02-27 17:30:00,24.0
2015-02-27 17:35:00,24.0
2015-02-27 17:40:00,23.55244122965642
2015-02-27 17:45:00,21.45388788426763
2015-02-27 17:50:00,18.470162748643762
2015-02-27 17:55:00,14.959312839059674
2015-02-27 18:00:00,11.229656419529837
2015-02-27 18:05:00,9.08137432188065
2015-02-27 18:10:00,7.679023508137432
2015-02-27 18:15:00,7.370705244122965
2015-02-27 18:20:00,7.7784810126582276
2015-02-27 18:25:00,8.85262206148282
2015-02-27 18:30:00,9.509041591320072
2015-02-27 18:35:00,9.867088607594937
2015-02-27 18:40:00,10.23508137432188
2015-02-27 18:45:00,10.642857142857142
2015-02-27 18:50:00,12.204339963833633
2015-02-27 18:55:00,13.795660036166362
2015-02-27 19:00:00,15.317359855334537
2015-02-27 19:05:00,16.023508137432184
2015-02-27 19:10:00,15.844484629294755
2015-02-27 19:15:00,15.347197106690777
2015-02-27 19:20:00,14.849909584086799
2015-02-27 19:25:00,14.601265822784807
2015-02-27 19:30:00,14.481916817359853
2015-02-27 19:35:00,14.044303797468352
2015-02-27 19:40:00,13.437613019891499
2015-02-27 19:45:00,12.751356238698008
2015-02-27 19:50:00,12.075045207956599
2015-02-27 19:55:00,11.657323688969258
2015-02-27 20:00:00,11.488245931283906
2015-02-27 20:05:00,11.418625678119348
2015-02-27 20:10:00,11.55786618444846
2015-02-27 20:15:00,11.84629294755877
2015-02-27 20:20:00,12.00542495479204
2015-02-27 20:25:00,12.622061482820977
2015-02-27 20:30:00,13.387884267631101
2015-02-27 20:35:00,14.481916817359854
2015-02-27 20:40:00,15.098553345388787
2015-02-27 20:45:00,14.79023508137432
2015-02-27 20:50:00,13.9249547920434
2015-02-27 20:55:00,12.75135623869801
2015-02-27 21:00:00,12.10488245931284
2015-02-27 21:05:00,11.995479204339963
2015-02-27 21:10:00,12.134719710669076
2015-02-27 21:15:00,12.482820976491862
2015-02-27 21:20:00,12.622061482820975
2015-02-27 21:25:00,12.691681735985533
2015-02-27 21:30:00,12.701627486437612
2015-02-27 21:35:00,12.701627486437612
2015-02-27 21:40:00,12.940325497287521
2015-02-27 21:45:00,13.407775768535261
2015-02-27 21:50:00,13.964737793851716
2015-02-27 21:55:00,14.362567811934898
2015-02-27 22:00:00,14.56148282097649
2015-02-27 22:05:00,14.223327305605785
2015-02-27 22:10:00,13.606690777576853
2015-02-27 22:15:00,13.129294755877034
2015-02-27 22:20:00,13.22875226039783
2015-02-27 22:25:00,14.074141048824591
2015-02-27 22:30:00,15.088607594936708
2015-02-27 22:35:00,15.357142857142856
2015-02-27 22:40:00,14.720614828209763
2015-02-27 22:45:00,13.16907775768535
2015-02-27 22:50:00,11.945750452079565
2015-02-27 22:55:00,11.249547920433997
2015-02-27 23:00:00,11.010849909584087
2015-02-27 23:05:00,11.16003616636528
2015-02-27 23:10:00,11.349005424954793
2015-02-27 23:15:00,11.239602169981914
2015-02-27 23:20:00,10.951175406871608
2015-02-27 23:25:00,10.404159132007234
2015-02-27 23:30:00,10.125678119349004
2015-02-27 23:35:00,10.394213381555154
2015-02-27 23:40:00,11.160036166365279
2015-02-27 23:45:00,12.025316455696201
2015-02-27 23:50:00,12.333634719710666
2015-02-27 23:55:00,12.154611211573235
2015-02-28 00:00:00,11.866184448462928
2015-02-28 00:05:00,11.716998191681736
2015-02-28 00:10:00,11.488245931283906
2015-02-28 00:15:00,11.249547920433995
2015-02-28 00:20:00,10.841772151898734
2015-02-28 00:25:00,10.632911392405063
2015-02-28 00:30:00,10.48372513562387
2015-02-28 00:35:00,10.593128390596744
2015-02-28 00:40:00,10.891500904159132
2015-02-28 00:45:00,11.259493670886075
2015-02-28 00:50:00,11.557866184448462
2015-02-28 00:55:00,11.488245931283906
2015-02-28 01:00:00,11.050632911392405
2015-02-28 01:05:00,10.44394213381555
2015-02-28 01:10:00,10.00632911392405
2015-02-28 01:15:00,9.966546112115731
2015-02-28 01:20:00,10.066003616636527
2015-02-28 01:25:00,10.066003616636527
2015-02-28 01:30:00,9.956600361663652
2015-02-28 01:35:00,9.926763110307412
2015-02-28 01:40:00,10.016274864376129
2015-02-28 01:45:00,10.324593128390596
2015-02-28 01:50:00,10.583182640144663
2015-02-28 01:55:00,10.702531645569618
2015-02-28 02:00:00,10.652802893309222
2015-02-28 02:05:00,10.394213381555153
2015-02-28 02:10:00,10.294755877034357
2015-02-28 02:15:00,10.175406871609402
2015-02-28 02:20:00,10.483725135623867
2015-02-28 02:25:00,11.050632911392404
2015-02-28 02:30:00,11.776672694394211
2015-02-28 02:35:00,12.49276672694394
2015-02-28 02:40:00,12.74141048824593
2015-02-28 02:45:00,12.49276672694394
2015-02-28 02:50:00,11.726943942133813
2015-02-28 02:55:00,10.95117540687161
2015-02-28 03:00:00,10.69258589511754
2015-02-28 03:05:00,10.990958408679926
2015-02-28 03:10:00,11.86618444846293
2015-02-28 03:15:00,12.661844484629295
2015-02-28 03:20:00,13.039783001808317
2015-02-28 03:25:00,13.059674502712477
2015-02-28 03:30:00,13.139240506329113
2015-02-28 03:35:00,13.377938517179022
2015-02-28 03:40:00,13.348101265822784
2015-02-28 03:45:00,13.059674502712475
2015-02-28 03:50:00,12.204339963833634
2015-02-28 03:55:00,11.339059674502712
2015-02-28 04:00:00,10.742314647377938
2015-02-28 04:05:00,10.563291139240507
2015-02-28 04:10:00,10.69258589511754
2015-02-28 04:15:00,10.533453887884267
2015-02-28 04:20:00,11.577757685352621
2015-02-28 04:25:00,13.924954792043398
2015-02-28 04:30:00,16.33182640144665
2015-02-28 04:35:00,17.634719710669078
2015-02-28 04:40:00,16.12296564195298
2015-02-28 04:45:00,13.029837251356238
2015-02-28 04:50:00,9.837251356238697
2015-02-28 04:55:00,8.007233273056057
2015-02-28 05:00:00,7.788426763110309
2015-02-28 05:05:00,7.708860759493671
2015-02-28 05:10:00,7.370705244122966
2015-02-28 05:15:00,6.6645569620253164
2015-02-28 05:20:00,5.560578661844485
2015-02-28 05:25:00,4.317359855334539
2015-02-28 05:30:00,3.37251356238698
2015-02-28 05:35:00,2.7658227848101267
2015-02-28 05:40:00,2.676311030741411
2015-02-28 05:45:00,2.666365280289331
2015-02-28 05:50:00,2.6962025316455698
2015-02-28 05:55:00,2.706148282097649
2015-02-28 06:00:00,2.7658227848101262
2015-02-28 06:05:00,2.8851717902350815
2015-02-28 06:10:00,2.8553345388788425
2015-02-28 06:15:00,2.735985533453888
2015-02-28 06:20:00,2.8553345388788425
2015-02-28 06:25:00,3.2929475587703436
2015-02-28 06:30:00,3.9394213381555154
2015-02-28 06:35:00,4.426763110307414
2015-02-28 06:40:00,4.377034358047016
2015-02-28 06:45:00,4.028933092224231
2015-02-28 06:50:00,3.4520795660036168
2015-02-28 06:55:00,3.7007233273056057
2015-02-28 07:00:00,4.128390596745027
2015-02-28 07:05:00,4.615732368896926
2015-02-28 07:10:00,4.834538878842676
2015-02-28 07:15:00,4.416817359855334
2015-02-28 07:20:00,3.919529837251356
2015-02-28 07:25:00,3.1437613019891497
2015-02-28 07:30:00,2.7459312839059673
2015-02-28 07:35:00,2.4873417721518987
2015-02-28 07:40:00,2.3182640144665463
2015-02-28 07:45:00,2.447558770343581
2015-02-28 07:50:00,2.5370705244122966
2015-02-28 07:55:00,2.5171790235081373
2015-02-28 08:00:00,2.4376130198915007
2015-02-28 08:05:00,2.407775768535262
2015-02-28 08:10:00,2.477396021699819
2015-02-28 08:15:00,2.596745027124774
2015-02-28 08:20:00,2.5569620253164556
2015-02-28 08:25:00,2.397830018083183
2015-02-28 08:30:00,2.198915009041591
2015-02-28 08:35:00,2.0
2015-02-28 08:40:00,2.0
2015-02-28 08:45:00,2.0
2015-02-28 08:50:00,2.0
2015-02-28 08:55:00,2.0
2015-02-28 09:00:00,2.0
2015-02-28 09:05:00,2.0
2015-02-28 09:10:00,2.0
2015-02-28 09:15:00,2.0
2015-02-28 09:20:00,2.0
2015-02-28 09:25:00,2.0
2015-02-28 09:30:00,2.0
2015-02-28 09:35:00,2.0
2015-02-28 09:40:00,2.049728752260398
2015-02-28 09:45:00,2.099457504520796
2015-02-28 09:50:00,2.099457504520796
2015-02-28 09:55:00,2.1491862567811935
2015-02-28 10:00:00,2.278481012658228
2015-02-28 10:05:00,2.4674502712477397
2015-02-28 10:10:00,2.5669077757685352
2015-02-28 10:15:00,2.596745027124774
2015-02-28 10:20:00,2.447558770343581
2015-02-28 10:25:00,2.2188065099457503
2015-02-28 10:30:00,2.1690777576853524
2015-02-28 10:35:00,2.089511754068716
2015-02-28 10:40:00,2.0795660036166366
2015-02-28 10:45:00,2.069620253164557
2015-02-28 10:50:00,2.0198915009041594
2015-02-28 10:55:00,2.0994575045207955
2015-02-28 11:00:00,2.2386980108499097
2015-02-28 11:05:00,2.348101265822785
2015-02-28 11:10:00,2.348101265822785
2015-02-28 11:15:00,2.2685352622061483
2015-02-28 11:20:00,2.109403254972875
2015-02-28 11:25:00,2.0
2015-02-28 11:30:00,2.0
2015-02-28 11:35:00,2.0
2015-02-28 11:40:00,2.0
2015-02-28 11:45:00,2.0
2015-02-28 11:50:00,2.0
2015-02-28 11:55:00,2.0
2015-02-28 12:00:00,2.0895117540687163
2015-02-28 12:05:00,2.338155515370705
2015-02-28 12:10:00,2.4773960216998194
2015-02-28 12:15:00,2.576853526220615
2015-02-28 12:20:00,2.4873417721518987
2015-02-28 12:25:00,2.2386980108499097
2015-02-28 12:30:00,2.099457504520796
2015-02-28 12:35:00,2.0
2015-02-28 12:40:00,2.059674502712477
2015-02-28 12:45:00,2.2188065099457503
2015-02-28 12:50:00,2.348101265822785
2015-02-28 12:55:00,2.5669077757685352
2015-02-28 13:00:00,2.7061482820976495
2015-02-28 13:05:00,2.755877034358047
2015-02-28 13:10:00,2.706148282097649
2015-02-28 13:15:00,2.5171790235081373
2015-02-28 13:20:00,2.3779385171790235
2015-02-28 13:25:00,2.298372513562387
2015-02-28 13:30:00,2.3779385171790235
2015-02-28 13:35:00,2.4773960216998194
2015-02-28 13:40:00,2.5370705244122966
2015-02-28 13:45:00,2.5370705244122966
2015-02-28 13:50:00,2.45750452079566
2015-02-28 13:55:00,2.397830018083183
2015-02-28 14:00:00,2.2884267631103072
2015-02-28 14:05:00,2.387884267631103
2015-02-28 14:10:00,2.5569620253164556
2015-02-28 14:15:00,2.7956600361663653
2015-02-28 14:20:00,3.034358047016275
2015-02-28 14:25:00,3.2531645569620253
2015-02-28 14:30:00,3.4620253164556964
2015-02-28 14:35:00,3.6410488245931285
2015-02-28 14:40:00,3.740506329113924
2015-02-28 14:45:00,3.631103074141049
2015-02-28 14:50:00,3.462025316455696
2015-02-28 14:55:00,3.3625678119349005
2015-02-28 15:00:00,3.4321880650994574
2015-02-28 15:05:00,3.6609403254972874
2015-02-28 15:10:00,3.859855334538879
2015-02-28 15:15:00,4.018987341772152
2015-02-28 15:20:00,3.979204339963834
2015-02-28 15:25:00,3.720614828209765
2015-02-28 15:30:00,3.6311030741410493
2015-02-28 15:35:00,3.3824593128390594
2015-02-28 15:40:00,3.641048824593128
2015-02-28 15:45:00,3.919529837251356
2015-02-28 15:50:00,4.227848101265823
2015-02-28 15:55:00,4.456600361663654
2015-02-28 16:00:00,4.277576853526221
2015-02-28 16:05:00,4.207956600361664
2015-02-28 16:10:00,4.088607594936709
2015-02-28 16:15:00,4.207956600361664
2015-02-28 16:20:00,4.367088607594937
2015-02-28 16:25:00,4.396925858951176
2015-02-28 16:30:00,4.267631103074141
2015-02-28 16:35:00,4.038878842676311
2015-02-28 16:40:00,3.9493670886075956
2015-02-28 16:45:00,4.06871609403255
2015-02-28 16:50:00,4.456600361663654
2015-02-28 16:55:00,4.824593128390597
2015-02-28 17:00:00,5.0533453887884265
2015-02-28 17:05:00,5.142857142857142
2015-02-28 17:10:00,5.162748643761302
2015-02-28 17:15:00,5.242314647377938
2015-02-28 17:20:00,5.580470162748644
2015-02-28 17:25:00,5.719710669077758
2015-02-28 17:30:00,5.7097649186256785
2015-02-28 17:35:00,5.4611211573236895
2015-02-28 17:40:00,5.093128390596745
2015-02-28 17:45:00,4.933996383363472
2015-02-28 17:50:00,4.585895117540687
2015-02-28 17:55:00,4.406871609403255
2015-02-28 18:00:00,4.2974683544303796
2015-02-28 18:05:00,4.3471971066907775
2015-02-28 18:10:00,4.585895117540687
2015-02-28 18:15:00,4.735081374321881
2015-02-28 18:20:00,4.705244122965642
2015-02-28 18:25:00,4.466546112115733
2015-02-28 18:30:00,4.237793851717903
2015-02-28 18:35:00,4.168173598553346
2015-02-28 18:40:00,4.128390596745028
2015-02-28 18:45:00,4.188065099457505
2015-02-28 18:50:00,4.327305605786619
2015-02-28 18:55:00,4.665461121157324
2015-02-28 19:00:00,5.421338155515371
2015-02-28 19:05:00,5.998191681735985
2015-02-28 19:10:00,6.256781193490054
2015-02-28 19:15:00,5.689873417721519
2015-02-28 19:20:00,4.5958408679927665
2015-02-28 19:25:00,3.690777576853526
2015-02-28 19:30:00,3.3028933092224233
2015-02-28 19:35:00,3.5614828209764924
2015-02-28 19:40:00,3.770343580470163
2015-02-28 19:45:00,3.7007233273056066
2015-02-28 19:50:00,3.38245931283906
2015-02-28 19:55:00,3.2730560578661843
2015-02-28 20:00:00,3.641048824593128
2015-02-28 20:05:00,4.605786618444846
2015-02-28 20:10:00,5.5009041591320065
2015-02-28 20:15:00,5.918625678119349
2015-02-28 20:20:00,5.620253164556962
2015-02-28 20:25:00,4.804701627486438
2015-02-28 20:30:00,4.227848101265823
2015-02-28 20:35:00,4.018987341772152
2015-02-28 20:40:00,4.327305605786619
2015-02-28 20:45:00,4.506329113924051
2015-02-28 20:50:00,4.416817359855334
2015-02-28 20:55:00,4.3471971066907775
2015-02-28 21:00:00,4.277576853526221
2015-02-28 21:05:00,4.466546112115733
2015-02-28 21:10:00,4.794755877034358
2015-02-28 21:15:00,4.864376130198915
2015-02-28 21:20:00,4.784810126582279
2015-02-28 21:25:00,4.357142857142858
2015-02-28 21:30:00,3.909584086799277
2015-02-28 21:35:00,3.621157323688969
2015-02-28 21:40:00,3.5316455696202533
2015-02-28 21:45:00,3.680831826401447
2015-02-28 21:50:00,3.810126582278481
2015-02-28 21:55:00,3.8300180831826403
2015-02-28 22:00:00,3.7802893309222423
2015-02-28 22:05:00,3.9195298372513565
2015-02-28 22:10:00,3.929475587703436
2015-02-28 22:15:00,4.028933092224232
2015-02-28 22:20:00,3.999095840867993
2015-02-28 22:25:00,3.8896925858951175
2015-02-28 22:30:00,3.879746835443038
2015-02-28 22:35:00,3.740506329113924
2015-02-28 22:40:00,3.6907775768535265
2015-02-28 22:45:00,3.60126582278481
2015-02-28 22:50:00,3.5515370705244123
2015-02-28 22:55:00,3.7106690777576854
2015-02-28 23:00:00,3.7405063291139244
2015-02-28 23:05:00,3.7305605786618448
2015-02-28 23:10:00,3.6410488245931285
2015-02-28 23:15:00,3.471971066907776
2015-02-28 23:20:00,3.4321880650994574
2015-02-28 23:25:00,3.5515370705244127
2015-02-28 23:30:00,3.8499095840867996
2015-02-28 23:35:00,4.178119349005426
2015-02-28 23:40:00,4.257685352622062
2015-02-28 23:45:00,4.028933092224232
2015-02-28 23:50:00,3.591320072332731
2015-02-28 23:55:00,3.2332730560578664
2015-03-01 00:00:00,3.1338155515370705
2015-03-01 00:05:00,3.263110307414105
2015-03-01 00:10:00,3.3625678119349005
2015-03-01 00:15:00,3.4719710669077757
2015-03-01 00:20:00,3.402350813743219
2015-03-01 00:25:00,3.442133815551537
2015-03-01 00:30:00,3.4321880650994574
2015-03-01 00:35:00,3.442133815551537
2015-03-01 00:40:00,3.342676311030741
2015-03-01 00:45:00,3.1934900542495477
2015-03-01 00:50:00,3.064195298372513
2015-03-01 00:55:00,2.9448462929475587
2015-03-01 01:00:00,3.1338155515370705
2015-03-01 01:05:00,3.442133815551537
2015-03-01 01:10:00,3.8300180831826403
2015-03-01 01:15:00,3.9493670886075947
2015-03-01 01:20:00,3.8001808318264017
2015-03-01 01:25:00,3.3526220614828213
2015-03-01 01:30:00,3.004520795660036
2015-03-01 01:35:00,2.7956600361663657
2015-03-01 01:40:00,2.905063291139241
2015-03-01 01:45:00,3.0443037974683542
2015-03-01 01:50:00,3.103978300180832
2015-03-01 01:55:00,3.2034358047016274
2015-03-01 02:00:00,3.3227848101265822
2015-03-01 02:05:00,3.670886075949367
2015-03-01 02:10:00,3.919529837251356
2015-03-01 02:15:00,3.8200723327305606
2015-03-01 02:20:00,3.3625678119349005
2015-03-01 02:25:00,3.0144665461121156
2015-03-01 02:30:00,3.014466546112116
2015-03-01 02:35:00,3.4719710669077757
2015-03-01 02:40:00,3.8300180831826403
2015-03-01 02:45:00,3.919529837251356
2015-03-01 02:50:00,3.641048824593128
2015-03-01 02:55:00,3.213381555153707
2015-03-01 03:00:00,2.9249547920433994
2015-03-01 03:05:00,2.646473779385172
2015-03-01 03:10:00,2.6066907775768535
2015-03-01 03:15:00,2.5171790235081373
2015-03-01 03:20:00,2.4873417721518987
2015-03-01 03:25:00,2.4873417721518987
2015-03-01 03:30:00,2.596745027124774
2015-03-01 03:35:00,2.9746835443037978
2015-03-01 03:40:00,3.3227848101265827
2015-03-01 03:45:00,3.521699819168174
2015-03-01 03:50:00,3.342676311030742
2015-03-01 03:55:00,2.905063291139241
2015-03-01 04:00:00,2.6564195298372515
2015-03-01 04:05:00,2.5669077757685352
2015-03-01 04:10:00,2.7260397830018084
2015-03-01 04:15:00,2.835443037974684
2015-03-01 04:20:00,2.9945750452079567
2015-03-01 04:25:00,3.054249547920434
2015-03-01 04:30:00,3.034358047016275
2015-03-01 04:35:00,3.0244122965641953
2015-03-01 04:40:00,2.845388788426763
2015-03-01 04:45:00,2.7956600361663653
2015-03-01 04:50:00,3.0244122965641953
2015-03-01 04:55:00,3.4520795660036168
2015-03-01 05:00:00,4.048824593128391
2015-03-01 05:05:00,4.416817359855335
2015-03-01 05:10:00,4.4466546112115735
2015-03-01 05:15:00,4.367088607594937
2015-03-01 05:20:00,4.038878842676311
2015-03-01 05:25:00,4.038878842676311
2015-03-01 05:30:00,3.929475587703436
2015-03-01 05:35:00,3.7305605786618448
2015-03-01 05:40:00,3.402350813743219
2015-03-01 05:45:00,2.91500904159132
2015-03-01 05:50:00,2.666365280289331
2015-03-01 05:55:00,2.4873417721518987
2015-03-01 06:00:00,2.5171790235081373
2015-03-01 06:05:00,2.5569620253164556
2015-03-01 06:10:00,2.6663652802893307
2015-03-01 06:15:00,2.7260397830018084
2015-03-01 06:20:00,2.7757685352622063
2015-03-01 06:25:00,2.7558770343580474
2015-03-01 06:30:00,2.7260397830018084
2015-03-01 06:35:00,2.666365280289331
2015-03-01 06:40:00,2.5470162748643763
2015-03-01 06:45:00,2.4276672694394215
2015-03-01 06:50:00,2.2188065099457503
2015-03-01 06:55:00,2.059674502712477
2015-03-01 07:00:00,2.0198915009041594
2015-03-01 07:05:00,2.0198915009041594
2015-03-01 07:10:00,2.0198915009041594
2015-03-01 07:15:00,2.0198915009041594
2015-03-01 07:20:00,2.0795660036166366
2015-03-01 07:25:00,2.2386980108499093
2015-03-01 07:30:00,2.497287522603978
2015-03-01 07:35:00,2.5669077757685352
2015-03-01 07:40:00,2.507233273056058
2015-03-01 07:45:00,2.348101265822785
2015-03-01 07:50:00,2.089511754068716
2015-03-01 07:55:00,2.0198915009041594
2015-03-01 08:00:00,2.0
2015-03-01 08:05:00,2.4873417721518987
2015-03-01 08:10:00,2.9547920433996384
2015-03-01 08:15:00,3.3227848101265822
2015-03-01 08:20:00,3.3227848101265822
2015-03-01 08:25:00,2.8354430379746836
2015-03-01 08:30:00,2.387884267631103
2015-03-01 08:35:00,2.0397830018083183
2015-03-01 08:40:00,2.0397830018083183
2015-03-01 08:45:00,2.0397830018083183
2015-03-01 08:50:00,2.0198915009041594
2015-03-01 08:55:00,2.0
2015-03-01 09:00:00,2.1292947558770345
2015-03-01 09:05:00,2.278481012658228
2015-03-01 09:10:00,2.348101265822785
2015-03-01 09:15:00,2.348101265822785
2015-03-01 09:20:00,2.2188065099457503
2015-03-01 09:25:00,2.0696202531645573
2015-03-01 09:30:00,2.0
2015-03-01 09:35:00,2.0
2015-03-01 09:40:00,2.0
2015-03-01 09:45:00,2.0
2015-03-01 09:50:00,2.0
2015-03-01 09:55:00,2.0
2015-03-01 10:00:00,2.0
2015-03-01 10:05:00,2.0
2015-03-01 10:10:00,2.0
2015-03-01 10:15:00,2.0
2015-03-01 10:20:00,2.0
2015-03-01 10:25:00,2.0
2015-03-01 10:30:00,2.0
2015-03-01 10:35:00,2.0
2015-03-01 10:40:00,2.0
2015-03-01 10:45:00,2.0
2015-03-01 10:50:00,2.0198915009041594
2015-03-01 10:55:00,2.109403254972875
2015-03-01 11:00:00,2.1392405063291138
2015-03-01 11:05:00,2.1392405063291138
2015-03-01 11:10:00,2.119349005424955
2015-03-01 11:15:00,2.0298372513562386
2015-03-01 11:20:00,2.0
2015-03-01 11:25:00,2.0
2015-03-01 11:30:00,2.0
2015-03-01 11:35:00,2.1392405063291138
2015-03-01 11:40:00,2.2386980108499097
2015-03-01 11:45:00,2.2685352622061483
2015-03-01 11:50:00,2.2685352622061483
2015-03-01 11:55:00,2.1292947558770345
2015-03-01 12:00:00,2.1292947558770345
2015-03-01 12:05:00,2.2585895117540686
2015-03-01 12:10:00,2.3580470162748646
2015-03-01 12:15:00,2.3580470162748646
2015-03-01 12:20:00,2.2585895117540686
2015-03-01 12:25:00,2.0994575045207955
2015-03-01 12:30:00,2.0
2015-03-01 12:35:00,2.0
2015-03-01 12:40:00,2.0397830018083183
2015-03-01 12:45:00,2.1989150090415914
2015-03-01 12:50:00,2.387884267631103
2015-03-01 12:55:00,2.6365280289330926
2015-03-01 13:00:00,2.7956600361663653
2015-03-01 13:05:00,2.7757685352622063
2015-03-01 13:10:00,2.8951175406871608
2015-03-01 13:15:00,2.9746835443037978
2015-03-01 13:20:00,3.1238698010849912
2015-03-01 13:25:00,3.1238698010849912
2015-03-01 13:30:00,2.9945750452079567
2015-03-01 13:35:00,2.9050632911392404
2015-03-01 13:40:00,2.825497287522604
2015-03-01 13:45:00,3.0641952983725136
2015-03-01 13:50:00,3.1835443037974684
2015-03-01 13:55:00,3.2233273056057867
2015-03-01 14:00:00,3.2233273056057867
2015-03-01 14:05:00,3.213381555153707
2015-03-01 14:10:00,3.83996383363472
2015-03-01 14:15:00,4.357142857142858
2015-03-01 14:20:00,4.784810126582279
2015-03-01 14:25:00,4.615732368896926
2015-03-01 14:30:00,3.8300180831826403
2015-03-01 14:35:00,3.2531645569620253
2015-03-01 14:40:00,2.755877034358047
2015-03-01 14:45:00,2.7160940325497287
2015-03-01 14:50:00,2.636528028933092
2015-03-01 14:55:00,2.4177215189873418
2015-03-01 15:00:00,2.2884267631103077
2015-03-01 15:05:00,2.2585895117540686
2015-03-01 15:10:00,2.348101265822785
2015-03-01 15:15:00,2.507233273056058
2015-03-01 15:20:00,2.6066907775768535
2015-03-01 15:25:00,2.666365280289331
2015-03-01 15:30:00,2.6962025316455698
2015-03-01 15:35:00,2.6962025316455698
2015-03-01 15:40:00,2.964737793851718
2015-03-01 15:45:00,4.337251356238698
2015-03-01 15:50:00,6.1075949367088604
2015-03-01 15:55:00,7.818264014466545
2015-03-01 16:00:00,8.255877034358047
2015-03-01 16:05:00,7.28119349005425
2015-03-01 16:10:00,6.008137432188065
2015-03-01 16:15:00,4.834538878842677
2015-03-01 16:20:00,4.794755877034358
2015-03-01 16:25:00,4.834538878842677
2015-03-01 16:30:00,4.695298372513562
2015-03-01 16:35:00,4.436708860759494
2015-03-01 16:40:00,3.9692585895117545
2015-03-01 16:45:00,3.720614828209765
2015-03-01 16:50:00,3.4520795660036168
2015-03-01 16:55:00,3.432188065099458
2015-03-01 17:00:00,3.5415913200723326
2015-03-01 17:05:00,3.7703435804701626
2015-03-01 17:10:00,4.018987341772152
2015-03-01 17:15:00,4.108499095840868
2015-03-01 17:20:00,4.05877034358047
2015-03-01 17:25:00,3.7504520795660037
2015-03-01 17:30:00,3.4421338155515375
2015-03-01 17:35:00,3.1835443037974684
2015-03-01 17:40:00,3.3625678119349005
2015-03-01 17:45:00,4.018987341772152
2015-03-01 17:50:00,4.74502712477396
2015-03-01 17:55:00,5.719710669077758
2015-03-01 18:00:00,6.008137432188065
2015-03-01 18:05:00,5.968354430379747
2015-03-01 18:10:00,5.3517179023508135
2015-03-01 18:15:00,4.52622061482821
2015-03-01 18:20:00,3.9891500904159134
2015-03-01 18:25:00,3.5415913200723326
2015-03-01 18:30:00,3.6509945750452077
2015-03-01 18:35:00,3.7802893309222423
2015-03-01 18:40:00,3.929475587703436
2015-03-01 18:45:00,4.138336347197107
2015-03-01 18:50:00,4.416817359855335
2015-03-01 18:55:00,4.625678119349006
2015-03-01 19:00:00,4.804701627486438
2015-03-01 19:05:00,4.8544303797468356
2015-03-01 19:10:00,4.874321880650995
2015-03-01 19:15:00,5.063291139240507
2015-03-01 19:20:00,5.122965641952984
2015-03-01 19:25:00,5.093128390596745
2015-03-01 19:30:00,4.814647377938517
2015-03-01 19:35:00,4.446654611211574
2015-03-01 19:40:00,4.227848101265823
2015-03-01 19:45:00,4.009041591320073
2015-03-01 19:50:00,3.989150090415914
2015-03-01 19:55:00,3.959312839059675
2015-03-01 20:00:00,3.869801084990958
2015-03-01 20:05:00,3.7603978300180834
2015-03-01 20:10:00,3.5515370705244123
2015-03-01 20:15:00,3.3128390596745025
2015-03-01 20:20:00,3.2531645569620253
2015-03-01 20:25:00,3.2531645569620253
2015-03-01 20:30:00,3.2531645569620253
2015-03-01 20:35:00,3.0940325497287526
2015-03-01 20:40:00,3.084086799276673
2015-03-01 20:45:00,3.3426763110307416
2015-03-01 20:50:00,3.859855334538879
2015-03-01 20:55:00,4.476491862567812
2015-03-01 21:00:00,4.774864376130199
2015-03-01 21:05:00,4.874321880650995
2015-03-01 21:10:00,4.8544303797468356
2015-03-01 21:15:00,5.073236889692586
2015-03-01 21:20:00,5.212477396021701
2015-03-01 21:25:00,5.242314647377938
2015-03-01 21:30:00,5.401446654611212
2015-03-01 21:35:00,5.341772151898734
2015-03-01 21:40:00,5.262206148282098
2015-03-01 21:45:00,4.834538878842676
2015-03-01 21:50:00,4.894213381555154
2015-03-01 21:55:00,5.789330922242315
2015-03-01 22:00:00,7.569620253164557
2015-03-01 22:05:00,9.528933092224232
2015-03-01 22:10:00,10.165461121157323
2015-03-01 22:15:00,9.270343580470161
2015-03-01 22:20:00,7.5
2015-03-01 22:25:00,5.958408679927667
2015-03-01 22:30:00,5.2124773960217
2015-03-01 22:35:00,5.0036166365280295
2015-03-01 22:40:00,5.013562386980109
2015-03-01 22:45:00,5.013562386980109
2015-03-01 22:50:00,4.844484629294755
2015-03-01 22:55:00,4.814647377938517
2015-03-01 23:00:00,4.784810126582279
2015-03-01 23:05:00,4.814647377938517
2015-03-01 23:10:00,4.874321880650995
2015-03-01 23:15:00,4.705244122965642
2015-03-01 23:20:00,4.406871609403255
2015-03-01 23:25:00,4.009041591320072
2015-03-01 23:30:00,3.6808318264014472
2015-03-01 23:35:00,3.5515370705244123
2015-03-01 23:40:00,3.670886075949367
2015-03-01 23:45:00,3.909584086799277
2015-03-01 23:50:00,4.207956600361664
2015-03-01 23:55:00,4.406871609403256
2015-03-02 00:00:00,4.566003616636529
2015-03-02 00:05:00,4.705244122965642
2015-03-02 00:10:00,4.725135623869802
2015-03-02 00:15:00,4.804701627486438
2015-03-02 00:20:00,4.635623869801085
2015-03-02 00:25:00,4.386980108499096
2015-03-02 00:30:00,4.009041591320073
2015-03-02 00:35:00,3.670886075949367
2015-03-02 00:40:00,3.4520795660036168
2015-03-02 00:45:00,3.332730560578662
2015-03-02 00:50:00,3.511754068716094
2015-03-02 00:55:00,3.720614828209765
2015-03-02 01:00:00,3.9792043399638333
2015-03-02 01:05:00,4.168173598553346
2015-03-02 01:10:00,4.217902350813744
2015-03-02 01:15:00,4.098553345388789
2015-03-02 01:20:00,3.939421338155516
2015-03-02 01:25:00,3.760397830018084
2015-03-02 01:30:00,3.660940325497288
2015-03-02 01:35:00,3.7007233273056057
2015-03-02 01:40:00,3.7504520795660037
2015-03-02 01:45:00,3.9593128390596743
2015-03-02 01:50:00,4.038878842676311
2015-03-02 01:55:00,4.138336347197107
2015-03-02 02:00:00,4.1482820976491865
2015-03-02 02:05:00,3.9990958408679926
2015-03-02 02:10:00,3.969258589511754
2015-03-02 02:15:00,3.869801084990958
2015-03-02 02:20:00,3.740506329113924
2015-03-02 02:25:00,3.7405063291139236
2015-03-02 02:30:00,3.631103074141049
2015-03-02 02:35:00,3.61121157323689
2015-03-02 02:40:00,3.4122965641952985
2015-03-02 02:45:00,3.163652802893309
2015-03-02 02:50:00,3.0741410488245933
2015-03-02 02:55:00,3.094032549728752
2015-03-02 03:00:00,3.4122965641952985
2015-03-02 03:05:00,3.5714285714285716
2015-03-02 03:10:00,3.6012658227848102
2015-03-02 03:15:00,3.37251356238698
2015-03-02 03:20:00,3.14376130198915
2015-03-02 03:25:00,3.2730560578661847
2015-03-02 03:30:00,3.83996383363472
2015-03-02 03:35:00,4.665461121157324
2015-03-02 03:40:00,5.401446654611211
2015-03-02 03:45:00,5.610307414104883
2015-03-02 03:50:00,5.272151898734178
2015-03-02 03:55:00,4.635623869801085
2015-03-02 04:00:00,3.9891500904159134
2015-03-02 04:05:00,3.60126582278481
2015-03-02 04:10:00,3.352622061482821
2015-03-02 04:15:00,3.3924050632911387
2015-03-02 04:20:00,3.6509945750452077
2015-03-02 04:25:00,3.83001808318264
2015-03-02 04:30:00,4.128390596745027
2015-03-02 04:35:00,4.367088607594937
2015-03-02 04:40:00,4.4466546112115735
2015-03-02 04:45:00,4.456600361663654
2015-03-02 04:50:00,4.2875226039783
2015-03-02 04:55:00,4.227848101265823
2015-03-02 05:00:00,4.207956600361664
2015-03-02 05:05:00,4.367088607594937
2015-03-02 05:10:00,4.5958408679927665
2015-03-02 05:15:00,4.6455696202531644
2015-03-02 05:20:00,4.546112115732369
2015-03-02 05:25:00,4.267631103074141
2015-03-02 05:30:00,3.959312839059675
2015-03-02 05:35:00,3.7106690777576854
2015-03-02 05:40:00,3.591320072332731
2015-03-02 05:45:00,3.6211573236889696
2015-03-02 05:50:00,3.7007233273056057
2015-03-02 05:55:00,3.6410488245931285
2015-03-02 06:00:00,3.4321880650994574
2015-03-02 06:05:00,3.1338155515370705
2015-03-02 06:10:00,2.8851717902350815
2015-03-02 06:15:00,2.8453887884267632
2015-03-02 06:20:00,2.9547920433996384
2015-03-02 06:25:00,3.094032549728752
2015-03-02 06:30:00,3.074141048824593
2015-03-02 06:35:00,2.8951175406871608
2015-03-02 06:40:00,2.7260397830018084
2015-03-02 06:45:00,2.5867992766726946
2015-03-02 06:50:00,2.497287522603979
2015-03-02 06:55:00,2.6365280289330926
2015-03-02 07:00:00,2.755877034358047
2015-03-02 07:05:00,2.9349005424954795
2015-03-02 07:10:00,2.9050632911392404
2015-03-02 07:15:00,2.7658227848101262
2015-03-02 07:20:00,2.6066907775768535
2015-03-02 07:25:00,2.4873417721518987
2015-03-02 07:30:00,2.6066907775768535
2015-03-02 07:35:00,2.6066907775768535
2015-03-02 07:40:00,2.68625678119349
2015-03-02 07:45:00,2.5669077757685357
2015-03-02 07:50:00,2.4873417721518987
2015-03-02 07:55:00,2.348101265822785
2015-03-02 08:00:00,2.2386980108499097
2015-03-02 08:05:00,2.5569620253164556
2015-03-02 08:10:00,3.0244122965641953
2015-03-02 08:15:00,3.4719710669077757
2015-03-02 08:20:00,3.4520795660036168
2015-03-02 08:25:00,3.0741410488245933
2015-03-02 08:30:00,2.507233273056058
2015-03-02 08:35:00,2.119349005424955
2015-03-02 08:40:00,2.338155515370705
2015-03-02 08:45:00,2.7260397830018084
2015-03-02 08:50:00,3.094032549728752
2015-03-02 08:55:00,3.193490054249548
2015-03-02 09:00:00,3.15370705244123
2015-03-02 09:05:00,2.954792043399639
2015-03-02 09:10:00,2.6962025316455698
2015-03-02 09:15:00,2.5370705244122966
2015-03-02 09:20:00,2.298372513562387
2015-03-02 09:25:00,2.1889692585895117
2015-03-02 09:30:00,2.109403254972875
2015-03-02 09:35:00,2.159132007233273
2015-03-02 09:40:00,2.159132007233273
2015-03-02 09:45:00,2.2884267631103072
2015-03-02 09:50:00,2.45750452079566
2015-03-02 09:55:00,2.6663652802893307
2015-03-02 10:00:00,2.865280289330922
2015-03-02 10:05:00,2.805605786618445
2015-03-02 10:10:00,2.7459312839059673
2015-03-02 10:15:00,2.4873417721518987
2015-03-02 10:20:00,2.2884267631103072
2015-03-02 10:25:00,2.3083182640144666
2015-03-02 10:30:00,2.45750452079566
2015-03-02 10:35:00,2.7956600361663653
2015-03-02 10:40:00,3.054249547920434
2015-03-02 10:45:00,3.113924050632911
2015-03-02 10:50:00,3.0741410488245933
2015-03-02 10:55:00,2.9547920433996384
2015-03-02 11:00:00,3.2233273056057867
2015-03-02 11:05:00,3.561482820976492
2015-03-02 11:10:00,3.9394213381555154
2015-03-02 11:15:00,4.038878842676311
2015-03-02 11:20:00,3.869801084990958
2015-03-02 11:25:00,3.621157323688969
2015-03-02 11:30:00,3.283001808318264
2015-03-02 11:35:00,3.1735985533453888
2015-03-02 11:40:00,3.163652802893309
2015-03-02 11:45:00,3.3128390596745025
2015-03-02 11:50:00,3.5316455696202533
2015-03-02 11:55:00,3.710669077757685
2015-03-02 12:00:00,3.7405063291139236
2015-03-02 12:05:00,3.631103074141049
2015-03-02 12:10:00,3.491862567811935
2015-03-02 12:15:00,3.3924050632911396
2015-03-02 12:20:00,3.38245931283906
2015-03-02 12:25:00,3.422242314647378
2015-03-02 12:30:00,3.541591320072333
2015-03-02 12:35:00,3.760397830018084
2015-03-02 12:40:00,3.810126582278481
2015-03-02 12:45:00,3.9294755877034357
2015-03-02 12:50:00,4.048824593128391
2015-03-02 12:55:00,4.217902350813743
2015-03-02 13:00:00,4.367088607594937
2015-03-02 13:05:00,4.30741410488246
2015-03-02 13:10:00,4.277576853526221
2015-03-02 13:15:00,4.29746835443038
2015-03-02 13:20:00,4.466546112115733
2015-03-02 13:25:00,4.635623869801085
2015-03-02 13:30:00,4.794755877034358
2015-03-02 13:35:00,4.884267631103074
2015-03-02 13:40:00,5.053345388788427
2015-03-02 13:45:00,5.182640144665461
2015-03-02 13:50:00,5.162748643761302
2015-03-02 13:55:00,5.22242314647378
2015-03-02 14:00:00,5.232368896925859
2015-03-02 14:05:00,5.510849909584087
2015-03-02 14:10:00,5.958408679927668
2015-03-02 14:15:00,6.435804701627486
2015-03-02 14:20:00,6.684448462929476
2015-03-02 14:25:00,6.4656419529837255
2015-03-02 14:30:00,6.127486437613019
2015-03-02 14:35:00,5.6600361663652805
2015-03-02 14:40:00,5.3517179023508135
2015-03-02 14:45:00,5.301989150090416
2015-03-02 14:50:00,5.481012658227848
2015-03-02 14:55:00,5.819168173598554
2015-03-02 15:00:00,6.127486437613019
2015-03-02 15:05:00,6.336347197106691
2015-03-02 15:10:00,5.9683544303797476
2015-03-02 15:15:00,5.958408679927668
2015-03-02 15:20:00,6.674502712477397
2015-03-02 15:25:00,8.315551537070524
2015-03-02 15:30:00,12.701627486437612
2015-03-02 15:35:00,17.018083182640144
2015-03-02 15:40:00,20.638336347197104
2015-03-02 15:45:00,22.130198915009043
2015-03-02 15:50:00,20.53887884267631
2015-03-02 15:55:00,18.032549728752258
2015-03-02 16:00:00,15.188065099457503
2015-03-02 16:05:00,13.18896925858951
2015-03-02 16:10:00,11.64737793851718
2015-03-02 16:15:00,10.732368896925857
2015-03-02 16:20:00,10.195298372513562
2015-03-02 16:25:00,10.095840867992766
2015-03-02 16:30:00,9.77757685352622
2015-03-02 16:35:00,9.021699819168173
2015-03-02 16:40:00,8.275768535262205
2015-03-02 16:45:00,7.6292947558770345
2015-03-02 16:50:00,7.589511754068716
2015-03-02 16:55:00,7.858047016274864
2015-03-02 17:00:00,8.116636528028934
2015-03-02 17:05:00,8.61392405063291
2015-03-02 17:10:00,8.773056057866183
2015-03-02 17:15:00,8.971971066907775
2015-03-02 17:20:00,8.922242314647377
2015-03-02 17:25:00,8.564195298372514
2015-03-02 17:30:00,8.21609403254973
2015-03-02 17:35:00,7.71880650994575
2015-03-02 17:40:00,7.330922242314648
2015-03-02 17:45:00,6.962929475587703
2015-03-02 17:50:00,6.475587703435805
2015-03-02 17:55:00,6.157323688969259
2015-03-02 18:00:00,5.998191681735985
2015-03-02 18:05:00,6.12748643761302
2015-03-02 18:10:00,6.396021699819169
2015-03-02 18:15:00,6.594936708860759
2015-03-02 18:20:00,6.793851717902351
2015-03-02 18:25:00,6.933092224231465
2015-03-02 18:30:00,7.400542495479204
2015-03-02 18:35:00,7.768535262206147
2015-03-02 18:40:00,7.867992766726944
2015-03-02 18:45:00,7.688969258589512
2015-03-02 18:50:00,7.340867992766727
2015-03-02 18:55:00,7.2215189873417724
2015-03-02 19:00:00,7.2215189873417724
2015-03-02 19:05:00,7.1717902350813745
2015-03-02 19:10:00,7.05244122965642
2015-03-02 19:15:00,6.58499095840868
2015-03-02 19:20:00,6.246835443037974
2015-03-02 19:25:00,6.107594936708861
2015-03-02 19:30:00,6.147377938517179
2015-03-02 19:35:00,6.256781193490054
2015-03-02 19:40:00,6.256781193490054
2015-03-02 19:45:00,6.11754068716094
2015-03-02 19:50:00,6.3661844484629295
2015-03-02 19:55:00,6.83363471971067
2015-03-02 20:00:00,7.669077757685353
2015-03-02 20:05:00,8.047016274864378
2015-03-02 20:10:00,8.056962025316457
2015-03-02 20:15:00,7.96745027124774
2015-03-02 20:20:00,7.788426763110308
2015-03-02 20:25:00,7.9873417721518996
2015-03-02 20:30:00,7.718806509945751
2015-03-02 20:35:00,7.370705244122966
2015-03-02 20:40:00,6.982820976491864
2015-03-02 20:45:00,7.002712477396022
2015-03-02 20:50:00,7.370705244122966
2015-03-02 20:55:00,7.738698010849911
2015-03-02 21:00:00,7.917721518987342
2015-03-02 21:05:00,7.838155515370706
2015-03-02 21:10:00,7.49005424954792
2015-03-02 21:15:00,7.141952983725135
2015-03-02 21:20:00,6.883363471971066
2015-03-02 21:25:00,7.161844484629294
2015-03-02 21:30:00,7.649186256781194
2015-03-02 21:35:00,8.086799276672693
2015-03-02 21:40:00,7.858047016274863
2015-03-02 21:45:00,6.883363471971067
2015-03-02 21:50:00,5.819168173598554
2015-03-02 21:55:00,4.9538878842676315
2015-03-02 22:00:00,4.993670886075949
2015-03-02 22:05:00,5.699819168173599
2015-03-02 22:10:00,6.734177215189874
2015-03-02 22:15:00,7.599457504520795
2015-03-02 22:20:00,7.788426763110307
2015-03-02 22:25:00,7.191681735985534
2015-03-02 22:30:00,6.12748643761302
2015-03-02 22:35:00,5.063291139240507
2015-03-02 22:40:00,4.426763110307414
2015-03-02 22:45:00,4.317359855334539
2015-03-02 22:50:00,4.52622061482821
2015-03-02 22:55:00,4.864376130198915
2015-03-02 23:00:00,4.943942133815551
2015-03-02 23:05:00,4.824593128390597
2015-03-02 23:10:00,4.436708860759493
2015-03-02 23:15:00,4.128390596745027
2015-03-02 23:20:00,3.9891500904159134
2015-03-02 23:25:00,4.217902350813744
2015-03-02 23:30:00,4.5560578661844495
2015-03-02 23:35:00,5.7097649186256785
2015-03-02 23:40:00,7.062386980108499
2015-03-02 23:45:00,8.365280289330922
2015-03-02 23:50:00,9.071428571428571
2015-03-02 23:55:00,8.693490054249548
2015-03-03 00:00:00,7.937613019891501
2015-03-03 00:05:00,6.982820976491863
2015-03-03 00:10:00,6.6645569620253164
2015-03-03 00:15:00,6.5650994575045205
2015-03-03 00:20:00,6.34629294755877
2015-03-03 00:25:00,5.849005424954791
2015-03-03 00:30:00,5.451175406871609
2015-03-03 00:35:00,4.933996383363472
2015-03-03 00:40:00,4.725135623869802
2015-03-03 00:45:00,4.6455696202531644
2015-03-03 00:50:00,4.5958408679927665
2015-03-03 00:55:00,4.943942133815552
2015-03-03 01:00:00,5.471066907775768
2015-03-03 01:05:00,6.097649186256781
2015-03-03 01:10:00,6.80379746835443
2015-03-03 01:15:00,7.191681735985534
2015-03-03 01:20:00,7.619349005424954
2015-03-03 01:25:00,8.126582278481013
2015-03-03 01:30:00,8.613924050632912
2015-03-03 01:35:00,9.081374321880652
2015-03-03 01:40:00,8.981916817359856
2015-03-03 01:45:00,8.524412296564195
2015-03-03 01:50:00,7.72875226039783
2015-03-03 01:55:00,7.0723327305605785
2015-03-03 02:00:00,6.734177215189873
2015-03-03 02:05:00,6.943037974683544
2015-03-03 02:10:00,7.211573236889693
2015-03-03 02:15:00,7.380650994575045
2015-03-03 02:20:00,7.28119349005425
2015-03-03 02:25:00,6.754068716094032
2015-03-03 02:30:00,6.177215189873417
2015-03-03 02:35:00,5.580470162748644
2015-03-03 02:40:00,5.172694394213382
2015-03-03 02:45:00,5.063291139240507
2015-03-03 02:50:00,5.122965641952984
2015-03-03 02:55:00,5.471066907775769
2015-03-03 03:00:00,5.789330922242314
2015-03-03 03:05:00,5.88878842676311
2015-03-03 03:10:00,5.699819168173599
2015-03-03 03:15:00,5.22242314647378
2015-03-03 03:20:00,4.794755877034358
2015-03-03 03:25:00,4.317359855334539
2015-03-03 03:30:00,3.979204339963834
2015-03-03 03:35:00,3.7504520795660037
2015-03-03 03:40:00,3.82007233273056
2015-03-03 03:45:00,4.06871609403255
2015-03-03 03:50:00,4.3969258589511755
2015-03-03 03:55:00,4.844484629294756
2015-03-03 04:00:00,7.141952983725136
2015-03-03 04:05:00,10.145569620253164
2015-03-03 04:10:00,13.586799276672695
2015-03-03 04:15:00,15.22784810126582
2015-03-03 04:20:00,14.302893309222423
2015-03-03 04:25:00,12.144665461121157
2015-03-03 04:30:00,9.280289330922242
2015-03-03 04:35:00,7.8779385171790235
2015-03-03 04:40:00,6.783905967450272
2015-03-03 04:45:00,6.256781193490054
2015-03-03 04:50:00,6.226943942133816
2015-03-03 04:55:00,6.624773960216999
2015-03-03 05:00:00,11.110307414104883
2015-03-03 05:05:00,15.575949367088608
2015-03-03 05:10:00,19.912296564195298
2015-03-03 05:15:00,22.150090415913198
2015-03-03 05:20:00,19.12658227848101
2015-03-03 05:25:00,15.844484629294755
2015-03-03 05:30:00,12.26401446654611
2015-03-03 05:35:00,10.125678119349004
2015-03-03 05:40:00,8.85262206148282
2015-03-03 05:45:00,7.460216998191681
2015-03-03 05:50:00,6.1175406871609415
2015-03-03 05:55:00,4.963833634719711
2015-03-03 06:00:00,4.386980108499095
2015-03-03 06:05:00,4.516274864376131
2015-03-03 06:10:00,5.033453887884268
2015-03-03 06:15:00,7.698915009041592
2015-03-03 06:20:00,10.48372513562387
2015-03-03 06:25:00,12.880650994575046
2015-03-03 06:30:00,13.19891500904159
2015-03-03 06:35:00,10.901446654611211
2015-03-03 06:40:00,8.17631103074141
2015-03-03 06:45:00,5.331826401446655
2015-03-03 06:50:00,4.217902350813744
2015-03-03 06:55:00,3.720614828209765
2015-03-03 07:00:00,3.352622061482821
2015-03-03 07:05:00,3.1835443037974684
2015-03-03 07:10:00,3.5515370705244123
2015-03-03 07:15:00,3.909584086799277
2015-03-03 07:20:00,4.456600361663653
2015-03-03 07:25:00,4.74502712477396
2015-03-03 07:30:00,4.715189873417722
2015-03-03 07:35:00,4.51627486437613
2015-03-03 07:40:00,3.9891500904159134
2015-03-03 07:45:00,3.5316455696202533
2015-03-03 07:50:00,3.3426763110307416
2015-03-03 07:55:00,3.4321880650994574
2015-03-03 08:00:00,3.7405063291139244
2015-03-03 08:05:00,4.108499095840869
2015-03-03 08:10:00,4.1482820976491865
2015-03-03 08:15:00,4.1482820976491865
2015-03-03 08:20:00,4.038878842676311
2015-03-03 08:25:00,3.8896925858951175
2015-03-03 08:30:00,3.7504520795660037
2015-03-03 08:35:00,3.3227848101265822
2015-03-03 08:40:00,2.9050632911392404
2015-03-03 08:45:00,2.5171790235081373
2015-03-03 08:50:00,2.248643761301989
2015-03-03 08:55:00,2.2784810126582276
2015-03-03 09:00:00,2.5271247739602165
2015-03-03 09:05:00,2.726039783001808
2015-03-03 09:10:00,2.755877034358047
2015-03-03 09:15:00,2.596745027124774
2015-03-03 09:20:00,2.4276672694394215
2015-03-03 09:25:00,2.3779385171790235
2015-03-03 09:30:00,2.387884267631103
2015-03-03 09:35:00,2.3580470162748646
2015-03-03 09:40:00,2.3282097649186255
2015-03-03 09:45:00,2.2685352622061483
2015-03-03 09:50:00,2.328209764918626
2015-03-03 09:55:00,2.5470162748643763
2015-03-03 10:00:00,3.3426763110307416
2015-03-03 10:05:00,4.038878842676311
2015-03-03 10:10:00,4.5958408679927665
2015-03-03 10:15:00,4.516274864376131
2015-03-03 10:20:00,3.8001808318264017
2015-03-03 10:25:00,3.2830018083182644
2015-03-03 10:30:00,2.815551537070524
2015-03-03 10:35:00,3.0443037974683547
2015-03-03 10:40:00,2.9846292947558775
2015-03-03 10:45:00,2.7757685352622063
2015-03-03 10:50:00,2.5867992766726946
2015-03-03 10:55:00,2.4376130198915007
2015-03-03 11:00:00,2.6663652802893307
2015-03-03 11:05:00,2.865280289330922
2015-03-03 11:10:00,3.0244122965641953
2015-03-03 11:15:00,3.0045207956600364
2015-03-03 11:20:00,3.0244122965641953
2015-03-03 11:25:00,3.2233273056057867
2015-03-03 11:30:00,3.4321880650994574
2015-03-03 11:35:00,3.561482820976492
2015-03-03 11:40:00,3.5018083182640147
2015-03-03 11:45:00,3.37251356238698
2015-03-03 11:50:00,3.3227848101265822
2015-03-03 11:55:00,3.422242314647378
2015-03-03 12:00:00,3.6410488245931285
2015-03-03 12:05:00,3.9195298372513565
2015-03-03 12:10:00,4.217902350813743
2015-03-03 12:15:00,4.496383363471971
2015-03-03 12:20:00,4.575949367088608
2015-03-03 12:25:00,4.585895117540687
2015-03-03 12:30:00,4.566003616636529
2015-03-03 12:35:00,4.844484629294756
2015-03-03 12:40:00,5.132911392405063
2015-03-03 12:45:00,5.341772151898734
2015-03-03 12:50:00,5.2025316455696204
2015-03-03 12:55:00,5.620253164556962
2015-03-03 13:00:00,6.823688969258589
2015-03-03 13:05:00,8.534358047016275
2015-03-03 13:10:00,10.264918625678119
2015-03-03 13:15:00,10.563291139240505
2015-03-03 13:20:00,9.847197106690777
2015-03-03 13:25:00,8.295660036166366
2015-03-03 13:30:00,7.012658227848101
2015-03-03 13:35:00,6.515370705244123
2015-03-03 13:40:00,8.434900542495479
2015-03-03 13:45:00,11.905967450271248
2015-03-03 13:50:00,15.7251356238698
2015-03-03 13:55:00,17.485533453887882
2015-03-03 14:00:00,16.540687160940326
2015-03-03 14:05:00,14.123869801084991
2015-03-03 14:10:00,11.130198915009041
2015-03-03 14:15:00,9.886980108499095
2015-03-03 14:20:00,9.28028933092224
2015-03-03 14:25:00,9.33001808318264
2015-03-03 14:30:00,9.379746835443038
2015-03-03 14:35:00,9.747739602169982
2015-03-03 14:40:00,10.135623869801085
2015-03-03 14:45:00,10.145569620253163
2015-03-03 14:50:00,10.284810126582279
2015-03-03 14:55:00,9.926763110307414
2015-03-03 15:00:00,9.608499095840868
2015-03-03 15:05:00,9.280289330922242
2015-03-03 15:10:00,9.081374321880652
2015-03-03 15:15:00,9.170886075949367
2015-03-03 15:20:00,9.091320072332731
2015-03-03 15:25:00,9.031645569620252
2015-03-03 15:30:00,8.802893309222423
2015-03-03 15:35:00,8.663652802893308
2015-03-03 15:40:00,8.812839059674502
2015-03-03 15:45:00,9.10126582278481
2015-03-03 15:50:00,9.489150090415912
2015-03-03 15:55:00,10.811934900542495
2015-03-03 16:00:00,13.089511754068715
2015-03-03 16:05:00,16.083182640144663
2015-03-03 16:10:00,18.589511754068717
2015-03-03 16:15:00,19.45479204339964
2015-03-03 16:20:00,18.649186256781192
2015-03-03 16:25:00,16.70976491862568
2015-03-03 16:30:00,14.949367088607595
2015-03-03 16:35:00,13.795660036166364
2015-03-03 16:40:00,12.830922242314646
2015-03-03 16:45:00,12.005424954792044
2015-03-03 16:50:00,11.16998191681736
2015-03-03 16:55:00,10.334538878842675
2015-03-03 17:00:00,9.906871609403254
2015-03-03 17:05:00,9.55877034358047
2015-03-03 17:10:00,9.55877034358047
2015-03-03 17:15:00,9.499095840867993
2015-03-03 17:20:00,9.399638336347197
2015-03-03 17:25:00,9.518987341772151
2015-03-03 17:30:00,9.757685352622062
2015-03-03 17:35:00,10.433996383363471
2015-03-03 17:40:00,10.821880650994574
2015-03-03 17:45:00,10.752260397830016
2015-03-03 17:50:00,10.20524412296564
2015-03-03 17:55:00,9.439421338155515
2015-03-03 18:00:00,9.190777576853526
2015-03-03 18:05:00,9.190777576853527
2015-03-03 18:10:00,9.648282097649187
2015-03-03 18:15:00,10.145569620253163
2015-03-03 18:20:00,10.752260397830016
2015-03-03 18:25:00,11.1500904159132
2015-03-03 18:30:00,11.657323688969257
2015-03-03 18:35:00,11.935804701627484
2015-03-03 18:40:00,12.104882459312838
2015-03-03 18:45:00,12.264014466546111
2015-03-03 18:50:00,12.343580470162747
2015-03-03 18:55:00,12.383363471971066
2015-03-03 19:00:00,12.244122965641953
2015-03-03 19:05:00,12.124773960216997
2015-03-03 19:10:00,11.816455696202532
2015-03-03 19:15:00,11.468354430379746
2015-03-03 19:20:00,11.080470162748641
2015-03-03 19:25:00,10.742314647377938
2015-03-03 19:30:00,10.394213381555153
2015-03-03 19:35:00,10.45388788426763
2015-03-03 19:40:00,10.92133815551537
2015-03-03 19:45:00,11.577757685352621
2015-03-03 19:50:00,11.80650994575045
2015-03-03 19:55:00,11.547920433996383
2015-03-03 20:00:00,10.742314647377938
2015-03-03 20:05:00,10.066003616636529
2015-03-03 20:10:00,9.658227848101266
2015-03-03 20:15:00,9.509041591320074
2015-03-03 20:20:00,9.429475587703436
2015-03-03 20:25:00,9.518987341772153
2015-03-03 20:30:00,10.284810126582279
2015-03-03 20:35:00,10.961121157323689
2015-03-03 20:40:00,11.607594936708859
2015-03-03 20:45:00,12.26401446654611
2015-03-03 20:50:00,12.771247739602167
2015-03-03 20:55:00,15.745027124773959
2015-03-03 21:00:00,18.798372513562388
2015-03-03 21:05:00,21.543399638336346
2015-03-03 21:10:00,24.0
2015-03-03 21:15:00,24.0
2015-03-03 21:20:00,24.0
2015-03-03 21:25:00,24.0
2015-03-03 21:30:00,24.0
2015-03-03 21:35:00,24.0
2015-03-03 21:40:00,24.0
2015-03-03 21:45:00,24.0
2015-03-03 21:50:00,24.0
2015-03-03 21:55:00,24.0
2015-03-03 22:00:00,24.0
2015-03-03 22:05:00,24.0
2015-03-03 22:10:00,23.920433996383366
2015-03-03 22:15:00,22.557866184448464
2015-03-03 22:20:00,21.20524412296564
2015-03-03 22:25:00,19.812839059674502
2015-03-03 22:30:00,19.89240506329114
2015-03-03 22:35:00,21.254972875226038
2015-03-03 22:40:00,22.607594936708864
2015-03-03 22:45:00,24.0
2015-03-03 22:50:00,23.592224231464737
2015-03-03 22:55:00,22.358951175406872
2015-03-03 23:00:00,20.439421338155515
2015-03-03 23:05:00,17.863471971066907
2015-03-03 23:10:00,15.585895117540687
2015-03-03 23:15:00,14.372513562386978
2015-03-03 23:20:00,15.327305605786616
2015-03-03 23:25:00,17.903254972875224
2015-03-03 23:30:00,20.588607594936708
2015-03-03 23:35:00,23.035262206148282
2015-03-03 23:40:00,24.0
2015-03-03 23:45:00,24.0
2015-03-03 23:50:00,24.0
2015-03-03 23:55:00,24.0
2015-03-04 00:00:00,24.0
2015-03-04 00:05:00,24.0
2015-03-04 00:10:00,24.0
2015-03-04 00:15:00,24.0
2015-03-04 00:20:00,24.0
2015-03-04 00:25:00,24.0
2015-03-04 00:30:00,24.0
2015-03-04 00:35:00,24.0
2015-03-04 00:40:00,24.0
2015-03-04 00:45:00,24.0
2015-03-04 00:50:00,24.0
2015-03-04 00:55:00,23.741410488245933
2015-03-04 01:00:00,23.134719710669078
2015-03-04 01:05:00,22.59764918625678
2015-03-04 01:10:00,22.59764918625678
2015-03-04 01:15:00,22.85623869801085
2015-03-04 01:20:00,23.462929475587703
2015-03-04 01:25:00,24.0
2015-03-04 01:30:00,22.498191681735985
2015-03-04 01:35:00,20.3499095840868
2015-03-04 01:40:00,17.157323688969257
2015-03-04 01:45:00,13.596745027124772
2015-03-04 01:50:00,11.488245931283906
2015-03-04 01:55:00,10.016274864376129
2015-03-04 02:00:00,9.668173598553345
2015-03-04 02:05:00,9.170886075949367
2015-03-04 02:10:00,8.564195298372514
2015-03-04 02:15:00,7.738698010849909
2015-03-04 02:20:00,7.181735985533454
2015-03-04 02:25:00,7.778481012658227
2015-03-04 02:30:00,8.62386980108499
2015-03-04 02:35:00,9.33001808318264
2015-03-04 02:40:00,9.021699819168173
2015-03-04 02:45:00,8.017179023508138
2015-03-04 02:50:00,6.913200723327306
2015-03-04 02:55:00,6.187160940325498
2015-03-04 03:00:00,6.057866184448463
2015-03-04 03:05:00,5.988245931283906
2015-03-04 03:10:00,5.938517179023509
2015-03-04 03:15:00,6.008137432188066
2015-03-04 03:20:00,7.6790235081374325
2015-03-04 03:25:00,10.563291139240507
2015-03-04 03:30:00,15.08860759493671
2015-03-04 03:35:00,19.484629294755877
2015-03-04 03:40:00,22.349005424954793
2015-03-04 03:45:00,24.0
2015-03-04 03:50:00,22.36889692585895
2015-03-04 03:55:00,20.17088607594937
2015-03-04 04:00:00,18.48010849909584
2015-03-04 04:05:00,16.95840867992767
2015-03-04 04:10:00,16.92857142857143
2015-03-04 04:15:00,16.39150090415913
2015-03-04 04:20:00,14.690777576853527
2015-03-04 04:25:00,12.502712477396022
2015-03-04 04:30:00,10.195298372513562
2015-03-04 04:35:00,8.693490054249548
2015-03-04 04:40:00,7.490054249547921
2015-03-04 04:45:00,6.4656419529837255
2015-03-04 04:50:00,5.709764918625678
2015-03-04 04:55:00,5.292043399638336
2015-03-04 05:00:00,5.341772151898734
2015-03-04 05:05:00,5.4113924050632916
2015-03-04 05:10:00,5.451175406871609
2015-03-04 05:15:00,5.560578661844485
2015-03-04 05:20:00,5.7097649186256785
2015-03-04 05:25:00,5.849005424954792
2015-03-04 05:30:00,5.769439421338156
2015-03-04 05:35:00,5.421338155515371
2015-03-04 05:40:00,4.864376130198916
2015-03-04 05:45:00,4.406871609403256
2015-03-04 05:50:00,4.317359855334539
2015-03-04 05:55:00,4.436708860759494
2015-03-04 06:00:00,4.476491862567812
2015-03-04 06:05:00,4.30741410488246
2015-03-04 06:10:00,3.9195298372513565
2015-03-04 06:15:00,3.5714285714285716
2015-03-04 06:20:00,3.352622061482821
2015-03-04 06:25:00,3.3128390596745025
2015-03-04 06:30:00,3.402350813743219
2015-03-04 06:35:00,3.37251356238698
2015-03-04 06:40:00,3.3028933092224233
2015-03-04 06:45:00,3.1139240506329116
2015-03-04 06:50:00,2.805605786618445
2015-03-04 06:55:00,2.7260397830018084
2015-03-04 07:00:00,2.7857142857142856
2015-03-04 07:05:00,3.0641952983725136
2015-03-04 07:10:00,3.352622061482821
2015-03-04 07:15:00,3.4321880650994574
2015-03-04 07:20:00,3.4023508137432192
2015-03-04 07:25:00,3.203435804701628
2015-03-04 07:30:00,3.0045207956600364
2015-03-04 07:35:00,2.8254972875226043
2015-03-04 07:40:00,2.706148282097649
2015-03-04 07:45:00,2.755877034358047
2015-03-04 07:50:00,2.805605786618445
2015-03-04 07:55:00,2.7359855334538885
2015-03-04 08:00:00,2.616636528028933
2015-03-04 08:05:00,3.223327305605787
2015-03-04 08:10:00,5.162748643761302
2015-03-04 08:15:00,7.897830018083183
2015-03-04 08:20:00,10.215189873417721
2015-03-04 08:25:00,10.861663652802893
2015-03-04 08:30:00,9.658227848101266
2015-03-04 08:35:00,7.48010849909584
2015-03-04 08:40:00,5.2622061482820985
2015-03-04 08:45:00,3.770343580470163
2015-03-04 08:50:00,2.855334538878843
2015-03-04 08:55:00,2.2188065099457503
2015-03-04 09:00:00,2.119349005424955
2015-03-04 09:05:00,2.179023508137432
2015-03-04 09:10:00,2.298372513562387
2015-03-04 09:15:00,2.278481012658228
2015-03-04 09:20:00,2.1889692585895117
2015-03-04 09:25:00,2.119349005424955
2015-03-04 09:30:00,2.0
2015-03-04 09:35:00,2.0
2015-03-04 09:40:00,2.1392405063291138
2015-03-04 09:45:00,2.2884267631103077
2015-03-04 09:50:00,2.6365280289330926
2015-03-04 09:55:00,3.0741410488245933
2015-03-04 10:00:00,3.481916817359856
2015-03-04 10:05:00,3.7305605786618443
2015-03-04 10:10:00,3.61121157323689
2015-03-04 10:15:00,3.332730560578662
2015-03-04 10:20:00,2.9349005424954795
2015-03-04 10:25:00,2.656419529837251
2015-03-04 10:30:00,2.4972875226039783
2015-03-04 10:35:00,2.527124773960217
2015-03-04 10:40:00,2.596745027124774
2015-03-04 10:45:00,2.6564195298372515
2015-03-04 10:50:00,2.716094032549729
2015-03-04 10:55:00,2.676311030741411
2015-03-04 11:00:00,2.8155515370705246
2015-03-04 11:05:00,3.0741410488245933
2015-03-04 11:10:00,3.4321880650994574
2015-03-04 11:15:00,3.790235081374322
2015-03-04 11:20:00,3.8996383363471967
2015-03-04 11:25:00,4.098553345388789
2015-03-04 11:30:00,4.51627486437613
2015-03-04 11:35:00,4.774864376130199
2015-03-04 11:40:00,4.804701627486438
2015-03-04 11:45:00,4.317359855334539
2015-03-04 11:50:00,3.730560578661845
2015-03-04 11:55:00,3.3824593128390594
2015-03-04 12:00:00,3.7802893309222423
2015-03-04 12:05:00,4.536166365280289
2015-03-04 12:10:00,5.222423146473779
2015-03-04 12:15:00,5.351717902350814
2015-03-04 12:20:00,4.963833634719711
2015-03-04 12:25:00,4.575949367088608
2015-03-04 12:30:00,4.207956600361664
2015-03-04 12:35:00,4.3471971066907775
2015-03-04 12:40:00,4.367088607594937
2015-03-04 12:45:00,4.108499095840868
2015-03-04 12:50:00,3.7305605786618443
2015-03-04 12:55:00,3.4819168173598554
2015-03-04 13:00:00,3.9792043399638333
2015-03-04 13:05:00,4.884267631103073
2015-03-04 13:10:00,5.749547920433995
2015-03-04 13:15:00,5.998191681735985
2015-03-04 13:20:00,5.371609403254972
2015-03-04 13:25:00,4.675406871609403
2015-03-04 13:30:00,4.05877034358047
2015-03-04 13:35:00,4.138336347197107
2015-03-04 13:40:00,4.536166365280289
2015-03-04 13:45:00,4.97377938517179
2015-03-04 13:50:00,5.401446654611211
2015-03-04 13:55:00,5.5108499095840875
2015-03-04 14:00:00,5.66998191681736
2015-03-04 14:05:00,5.839059674502712
2015-03-04 14:10:00,6.35623869801085
2015-03-04 14:15:00,6.793851717902351
2015-03-04 14:20:00,7.012658227848101
2015-03-04 14:25:00,6.8137432188065095
2015-03-04 14:30:00,6.336347197106691
2015-03-04 14:35:00,5.978300180831827
2015-03-04 14:40:00,5.719710669077758
2015-03-04 14:45:00,5.779385171790236
2015-03-04 14:50:00,5.6600361663652805
2015-03-04 14:55:00,6.3164556962025316
2015-03-04 15:00:00,7.768535262206148
2015-03-04 15:05:00,10.324593128390596
2015-03-04 15:10:00,12.632007233273054
2015-03-04 15:15:00,13.67631103074141
2015-03-04 15:20:00,13.17902350813743
2015-03-04 15:25:00,11.36889692585895
2015-03-04 15:30:00,9.867088607594937
2015-03-04 15:35:00,8.743218806509946
2015-03-04 15:40:00,8.295660036166364
2015-03-04 15:45:00,8.007233273056057
2015-03-04 15:50:00,7.838155515370706
2015-03-04 15:55:00,7.828209764918626
2015-03-04 16:00:00,7.7287522603978305
2015-03-04 16:05:00,7.559674502712477
2015-03-04 16:10:00,7.311030741410489
2015-03-04 16:15:00,7.201627486437613
2015-03-04 16:20:00,7.1220614828209765
2015-03-04 16:25:00,7.251356238698011
2015-03-04 16:30:00,7.03254972875226
2015-03-04 16:35:00,6.863471971066907
2015-03-04 16:40:00,6.654611211573237
2015-03-04 16:45:00,6.455696202531646
2015-03-04 16:50:00,6.614828209764919
2015-03-04 16:55:00,6.684448462929476
2015-03-04 17:00:00,7.05244122965642
2015-03-04 17:05:00,7.2712477396021695
2015-03-04 17:10:00,7.400542495479204
2015-03-04 17:15:00,7.370705244122966
2015-03-04 17:20:00,7.201627486437613
2015-03-04 17:25:00,7.062386980108499
2015-03-04 17:30:00,6.952983725135624
2015-03-04 17:35:00,7.311030741410488
2015-03-04 17:40:00,7.74864376130199
2015-03-04 17:45:00,8.156419529837251
2015-03-04 17:50:00,8.007233273056059
2015-03-04 17:55:00,7.470162748643761
2015-03-04 18:00:00,7.022603978300181
2015-03-04 18:05:00,6.982820976491862
2015-03-04 18:10:00,7.579566003616636
2015-03-04 18:15:00,8.17631103074141
2015-03-04 18:20:00,8.66365280289331
2015-03-04 18:25:00,8.763110307414104
2015-03-04 18:30:00,8.802893309222423
2015-03-04 18:35:00,8.733273056057865
2015-03-04 18:40:00,8.63381555153707
2015-03-04 18:45:00,8.355334538878843
2015-03-04 18:50:00,7.8282097649186255
2015-03-04 18:55:00,7.2215189873417724
2015-03-04 19:00:00,11.110307414104883
2015-03-04 19:05:00,15.188065099457503
2015-03-04 19:10:00,19.524412296564194
2015-03-04 19:15:00,19.892405063291136
2015-03-04 19:20:00,15.794755877034358
2015-03-04 19:25:00,11.567811934900543
2015-03-04 19:30:00,7.330922242314648
2015-03-04 19:35:00,8.116636528028932
2015-03-04 19:40:00,9.230560578661844
2015-03-04 19:45:00,10.622965641952984
2015-03-04 19:50:00,11.13019891500904
2015-03-04 19:55:00,11.11030741410488
2015-03-04 20:00:00,11.746835443037973
2015-03-04 20:05:00,14.581374321880649
2015-03-04 20:10:00,18.311030741410487
2015-03-04 20:15:00,21.65280289330922
2015-03-04 20:20:00,20.916817359855337
2015-03-04 20:25:00,17.38607594936709
2015-03-04 20:30:00,13.358047016274865
2015-03-04 20:35:00,9.11121157323689
2015-03-04 20:40:00,7.95750452079566
2015-03-04 20:45:00,7.460216998191681
2015-03-04 20:50:00,7.8282097649186255
2015-03-04 20:55:00,8.564195298372514
2015-03-04 21:00:00,9.489150090415912
2015-03-04 21:05:00,10.523508137432188
2015-03-04 21:10:00,11.279385171790235
2015-03-04 21:15:00,12.154611211573236
2015-03-04 21:20:00,12.681735985533454
2015-03-04 21:25:00,12.582278481012658
2015-03-04 21:30:00,12.303797468354428
2015-03-04 21:35:00,11.5877034358047
2015-03-04 21:40:00,11.478300180831825
2015-03-04 21:45:00,11.458408679927665
2015-03-04 21:50:00,11.567811934900542
2015-03-04 21:55:00,12.383363471971066
2015-03-04 22:00:00,14.35262206148282
2015-03-04 22:05:00,17.465641952983724
2015-03-04 22:10:00,19.991862567811935
2015-03-04 22:15:00,20.48915009041591
2015-03-04 22:20:00,18.788426763110305
2015-03-04 22:25:00,16.759493670886073
2015-03-04 22:30:00,15.357142857142854
2015-03-04 22:35:00,14.531645569620252
2015-03-04 22:40:00,13.40777576853526
2015-03-04 22:45:00,11.269439421338154
2015-03-04 22:50:00,9.170886075949367
2015-03-04 22:55:00,8.086799276672693
2015-03-04 23:00:00,7.897830018083183
2015-03-04 23:05:00,8.017179023508138
2015-03-04 23:10:00,8.096745027124776
2015-03-04 23:15:00,8.405063291139241
2015-03-04 23:20:00,8.504520795660037
2015-03-04 23:25:00,8.41500904159132
2015-03-04 23:30:00,7.798372513562387
2015-03-04 23:35:00,6.883363471971067
2015-03-04 23:40:00,6.296564195298373
2015-03-04 23:45:00,6.097649186256781
2015-03-04 23:50:00,7.818264014466545
2015-03-04 23:55:00,10.493670886075948
2015-03-05 00:00:00,13.517179023508136
2015-03-05 00:05:00,15.575949367088608
2015-03-05 00:10:00,15.367088607594937
2015-03-05 00:15:00,13.805605786618443
2015-03-05 00:20:00,11.209764918625677
2015-03-05 00:25:00,9.449367088607595
2015-03-05 00:30:00,8.88245931283906
2015-03-05 00:35:00,9.031645569620252
2015-03-05 00:40:00,9.648282097649187
2015-03-05 00:45:00,10.00632911392405
2015-03-05 00:50:00,9.817359855334539
2015-03-05 00:55:00,10.553345388788426
2015-03-05 01:00:00,11.249547920433995
2015-03-05 01:05:00,11.945750452079565
2015-03-05 01:10:00,11.498191681735983
2015-03-05 01:15:00,10.00632911392405
2015-03-05 01:20:00,8.87251356238698
2015-03-05 01:25:00,8.365280289330922
2015-03-05 01:30:00,8.991862567811935
2015-03-05 01:35:00,9.409584086799276
2015-03-05 01:40:00,9.141048824593128
2015-03-05 01:45:00,8.534358047016275
2015-03-05 01:50:00,8.007233273056057
2015-03-05 01:55:00,7.559674502712478
2015-03-05 02:00:00,7.350813743218806
2015-03-05 02:05:00,7.191681735985534
2015-03-05 02:10:00,7.04249547920434
2015-03-05 02:15:00,6.943037974683544
2015-03-05 02:20:00,6.863471971066907
2015-03-05 02:25:00,6.883363471971067
2015-03-05 02:30:00,6.604882459312839
2015-03-05 02:35:00,6.2169981916817365
2015-03-05 02:40:00,5.88878842676311
2015-03-05 02:45:00,5.570524412296564
2015-03-05 02:50:00,5.461121157323689
2015-03-05 02:55:00,5.282097649186257
2015-03-05 03:00:00,5.282097649186257
2015-03-05 03:05:00,5.182640144665461
2015-03-05 03:10:00,5.19258589511754
2015-03-05 03:15:00,5.093128390596745
2015-03-05 03:20:00,4.933996383363472
2015-03-05 03:25:00,4.784810126582279
2015-03-05 03:30:00,4.655515370705245
2015-03-05 03:35:00,4.685352622061483
2015-03-05 03:40:00,4.506329113924051
2015-03-05 03:45:00,4.267631103074141
2015-03-05 03:50:00,3.9294755877034357
2015-03-05 03:55:00,3.6808318264014463
2015-03-05 04:00:00,3.5614828209764915
2015-03-05 04:05:00,3.4819168173598554
2015-03-05 04:10:00,3.402350813743219
2015-03-05 04:15:00,3.283001808318264
2015-03-05 04:20:00,3.491862567811935
2015-03-05 04:25:00,3.9195298372513565
2015-03-05 04:30:00,4.575949367088608
2015-03-05 04:35:00,4.914104882459313
2015-03-05 04:40:00,4.76491862567812
2015-03-05 04:45:00,4.2875226039783
2015-03-05 04:50:00,3.869801084990959
2015-03-05 04:55:00,3.700723327305606
2015-03-05 05:00:00,3.820072332730561
2015-03-05 05:05:00,3.989150090415914
2015-03-05 05:10:00,4.456600361663654
2015-03-05 05:15:00,4.943942133815552
2015-03-05 05:20:00,5.272151898734178
2015-03-05 05:25:00,5.182640144665461
2015-03-05 05:30:00,4.546112115732369
2015-03-05 05:35:00,3.8896925858951175
2015-03-05 05:40:00,3.3327305605786615
2015-03-05 05:45:00,3.342676311030741
2015-03-05 05:50:00,3.422242314647378
2015-03-05 05:55:00,3.4122965641952985
2015-03-05 06:00:00,3.173598553345389
2015-03-05 06:05:00,2.755877034358047
2015-03-05 06:10:00,2.358047016274864
2015-03-05 06:15:00,2.0795660036166366
2015-03-05 06:20:00,2.0795660036166366
2015-03-05 06:25:00,2.3083182640144666
2015-03-05 06:30:00,2.5470162748643763
2015-03-05 06:35:00,2.9349005424954795
2015-03-05 06:40:00,3.054249547920434
2015-03-05 06:45:00,2.934900542495479
2015-03-05 06:50:00,2.6962025316455693
2015-03-05 06:55:00,2.2784810126582276
2015-03-05 07:00:00,2.1392405063291138
2015-03-05 07:05:00,2.0298372513562386
2015-03-05 07:10:00,2.0298372513562386
2015-03-05 07:15:00,2.0298372513562386
2015-03-05 07:20:00,2.069620253164557
2015-03-05 07:25:00,2.1989150090415914
2015-03-05 07:30:00,2.2884267631103077
2015-03-05 07:35:00,2.338155515370705
2015-03-05 07:40:00,2.2685352622061483
2015-03-05 07:45:00,2.1392405063291138
2015-03-05 07:50:00,2.049728752260398
2015-03-05 07:55:00,2.0
2015-03-05 08:00:00,2.0
2015-03-05 08:05:00,2.0994575045207955
2015-03-05 08:10:00,2.2188065099457503
2015-03-05 08:15:00,2.358047016274864
2015-03-05 08:20:00,2.358047016274864
2015-03-05 08:25:00,2.258589511754069
2015-03-05 08:30:00,2.1392405063291138
2015-03-05 08:35:00,2.0
2015-03-05 08:40:00,2.0
2015-03-05 08:45:00,2.0
2015-03-05 08:50:00,2.0
2015-03-05 08:55:00,2.0
2015-03-05 09:00:00,2.0
2015-03-05 09:05:00,2.0
2015-03-05 09:10:00,2.0
2015-03-05 09:15:00,2.0
2015-03-05 09:20:00,2.0
2015-03-05 09:25:00,2.0
2015-03-05 09:30:00,2.0198915009041594
2015-03-05 09:35:00,2.0994575045207955
2015-03-05 09:40:00,2.0994575045207955
2015-03-05 09:45:00,2.0994575045207955
2015-03-05 09:50:00,2.0795660036166366
2015-03-05 09:55:00,2.0
2015-03-05 10:00:00,2.0
2015-03-05 10:05:00,2.0
2015-03-05 10:10:00,2.0
2015-03-05 10:15:00,2.0
2015-03-05 10:20:00,2.0
2015-03-05 10:25:00,2.0298372513562386
2015-03-05 10:30:00,2.069620253164557
2015-03-05 10:35:00,2.069620253164557
2015-03-05 10:40:00,2.069620253164557
2015-03-05 10:45:00,2.0397830018083183
2015-03-05 10:50:00,2.0
2015-03-05 10:55:00,2.0298372513562386
2015-03-05 11:00:00,2.3282097649186255
2015-03-05 11:05:00,2.6365280289330926
2015-03-05 11:10:00,2.91500904159132
2015-03-05 11:15:00,2.905063291139241
2015-03-05 11:20:00,2.606690777576854
2015-03-05 11:25:00,2.3083182640144666
2015-03-05 11:30:00,2.1690777576853524
2015-03-05 11:35:00,2.367992766726944
2015-03-05 11:40:00,2.7459312839059673
2015-03-05 11:45:00,3.123869801084991
2015-03-05 11:50:00,3.471971066907776
2015-03-05 11:55:00,3.6907775768535265
2015-03-05 12:00:00,3.8300180831826403
2015-03-05 12:05:00,3.909584086799277
2015-03-05 12:10:00,3.7106690777576854
2015-03-05 12:15:00,3.4719710669077752
2015-03-05 12:20:00,3.1437613019891497
2015-03-05 12:25:00,3.193490054249548
2015-03-05 12:30:00,3.3924050632911396
2015-03-05 12:35:00,3.6808318264014472
2015-03-05 12:40:00,3.660940325497288
2015-03-05 12:45:00,3.4520795660036168
2015-03-05 12:50:00,3.720614828209765
2015-03-05 12:55:00,4.864376130198915
2015-03-05 13:00:00,7.022603978300181
2015-03-05 13:05:00,9.7377938517179
2015-03-05 13:10:00,12.05515370705244
2015-03-05 13:15:00,13.42766726943942
2015-03-05 13:20:00,13.65641952983725
2015-03-05 13:25:00,13.009945750452077
2015-03-05 13:30:00,11.776672694394211
2015-03-05 13:35:00,9.886980108499095
2015-03-05 13:40:00,7.798372513562386
2015-03-05 13:45:00,5.669981916817359
2015-03-05 13:50:00,4.118444846292947
2015-03-05 13:55:00,3.3824593128390594
2015-03-05 14:00:00,4.416817359855334
2015-03-05 14:05:00,5.858951175406871
2015-03-05 14:10:00,7.360759493670885
2015-03-05 14:15:00,7.808318264014466
2015-03-05 14:20:00,6.972875226039783
2015-03-05 14:25:00,6.037974683544304
2015-03-05 14:30:00,5.083182640144665
2015-03-05 14:35:00,5.132911392405063
2015-03-05 14:40:00,5.122965641952984
2015-03-05 14:45:00,4.8544303797468356
2015-03-05 14:50:00,4.685352622061483
2015-03-05 14:55:00,4.625678119349005
2015-03-05 15:00:00,5.063291139240507
2015-03-05 15:05:00,5.44122965641953
2015-03-05 15:10:00,5.600361663652802
2015-03-05 15:15:00,5.520795660036167
2015-03-05 15:20:00,5.401446654611211
2015-03-05 15:25:00,5.6103074141048825
2015-03-05 15:30:00,5.898734177215189
2015-03-05 15:35:00,6.276672694394213
2015-03-05 15:40:00,6.823688969258589
2015-03-05 15:45:00,7.738698010849909
2015-03-05 15:50:00,8.653707052441229
2015-03-05 15:55:00,9.429475587703434
2015-03-05 16:00:00,9.518987341772151
2015-03-05 16:05:00,9.936708860759492
2015-03-05 16:10:00,10.314647377938515
2015-03-05 16:15:00,10.961121157323687
2015-03-05 16:20:00,11.100361663652802
2015-03-05 16:25:00,10.45388788426763
2015-03-05 16:30:00,9.518987341772151
2015-03-05 16:35:00,8.434900542495479
2015-03-05 16:40:00,7.887884267631104
2015-03-05 16:45:00,7.420433996383363
2015-03-05 16:50:00,7.231464737793851
2015-03-05 16:55:00,7.132007233273056
2015-03-05 17:00:00,7.112115732368896
2015-03-05 17:05:00,6.903254972875226
2015-03-05 17:10:00,6.5750452079566
2015-03-05 17:15:00,6.376130198915009
2015-03-05 17:20:00,6.455696202531645
2015-03-05 17:25:00,6.82368896925859
2015-03-05 17:30:00,7.211573236889693
2015-03-05 17:35:00,7.4701627486437605
2015-03-05 17:40:00,7.400542495479204
2015-03-05 17:45:00,7.201627486437612
2015-03-05 17:50:00,7.201627486437612
2015-03-05 17:55:00,7.440325497287522
2015-03-05 18:00:00,7.778481012658227
2015-03-05 18:05:00,7.917721518987341
2015-03-05 18:10:00,7.659132007233272
2015-03-05 18:15:00,7.082278481012658
2015-03-05 18:20:00,6.545207956600361
2015-03-05 18:25:00,6.4556962025316444
2015-03-05 18:30:00,6.654611211573236
2015-03-05 18:35:00,6.813743218806509
2015-03-05 18:40:00,6.734177215189872
2015-03-05 18:45:00,6.604882459312838
2015-03-05 18:50:00,6.9132007233273045
2015-03-05 18:55:00,7.480108499095841
2015-03-05 19:00:00,8.574141048824593
2015-03-05 19:05:00,9.12115732368897
2015-03-05 19:10:00,9.101265822784809
2015-03-05 19:15:00,8.564195298372512
2015-03-05 19:20:00,8.027124773960217
2015-03-05 19:25:00,7.867992766726943
2015-03-05 19:30:00,7.569620253164556
2015-03-05 19:35:00,7.251356238698009
2015-03-05 19:40:00,6.485533453887884
2015-03-05 19:45:00,5.719710669077757
2015-03-05 19:50:00,5.282097649186256
2015-03-05 19:55:00,5.341772151898734
2015-03-05 20:00:00,5.709764918625677
2015-03-05 20:05:00,5.918625678119348
2015-03-05 20:10:00,5.908679927667269
2015-03-05 20:15:00,5.6998191681735975
2015-03-05 20:20:00,5.560578661844485
2015-03-05 20:25:00,5.570524412296563
2015-03-05 20:30:00,6.0578661844484625
2015-03-05 20:35:00,6.594936708860758
2015-03-05 20:40:00,7.042495479204338
2015-03-05 20:45:00,7.271247739602169
2015-03-05 20:50:00,7.609403254972873
2015-03-05 20:55:00,8.14647377938517
2015-03-05 21:00:00,8.584086799276673
2015-03-05 21:05:00,8.852622061482819
2015-03-05 21:10:00,8.454792043399637
2015-03-05 21:15:00,7.7784810126582276
2015-03-05 21:20:00,6.933092224231464
2015-03-05 21:25:00,6.893309222423146
2015-03-05 21:30:00,7.092224231464737
2015-03-05 21:35:00,8.40506329113924
2015-03-05 21:40:00,9.648282097649187
2015-03-05 21:45:00,10.613019891500903
2015-03-05 21:50:00,10.772151898734176
2015-03-05 21:55:00,9.727848101265822
2015-03-05 22:00:00,8.594032549728752
2015-03-05 22:05:00,7.022603978300181
2015-03-05 22:10:00,6.167269439421338
2015-03-05 22:15:00,5.4511754068716085
2015-03-05 22:20:00,4.93399638336347
2015-03-05 22:25:00,4.566003616636527
2015-03-05 22:30:00,4.367088607594936
2015-03-05 22:35:00,4.436708860759493
2015-03-05 22:40:00,4.725135623869801
2015-03-05 22:45:00,5.073236889692586
2015-03-05 22:50:00,5.19258589511754
2015-03-05 22:55:00,5.292043399638336
2015-03-05 23:00:00,5.679927667269439
2015-03-05 23:05:00,6.226943942133815
2015-03-05 23:10:00,6.833634719710668
2015-03-05 23:15:00,6.823688969258589
2015-03-05 23:20:00,6.495479204339963
2015-03-05 23:25:00,6.10759493670886
2015-03-05 23:30:00,5.868896925858951
2015-03-05 23:35:00,5.759493670886075
2015-03-05 23:40:00,5.610307414104882
2015-03-05 23:45:00,5.600361663652802
2015-03-05 23:50:00,5.938517179023507
2015-03-05 23:55:00,7.102169981916816
2015-03-06 00:00:00,10.00632911392405
2015-03-06 00:05:00,14.511754068716094
2015-03-06 00:10:00,18.629294755877034
2015-03-06 00:15:00,22.16998191681736
2015-03-06 00:20:00,24.0
2015-03-06 00:25:00,24.0
2015-03-06 00:30:00,24.0
2015-03-06 00:35:00,23.134719710669078
2015-03-06 00:40:00,21.94122965641953
2015-03-06 00:45:00,20.827305605786616
2015-03-06 00:50:00,19.285714285714285
2015-03-06 00:55:00,17.754068716094032
2015-03-06 01:00:00,16.033453887884267
2015-03-06 01:05:00,13.89511754068716
2015-03-06 01:10:00,12.065099457504518
2015-03-06 01:15:00,10.911392405063289
2015-03-06 01:20:00,10.185352622061481
2015-03-06 01:25:00,9.379746835443036
2015-03-06 01:30:00,8.58408679927667
2015-03-06 01:35:00,7.858047016274863
2015-03-06 01:40:00,7.211573236889692
2015-03-06 01:45:00,6.893309222423146
2015-03-06 01:50:00,6.893309222423146
2015-03-06 01:55:00,6.992766726943941
2015-03-06 02:00:00,6.952983725135623
2015-03-06 02:05:00,6.704339963833633
2015-03-06 02:10:00,6.296564195298371
2015-03-06 02:15:00,6.2070524412296555
2015-03-06 02:20:00,6.3562386980108485
2015-03-06 02:25:00,6.903254972875225
2015-03-06 02:30:00,6.9629294755877025
2015-03-06 02:35:00,6.435804701627486
2015-03-06 02:40:00,5.510849909584087
2015-03-06 02:45:00,4.635623869801085
2015-03-06 02:50:00,4.297468354430379
2015-03-06 02:55:00,4.27757685352622
2015-03-06 03:00:00,4.6952983725135615
2015-03-06 03:05:00,5.490958408679926
2015-03-06 03:10:00,6.226943942133815
2015-03-06 03:15:00,6.77396021699819
2015-03-06 03:20:00,6.684448462929474
2015-03-06 03:25:00,6.047920433996382
2015-03-06 03:30:00,5.321880650994574
2015-03-06 03:35:00,4.794755877034358
2015-03-06 03:40:00,4.675406871609403
2015-03-06 03:45:00,4.51627486437613
2015-03-06 03:50:00,4.0886075949367084
2015-03-06 03:55:00,3.919529837251355
2015-03-06 04:00:00,3.810126582278481
2015-03-06 04:05:00,3.8996383363471963
2015-03-06 04:10:00,4.0388788426763105
2015-03-06 04:15:00,4.009041591320072
2015-03-06 04:20:00,3.9891500904159125
2015-03-06 04:25:00,3.7802893309222414
2015-03-06 04:30:00,3.700723327305605
2015-03-06 04:35:00,3.3924050632911382
2015-03-06 04:40:00,2.994575045207956
2015-03-06 04:45:00,2.6265822784810116
2015-03-06 04:50:00,2.4972875226039775
2015-03-06 04:55:00,2.755877034358046
2015-03-06 05:00:00,3.223327305605786
2015-03-06 05:05:00,3.6907775768535256
2015-03-06 05:10:00,3.889692585895117
2015-03-06 05:15:00,3.720614828209764
2015-03-06 05:20:00,3.5913200723327297
2015-03-06 05:25:00,3.4023508137432175
2015-03-06 05:30:00,3.402350813743218
2015-03-06 05:35:00,3.35262206148282
2015-03-06 05:40:00,3.213381555153706
2015-03-06 05:45:00,3.2332730560578655
2015-03-06 05:50:00,3.1835443037974676
2015-03-06 05:55:00,3.233273056057865
2015-03-06 06:00:00,3.103978300180831
2015-03-06 06:05:00,2.9846292947558766
2015-03-06 06:10:00,2.9150090415913192
2015-03-06 06:15:00,2.8155515370705233
2015-03-06 06:20:00,2.7459312839059664
2015-03-06 06:25:00,2.5569620253164547
2015-03-06 06:30:00,2.417721518987341
2015-03-06 06:35:00,2.2685352622061474
2015-03-06 06:40:00,2.248643761301988
2015-03-06 06:45:00,2.238698010849909
2015-03-06 06:50:00,2.298372513562386
2015-03-06 06:55:00,2.646473779385171
2015-03-06 07:00:00,2.944846292947558
2015-03-06 07:05:00,3.1338155515370696
2015-03-06 07:10:00,2.984629294755876
2015-03-06 07:15:00,2.646473779385171
2015-03-06 07:20:00,2.3282097649186246
2015-03-06 07:25:00,2.2188065099457495
2015-03-06 07:30:00,2.2884267631103064
2015-03-06 07:35:00,2.3182640144665454
2015-03-06 07:40:00,2.2784810126582267
2015-03-06 07:45:00,2.1591320072332723
2015-03-06 07:50:00,2.0795660036166357
2015-03-06 07:55:00,2.0397830018083174
2015-03-06 08:00:00,2.179023508137431
2015-03-06 08:05:00,2.765822784810126
2015-03-06 08:10:00,3.680831826401446
2015-03-06 08:15:00,4.566003616636527
2015-03-06 08:20:00,5.043399638336346
2015-03-06 08:25:00,4.6952983725135615
2015-03-06 08:30:00,3.919529837251355
2015-03-06 08:35:00,3.064195298372513
2015-03-06 08:40:00,2.487341772151898
2015-03-06 08:45:00,2.2585895117540677
2015-03-06 08:50:00,2.119349005424954
2015-03-06 08:55:00,2.049728752260397
2015-03-06 09:00:00,2.0596745027124768
2015-03-06 09:05:00,2.238698010849909
2015-03-06 09:10:00,2.348101265822784
2015-03-06 09:15:00,2.348101265822784
2015-03-06 09:20:00,2.298372513562386
2015-03-06 09:25:00,2.1094032549728743
2015-03-06 09:30:00,2.0
2015-03-06 09:35:00,2.0
2015-03-06 09:40:00,2.0
2015-03-06 09:45:00,2.0
2015-03-06 09:50:00,2.0
2015-03-06 09:55:00,2.1094032549728743
2015-03-06 10:00:00,2.2784810126582267
2015-03-06 10:05:00,2.387884267631102
2015-03-06 10:10:00,2.42766726943942
2015-03-06 10:15:00,2.3580470162748632
2015-03-06 10:20:00,2.2088607594936702
2015-03-06 10:25:00,2.099457504520795
2015-03-06 10:30:00,2.0596745027124768
2015-03-06 10:35:00,2.0198915009041585
2015-03-06 10:40:00,2.0298372513562377
2015-03-06 10:45:00,2.069620253164556
2015-03-06 10:50:00,2.1292947558770337
2015-03-06 10:55:00,2.2585895117540677
2015-03-06 11:00:00,2.487341772151898
2015-03-06 11:05:00,2.66636528028933
2015-03-06 11:10:00,2.7359855334538867
2015-03-06 11:15:00,2.696202531645569
2015-03-06 11:20:00,2.457504520795659
2015-03-06 11:25:00,2.4376130198915003
2015-03-06 11:30:00,2.477396021699818
2015-03-06 11:35:00,2.646473779385171
2015-03-06 11:40:00,2.7558770343580457
2015-03-06 11:45:00,2.7757685352622055
2015-03-06 11:50:00,2.934900542495478
2015-03-06 11:55:00,3.1338155515370696
2015-03-06 12:00:00,3.3625678119349
2015-03-06 12:05:00,3.452079566003616
2015-03-06 12:10:00,3.4321880650994565
2015-03-06 12:15:00,3.3725135623869793
2015-03-06 12:20:00,3.909584086799276
2015-03-06 12:25:00,4.3869801084990945
2015-03-06 12:30:00,4.874321880650994
2015-03-06 12:35:00,4.884267631103073
2015-03-06 12:40:00,4.377034358047015
2015-03-06 12:45:00,4.018987341772151
2015-03-06 12:50:00,3.6112115732368886
2015-03-06 12:55:00,3.6012658227848093
2015-03-06 13:00:00,3.7405063291139236
2015-03-06 13:05:00,3.9195298372513556
2015-03-06 13:10:00,4.158227848101265
2015-03-06 13:15:00,4.207956600361663
2015-03-06 13:20:00,3.9593128390596735
2015-03-06 13:25:00,3.7902350813743206
2015-03-06 13:30:00,3.760397830018082
2015-03-06 13:35:00,4.277576853526219
2015-03-06 13:40:00,5.043399638336346
2015-03-06 13:45:00,5.839059674502712
2015-03-06 13:50:00,6.216998191681736
2015-03-06 13:55:00,7.151898734177214
2015-03-06 14:00:00,11.60759493670886
2015-03-06 14:05:00,15.874321880650992
2015-03-06 14:10:00,20.399638336347195
2015-03-06 14:15:00,24.0
2015-03-06 14:20:00,24.0
2015-03-06 14:25:00,24.0
2015-03-06 14:30:00,24.0
2015-03-06 14:35:00,23.78119349005425
2015-03-06 14:40:00,22.42857142857143
2015-03-06 14:45:00,20.53887884267631
2015-03-06 14:50:00,18.201627486437612
2015-03-06 14:55:00,16.1627486437613
2015-03-06 15:00:00,15.486437613019891
2015-03-06 15:05:00,15.396925858951171
2015-03-06 15:10:00,15.207956600361662
2015-03-06 15:15:00,14.690777576853524
2015-03-06 15:20:00,13.785714285714285
2015-03-06 15:25:00,12.990054249547919
2015-03-06 15:30:00,12.333634719710668
2015-03-06 15:35:00,11.677215189873415
2015-03-06 15:40:00,10.851717902350813
2015-03-06 15:45:00,9.847197106690777
2015-03-06 15:50:00,9.101265822784809
2015-03-06 15:55:00,8.534358047016275
2015-03-06 16:00:00,8.375226039783001
2015-03-06 16:05:00,8.156419529837251
2015-03-06 16:10:00,8.037070524412295
2015-03-06 16:15:00,8.047016274864376
2015-03-06 16:20:00,8.255877034358047
2015-03-06 16:25:00,8.912296564195298
2015-03-06 16:30:00,9.479204339963832
2015-03-06 16:35:00,9.77757685352622
2015-03-06 16:40:00,9.509041591320072
2015-03-06 16:45:00,8.892405063291138
2015-03-06 16:50:00,8.534358047016273
2015-03-06 16:55:00,8.415009041591318
2015-03-06 17:00:00,8.61392405063291
2015-03-06 17:05:00,8.534358047016273
2015-03-06 17:10:00,8.007233273056057
2015-03-06 17:15:00,7.589511754068716
2015-03-06 17:20:00,7.549728752260396
2015-03-06 17:25:00,8.027124773960216
2015-03-06 17:30:00,8.862567811934898
2015-03-06 17:35:00,9.28028933092224
2015-03-06 17:40:00,9.09132007233273
2015-03-06 17:45:00,8.534358047016273
2015-03-06 17:50:00,7.768535262206147
2015-03-06 17:55:00,7.390596745027123
2015-03-06 18:00:00,6.903254972875225
2015-03-06 18:05:00,6.435804701627486
2015-03-06 18:10:00,6.873417721518987
2015-03-06 18:15:00,7.907775768535261
2015-03-06 18:20:00,9.568716094032549
2015-03-06 18:25:00,11.050632911392404
2015-03-06 18:30:00,11.537974683544302
2015-03-06 18:35:00,11.309222423146473
2015-03-06 18:40:00,10.603074141048824
2015-03-06 18:45:00,10.19529837251356
2015-03-06 18:50:00,10.085895117540685
2015-03-06 18:55:00,9.688065099457503
2015-03-06 19:00:00,9.270343580470161
2015-03-06 19:05:00,8.84267631103074
2015-03-06 19:10:00,8.534358047016275
2015-03-06 19:15:00,8.494575045207956
2015-03-06 19:20:00,8.275768535262205
2015-03-06 19:25:00,7.957504520795658
2015-03-06 19:30:00,7.48010849909584
2015-03-06 19:35:00,7.181735985533453
2015-03-06 19:40:00,11.35895117540687
2015-03-06 19:45:00,15.615732368896925
2015-03-06 19:50:00,19.88245931283906
2015-03-06 19:55:00,24.0
2015-03-06 20:00:00,24.0
2015-03-06 20:05:00,24.0
2015-03-06 20:10:00,23.66184448462929
2015-03-06 20:15:00,22.59764918625678
2015-03-06 20:20:00,20.976491862567812
2015-03-06 20:25:00,18.96745027124774
2015-03-06 20:30:00,17.445750452079565
2015-03-06 20:35:00,16.709764918625673
2015-03-06 20:40:00,16.41139240506329
2015-03-06 20:45:00,16.321880650994572
2015-03-06 20:50:00,16.033453887884264
2015-03-06 20:55:00,15.655515370705242
2015-03-06 21:00:00,15.01898734177215
2015-03-06 21:05:00,14.392405063291136
2015-03-06 21:10:00,13.537070524412293
2015-03-06 21:15:00,12.751356238698007
2015-03-06 21:20:00,12.094936708860757
2015-03-06 21:25:00,11.587703435804698
2015-03-06 21:30:00,11.518083182640142
2015-03-06 21:35:00,11.358951175406869
2015-03-06 21:40:00,11.547920433996381
2015-03-06 21:45:00,11.508137432188063
2015-03-06 21:50:00,11.289330922242312
2015-03-06 21:55:00,10.941229656419527
2015-03-06 22:00:00,10.264918625678117
2015-03-06 22:05:00,9.7377938517179
2015-03-06 22:10:00,9.210669077757682
2015-03-06 22:15:00,8.872513562386978
2015-03-06 22:20:00,8.56419529837251
2015-03-06 22:25:00,8.186256781193489
2015-03-06 22:30:00,7.758589511754067
2015-03-06 22:35:00,7.5099457504520775
2015-03-06 22:40:00,7.579566003616634
2015-03-06 22:45:00,8.424954792043398
2015-03-06 22:50:00,9.469258589511751
2015-03-06 22:55:00,10.603074141048822
2015-03-06 23:00:00,11.110307414104879
2015-03-06 23:05:00,10.732368896925855
2015-03-06 23:10:00,9.936708860759492
2015-03-06 23:15:00,8.872513562386978
2015-03-06 23:20:00,8.355334538878841
2015-03-06 23:25:00,8.096745027124772
2015-03-06 23:30:00,7.937613019891499
2015-03-06 23:35:00,7.68896925858951
2015-03-06 23:40:00,7.370705244122965
2015-03-06 23:45:00,7.072332730560577
2015-03-06 23:50:00,7.072332730560577
2015-03-06 23:55:00,7.171790235081373
2015-03-07 00:00:00,7.191681735985531
2015-03-07 00:05:00,7.082278481012656
2015-03-07 00:10:00,6.624773960216996
2015-03-07 00:15:00,6.167269439421337
2015-03-07 00:20:00,5.769439421338154
2015-03-07 00:25:00,5.64014466546112
2015-03-07 00:30:00,6.037974683544302
2015-03-07 00:35:00,6.76401446654611
2015-03-07 00:40:00,7.967450271247737
2015-03-07 00:45:00,8.952079566003615
2015-03-07 00:50:00,9.180831826401445
2015-03-07 00:55:00,8.623869801084988
2015-03-07 01:00:00,7.4602169981916795
2015-03-07 01:05:00,6.405967450271246
2015-03-07 01:10:00,5.62025316455696
2015-03-07 01:15:00,5.361663652802891
2015-03-07 01:20:00,5.222423146473778
2015-03-07 01:25:00,5.053345388788426
2015-03-07 01:30:00,4.874321880650993
2015-03-07 01:35:00,4.526220614828208
2015-03-07 01:40:00,4.2875226039782985
2015-03-07 01:45:00,4.128390596745025
2015-03-07 01:50:00,4.267631103074139
2015-03-07 01:55:00,4.406871609403254
2015-03-07 02:00:00,4.436708860759492
2015-03-07 02:05:00,4.367088607594935
2015-03-07 02:10:00,4.297468354430379
2015-03-07 02:15:00,4.3869801084990945
2015-03-07 02:20:00,4.48643761301989
2015-03-07 02:25:00,4.665461121157322
2015-03-07 02:30:00,4.665461121157322
2015-03-07 02:35:00,4.546112115732368
2015-03-07 02:40:00,4.267631103074139
2015-03-07 02:45:00,3.8797468354430364
2015-03-07 02:50:00,3.6311030741410475
2015-03-07 02:55:00,3.8797468354430364
2015-03-07 03:00:00,4.367088607594935
2015-03-07 03:05:00,4.8942133815551525
2015-03-07 03:10:00,4.973779385171788
2015-03-07 03:15:00,4.546112115732368
2015-03-07 03:20:00,3.979204339963832
2015-03-07 03:25:00,3.452079566003615
2015-03-07 03:30:00,3.452079566003615
2015-03-07 03:35:00,3.6808318264014446
2015-03-07 03:40:00,3.8499095840867974
2015-03-07 03:45:00,3.999095840867991
2015-03-07 03:50:00,4.0289330922242295
2015-03-07 03:55:00,4.1383363471971055
2015-03-07 04:00:00,4.436708860759492
2015-03-07 04:05:00,4.556057866184448
2015-03-07 04:10:00,4.546112115732368
2015-03-07 04:15:00,4.24773960216998
2015-03-07 04:20:00,4.088607594936708
2015-03-07 04:25:00,4.267631103074139
2015-03-07 04:30:00,4.50632911392405
2015-03-07 04:35:00,4.70524412296564
2015-03-07 04:40:00,4.566003616636527
2015-03-07 04:45:00,4.148282097649185
2015-03-07 04:50:00,3.7802893309222405
2015-03-07 04:55:00,3.631103074141047
2015-03-07 05:00:00,3.8698010849909568
2015-03-07 05:05:00,4.2875226039782985
2015-03-07 05:10:00,4.595840867992765
2015-03-07 05:15:00,4.735081374321879
2015-03-07 05:20:00,4.566003616636527
2015-03-07 05:25:00,4.347197106690777
2015-03-07 05:30:00,4.317359855334537
2015-03-07 05:35:00,4.307414104882458
2015-03-07 05:40:00,4.2377938517179015
2015-03-07 05:45:00,3.899638336347196
2015-03-07 05:50:00,3.6211573236889674
2015-03-07 05:55:00,3.4222423146473764
2015-03-07 06:00:00,3.3625678119348987
2015-03-07 06:05:00,3.4719710669077744
2015-03-07 06:10:00,3.4321880650994556
2015-03-07 06:15:00,3.34267631103074
2015-03-07 06:20:00,3.283001808318262
2015-03-07 06:25:00,3.2830018083182626
2015-03-07 06:30:00,3.56148282097649
2015-03-07 06:35:00,3.8200723327305592
2015-03-07 06:40:00,3.9891500904159116
2015-03-07 06:45:00,3.8797468354430364
2015-03-07 06:50:00,3.382459312839058
2015-03-07 06:55:00,2.9746835443037956
2015-03-07 07:00:00,2.596745027124772
2015-03-07 07:05:00,2.4773960216998177
2015-03-07 07:10:00,2.4475587703435786
2015-03-07 07:15:00,2.328209764918624
2015-03-07 07:20:00,2.3381555153707034
2015-03-07 07:25:00,2.308318264014465
2015-03-07 07:30:00,2.3381555153707034
2015-03-07 07:35:00,2.4276672694394197
2015-03-07 07:40:00,2.5072332730560563
2015-03-07 07:45:00,2.6862567811934883
2015-03-07 07:50:00,2.7956600361663635
2015-03-07 07:55:00,2.8254972875226025
2015-03-07 08:00:00,2.7260397830018066
2015-03-07 08:05:00,2.745931283905966
2015-03-07 08:10:00,3.1139240506329102
2015-03-07 08:15:00,3.700723327305604
2015-03-07 08:20:00,4.1383363471971055
2015-03-07 08:25:00,4.1383363471971055
2015-03-07 08:30:00,3.6609403254972857
2015-03-07 08:35:00,3.064195298372512
2015-03-07 08:40:00,2.626582278481011
2015-03-07 08:45:00,2.537070524412295
2015-03-07 08:50:00,2.7061482820976472
2015-03-07 08:55:00,2.875226039783
2015-03-07 09:00:00,3.1238698010849895
2015-03-07 09:05:00,3.153707052441228
2015-03-07 09:10:00,3.0741410488245915
2015-03-07 09:15:00,2.8254972875226025
2015-03-07 09:20:00,2.556962025316454
2015-03-07 09:25:00,2.487341772151897
2015-03-07 09:30:00,2.467450271247738
2015-03-07 09:35:00,2.586799276672693
2015-03-07 09:40:00,2.6862567811934883
2015-03-07 09:45:00,2.765822784810125
2015-03-07 09:50:00,2.835443037974682
2015-03-07 09:55:00,2.8652802893309204
2015-03-07 10:00:00,3.56148282097649
2015-03-07 10:05:00,4.317359855334537
2015-03-07 10:10:00,5.083182640144663
2015-03-07 10:15:00,5.212477396021698
2015-03-07 10:20:00,4.575949367088606
2015-03-07 10:25:00,3.750452079566002
2015-03-07 10:30:00,2.855334538878841
2015-03-07 10:35:00,2.4972875226039766
2015-03-07 10:40:00,2.238698010849908
2015-03-07 10:45:00,2.099457504520794
2015-03-07 10:50:00,2.139240506329112
2015-03-07 10:55:00,2.4475587703435786
2015-03-07 11:00:00,3.1139240506329093
2015-03-07 11:05:00,3.6609403254972857
2015-03-07 11:10:00,3.9195298372513547
2015-03-07 11:15:00,3.7305605786618425
2015-03-07 11:20:00,3.1636528028933077
2015-03-07 11:25:00,2.825497287522602
2015-03-07 11:30:00,2.6962025316455676
2015-03-07 11:35:00,2.875226039783
2015-03-07 11:40:00,3.0244122965641935
2015-03-07 11:45:00,2.9547920433996366
2015-03-07 11:50:00,2.755877034358045
2015-03-07 11:55:00,2.517179023508136
2015-03-07 12:00:00,2.2884267631103055
2015-03-07 12:05:00,2.1989150090415897
2015-03-07 12:10:00,2.139240506329112
2015-03-07 12:15:00,2.0696202531645556
2015-03-07 12:20:00,2.069620253164555
2015-03-07 12:25:00,2.248643761301987
2015-03-07 12:30:00,2.6663652802893294
2015-03-07 12:35:00,3.0940325497287504
2015-03-07 12:40:00,3.4719710669077744
2015-03-07 12:45:00,3.541591320072331
2015-03-07 12:50:00,3.362567811934899
2015-03-07 12:55:00,3.1437613019891484
2015-03-07 13:00:00,2.9846292947558752
2015-03-07 13:05:00,2.924954792043398
2015-03-07 13:10:00,2.9547920433996366
2015-03-07 13:15:00,3.0542495479204326
2015-03-07 13:20:00,3.1934900542495464
2015-03-07 13:25:00,3.292947558770342
2015-03-07 13:30:00,3.3824593128390577
2015-03-07 13:35:00,3.541591320072331
2015-03-07 13:40:00,3.5913200723327288
2015-03-07 13:45:00,3.700723327305604
2015-03-07 13:50:00,3.631103074141047
2015-03-07 13:55:00,3.5515370705244105
2015-03-07 14:00:00,3.452079566003615
2015-03-07 14:05:00,3.4122965641952963
2015-03-07 14:10:00,3.5018083182640125
2015-03-07 14:15:00,3.531645569620251
2015-03-07 14:20:00,3.5515370705244105
2015-03-07 14:25:00,3.6708860759493653
2015-03-07 14:30:00,3.8797468354430364
2015-03-07 14:35:00,4.26763110307414
2015-03-07 14:40:00,9.419529837251355
2015-03-07 14:45:00,14.392405063291138
2015-03-07 14:50:00,19.305605786618443
2015-03-07 14:55:00,19.116636528028934
2015-03-07 15:00:00,14.302893309222421
2015-03-07 15:05:00,9.548824593128389
2015-03-07 15:10:00,4.595840867992765
2015-03-07 15:15:00,4.516274864376129
2015-03-07 15:20:00,4.357142857142856
2015-03-07 15:25:00,4.178119349005423
2015-03-07 15:30:00,4.1880650994575035
2015-03-07 15:35:00,4.198010849909583
2015-03-07 15:40:00,4.198010849909583
2015-03-07 15:45:00,4.2377938517179015
2015-03-07 15:50:00,4.247739602169981
2015-03-07 15:55:00,4.546112115732368
2015-03-07 16:00:00,4.764918625678117
2015-03-07 16:05:00,4.914104882459311
2015-03-07 16:10:00,4.71518987341772
2015-03-07 16:15:00,4.158227848101264
2015-03-07 16:20:00,3.7305605786618425
2015-03-07 16:25:00,3.56148282097649
2015-03-07 16:30:00,3.8896925858951157
2015-03-07 16:35:00,4.237793851717901
2015-03-07 16:40:00,4.526220614828208
2015-03-07 16:45:00,4.546112115732367
2015-03-07 16:50:00,4.496383363471969
2015-03-07 16:55:00,4.5361663652802875
2015-03-07 17:00:00,4.605786618444845
2015-03-07 17:05:00,4.575949367088606
2015-03-07 17:10:00,4.357142857142856
2015-03-07 17:15:00,4.158227848101265
2015-03-07 17:20:00,4.01898734177215
2015-03-07 17:25:00,4.068716094032548
2015-03-07 17:30:00,5.073236889692584
2015-03-07 17:35:00,6.236889692585893
2015-03-07 17:40:00,7.350813743218805
2015-03-07 17:45:00,7.68896925858951
2015-03-07 17:50:00,7.251356238698009
2015-03-07 17:55:00,6.793851717902349
2015-03-07 18:00:00,6.276672694394212
2015-03-07 18:05:00,6.256781193490053
2015-03-07 18:10:00,6.236889692585894
2015-03-07 18:15:00,6.037974683544302
2015-03-07 18:20:00,5.998191681735984
2015-03-07 18:25:00,6.734177215189872
2015-03-07 18:30:00,7.529837251356238
2015-03-07 18:35:00,8.385171790235079
2015-03-07 18:40:00,8.484629294755875
2015-03-07 18:45:00,7.907775768535259
2015-03-07 18:50:00,7.480108499095838
2015-03-07 18:55:00,7.480108499095838
2015-03-07 19:00:00,8.275768535262204
2015-03-07 19:05:00,8.991862567811932
2015-03-07 19:10:00,9.001808318264011
2015-03-07 19:15:00,8.464737793851716
2015-03-07 19:20:00,7.848101265822782
2015-03-07 19:25:00,7.330922242314645
2015-03-07 19:30:00,7.370705244122964
2015-03-07 19:35:00,7.301084990958407
2015-03-07 19:40:00,7.241410488245929
2015-03-07 19:45:00,7.1121157323688955
2015-03-07 19:50:00,7.2613019891500885
2015-03-07 19:55:00,7.997287522603976
2015-03-07 20:00:00,8.902350813743217
2015-03-07 20:05:00,9.757685352622058
2015-03-07 20:10:00,9.717902350813741
2015-03-07 20:15:00,9.07142857142857
2015-03-07 20:20:00,7.947558770343578
2015-03-07 20:25:00,6.813743218806508
2015-03-07 20:30:00,5.928571428571427
2015-03-07 20:35:00,5.132911392405062
2015-03-07 20:40:00,4.605786618444845
2015-03-07 20:45:00,4.227848101265821
2015-03-07 20:50:00,4.058770343580469
2015-03-07 20:55:00,4.088607594936708
2015-03-07 21:00:00,4.148282097649185
2015-03-07 21:05:00,4.456600361663652
2015-03-07 21:10:00,5.122965641952982
2015-03-07 21:15:00,5.63019891500904
2015-03-07 21:20:00,5.878842676311029
2015-03-07 21:25:00,5.510849909584085
2015-03-07 21:30:00,5.272151898734176
2015-03-07 21:35:00,5.222423146473777
2015-03-07 21:40:00,5.301989150090415
2015-03-07 21:45:00,5.441229656419528
2015-03-07 21:50:00,4.993670886075948
2015-03-07 21:55:00,4.70524412296564
2015-03-07 22:00:00,4.406871609403253
2015-03-07 22:05:00,4.456600361663651
2015-03-07 22:10:00,4.396925858951174
2015-03-07 22:15:00,4.088607594936708
2015-03-07 22:20:00,3.9891500904159116
2015-03-07 22:25:00,3.9692585895117527
2015-03-07 22:30:00,4.25768535262206
2015-03-07 22:35:00,6.207052441229655
2015-03-07 22:40:00,8.385171790235079
2015-03-07 22:45:00,10.792043399638334
2015-03-07 22:50:00,11.647377938517177
2015-03-07 22:55:00,10.64285714285714
2015-03-07 23:00:00,9.180831826401445
2015-03-07 23:05:00,7.370705244122964
2015-03-07 23:10:00,6.823688969258588
2015-03-07 23:15:00,6.207052441229655
2015-03-07 23:20:00,5.461121157323687
2015-03-07 23:25:00,4.8444846292947545
2015-03-07 23:30:00,4.456600361663651
2015-03-07 23:35:00,4.247739602169981
2015-03-07 23:40:00,4.128390596745025
2015-03-07 23:45:00,4.009041591320071
2015-03-07 23:50:00,3.8399638336347177
2015-03-07 23:55:00,3.8300180831826385
2015-03-08 00:00:00,3.929475587703434
2015-03-08 00:05:00,4.068716094032548
2015-03-08 00:10:00,4.3869801084990945
2015-03-08 00:15:00,4.526220614828208
2015-03-08 00:20:00,4.71518987341772
2015-03-08 00:25:00,4.625678119349004
2015-03-08 00:30:00,4.48643761301989
2015-03-08 00:35:00,4.4367088607594924
2015-03-08 00:40:00,4.426763110307412
2015-03-08 00:45:00,4.49638336347197
2015-03-08 00:50:00,4.416817359855333
2015-03-08 00:55:00,4.357142857142856
2015-03-08 01:00:00,4.25768535262206
2015-03-08 01:05:00,4.367088607594935
2015-03-08 01:10:00,4.327305605786616
2015-03-08 01:15:00,4.1781193490054225
2015-03-08 01:20:00,3.8896925858951152
2015-03-08 01:25:00,3.700723327305604
2015-03-08 01:30:00,3.780289330922241
2015-03-08 01:35:00,3.8399638336347186
2015-03-08 01:40:00,3.989150090415912
2015-03-08 01:45:00,3.909584086799275
2015-03-08 01:50:00,4.00904159132007
2015-03-08 01:55:00,4.098553345388787
2015-03-08 02:00:00,4.158227848101264
2015-03-08 02:05:00,4.01898734177215
2015-03-08 02:10:00,3.6509945750452064
2015-03-08 02:15:00,3.352622061482819
2015-03-08 02:20:00,3.243218806509944
2015-03-08 02:25:00,3.3725135623869784
2015-03-08 02:30:00,3.5216998191681714
2015-03-08 02:35:00,3.650994575045206
2015-03-08 02:40:00,3.5714285714285694
2015-03-08 02:45:00,4.426763110307412
2015-03-08 02:50:00,5.540687160940323
2015-03-08 02:55:00,6.853526220614826
2015-03-08 03:00:00,7.529837251356237
2015-03-08 03:05:00,7.032549728752258
2015-03-08 03:10:00,6.197106690777575
2015-03-08 03:15:00,5.0931283905967435
2015-03-08 03:20:00,4.645569620253163
2015-03-08 03:25:00,4.406871609403254
2015-03-08 03:30:00,4.198010849909583
2015-03-08 03:35:00,4.25768535262206
2015-03-08 03:40:00,4.347197106690777
2015-03-08 03:45:00,4.3372513562386965
2015-03-08 03:50:00,4.158227848101264
2015-03-08 03:55:00,3.7802893309222405
2015-03-08 04:00:00,3.5316455696202516
2015-03-08 04:05:00,3.4520795660036145
2015-03-08 04:10:00,3.6012658227848084
2015-03-08 04:15:00,3.6708860759493653
2015-03-08 04:20:00,3.5913200723327288
2015-03-08 04:25:00,3.621157323688968
2015-03-08 04:30:00,3.6509945750452064
2015-03-08 04:35:00,3.6708860759493662
2015-03-08 04:40:00,3.4719710669077744
2015-03-08 04:45:00,3.1238698010849895
2015-03-08 04:50:00,2.765822784810125
2015-03-08 04:55:00,2.64647377938517
2015-03-08 05:00:00,2.745931283905966
2015-03-08 05:05:00,2.944846292947557
2015-03-08 05:10:00,3.0144665461121143
2015-03-08 05:15:00,3.1636528028933073
2015-03-08 05:20:00,3.3426763110307394
2015-03-08 05:25:00,3.5216998191681723
2015-03-08 05:30:00,3.631103074141047
2015-03-08 05:35:00,3.4620253164556947
2015-03-08 05:40:00,3.1636528028933077
2015-03-08 05:45:00,2.7160940325497274
2015-03-08 05:50:00,2.5072332730560563
2015-03-08 05:55:00,2.4276672694394197
2015-03-08 06:00:00,2.6962025316455676
2015-03-08 06:05:00,3.2332730560578646
2015-03-08 06:10:00,4.118444846292946
2015-03-08 06:15:00,4.854430379746834
2015-03-08 06:20:00,5.162748643761301
2015-03-08 06:25:00,4.834538878842674
2015-03-08 06:30:00,4.058770343580468
2015-03-08 06:35:00,3.491862567811933
2015-03-08 06:40:00,3.054249547920432
2015-03-08 06:45:00,2.9846292947558752
2015-03-08 06:50:00,2.845388788426761
2015-03-08 06:55:00,2.7160940325497265
2015-03-08 07:00:00,2.6862567811934883
2015-03-08 07:05:00,2.596745027124772
2015-03-08 07:10:00,2.576853526220613
2015-03-08 07:15:00,2.3878842676311014
2015-03-08 07:20:00,2.18896925858951
2015-03-08 07:25:00,2.059674502712476
2015-03-08 07:30:00,2.0
2015-03-08 07:35:00,2.0
2015-03-08 07:40:00,2.019891500904157
2015-03-08 07:45:00,2.049728752260396
2015-03-08 07:50:00,2.089511754068714
2015-03-08 07:55:00,2.1094032549728734
2015-03-08 08:00:00,2.0895117540687145
2015-03-08 08:05:00,2.3182640144665445
2015-03-08 08:10:00,2.765822784810125
2015-03-08 08:15:00,3.2730560578661834
2015-03-08 08:20:00,3.5813743218806495
2015-03-08 08:25:00,3.362567811934899
2015-03-08 08:30:00,2.8752260397830005
2015-03-08 08:35:00,2.348101265822783
2015-03-08 08:40:00,2.0397830018083165
2015-03-08 08:45:00,2.0
2015-03-08 08:50:00,2.0
2015-03-08 08:55:00,2.009945750452078
2015-03-08 09:00:00,2.009945750452078
2015-03-08 09:05:00,2.009945750452078
2015-03-08 09:10:00,2.009945750452078
2015-03-08 09:15:00,2.0
2015-03-08 09:20:00,2.0
2015-03-08 09:25:00,2.0
2015-03-08 09:30:00,2.0
2015-03-08 09:35:00,2.0
2015-03-08 09:40:00,2.0
2015-03-08 09:45:00,2.0
2015-03-08 09:50:00,2.0099457504520775
2015-03-08 09:55:00,2.0397830018083165
2015-03-08 10:00:00,2.208860759493669
2015-03-08 10:05:00,2.4674502712477375
2015-03-08 10:10:00,2.735985533453886
2015-03-08 10:15:00,2.835443037974682
2015-03-08 10:20:00,2.666365280289329
2015-03-08 10:25:00,2.4575045207956583
2015-03-08 10:30:00,2.2088607594936693
2015-03-08 10:35:00,2.089511754068714
2015-03-08 10:40:00,2.089511754068714
2015-03-08 10:45:00,2.0397830018083165
2015-03-08 10:50:00,2.009945750452078
2015-03-08 10:55:00,2.0
2015-03-08 11:00:00,2.3580470162748624
2015-03-08 11:05:00,2.8453887884267615
2015-03-08 11:10:00,3.243218806509944
2015-03-08 11:15:00,3.312839059674501
2015-03-08 11:20:00,2.954792043399637
2015-03-08 11:25:00,2.467450271247738
2015-03-08 11:30:00,2.069620253164555
2015-03-08 11:35:00,2.0696202531645556
2015-03-08 11:40:00,2.0696202531645556
2015-03-08 11:45:00,2.0696202531645556
2015-03-08 11:50:00,2.0696202531645556
2015-03-08 11:55:00,2.0397830018083165
2015-03-08 12:00:00,2.079566003616635
2015-03-08 12:05:00,2.1094032549728734
2015-03-08 12:10:00,2.1491862567811917
2015-03-08 12:15:00,2.2088607594936693
2015-03-08 12:20:00,2.2585895117540673
2015-03-08 12:25:00,2.2784810126582262
2015-03-08 12:30:00,2.238698010849908
2015-03-08 12:35:00,2.139240506329112
2015-03-08 12:40:00,2.049728752260396
2015-03-08 12:45:00,2.0
2015-03-08 12:50:00,2.0397830018083165
2015-03-08 12:55:00,2.387884267631101
2015-03-08 13:00:00,2.984629294755875
2015-03-08 13:05:00,3.541591320072331
2015-03-08 13:10:00,3.9990958408679913
2015-03-08 13:15:00,3.9095840867992755
2015-03-08 13:20:00,3.4719710669077744
2015-03-08 13:25:00,3.0343580470162728
2015-03-08 13:30:00,2.6365280289330904
2015-03-08 13:35:00,2.596745027124772
2015-03-08 13:40:00,2.596745027124772
2015-03-08 13:45:00,2.735985533453886
2015-03-08 13:50:00,2.8652802893309204
2015-03-08 13:55:00,2.944846292947557
2015-03-08 14:00:00,2.984629294755875
2015-03-08 14:05:00,2.994575045207955
2015-03-08 14:10:00,3.123869801084989
2015-03-08 14:15:00,3.2730560578661825
2015-03-08 14:20:00,3.5415913200723312
2015-03-08 14:25:00,3.601265822784808
2015-03-08 14:30:00,3.56148282097649
2015-03-08 14:35:00,3.3625678119348987
2015-03-08 14:40:00,3.233273056057864
2015-03-08 14:45:00,3.223327305605785
2015-03-08 14:50:00,3.2730560578661825
2015-03-08 14:55:00,3.4819168173598536
2015-03-08 15:00:00,3.8996383363471954
2015-03-08 15:05:00,4.426763110307412
2015-03-08 15:10:00,4.814647377938515
2015-03-08 15:15:00,5.003616636528028
2015-03-08 15:20:00,4.804701627486436
2015-03-08 15:25:00,4.546112115732368
2015-03-08 15:30:00,4.317359855334538
2015-03-08 15:35:00,4.1383363471971055
2015-03-08 15:40:00,3.9394213381555137
2015-03-08 15:45:00,3.700723327305604
2015-03-08 15:50:00,3.650994575045206
2015-03-08 15:55:00,3.820072332730559
2015-03-08 16:00:00,3.9891500904159116
2015-03-08 16:05:00,4.108499095840866
2015-03-08 16:10:00,3.999095840867991
2015-03-08 16:15:00,3.79023508137432
2015-03-08 16:20:00,3.621157323688968
2015-03-08 16:25:00,4.9439421338155505
2015-03-08 16:30:00,6.644665461121155
2015-03-08 16:35:00,8.395117540687158
2015-03-08 16:40:00,8.882459312839057
2015-03-08 16:45:00,7.679023508137431
2015-03-08 16:50:00,6.3065099457504505
2015-03-08 16:55:00,4.804701627486437
2015-03-08 17:00:00,4.735081374321879
2015-03-08 17:05:00,5.003616636528028
2015-03-08 17:10:00,5.083182640144663
2015-03-08 17:15:00,5.162748643761301
2015-03-08 17:20:00,4.914104882459311
2015-03-08 17:25:00,4.7848101265822764
2015-03-08 17:30:00,4.685352622061481
2015-03-08 17:35:00,4.595840867992766
2015-03-08 17:40:00,4.466546112115731
2015-03-08 17:45:00,4.108499095840866
2015-03-08 17:50:00,3.820072332730559
2015-03-08 17:55:00,3.750452079566002
2015-03-08 18:00:00,3.949367088607593
2015-03-08 18:05:00,4.188065099457502
2015-03-08 18:10:00,4.337251356238696
2015-03-08 18:15:00,5.282097649186255
2015-03-08 18:20:00,6.624773960216997
2015-03-08 18:25:00,8.14647377938517
2015-03-08 18:30:00,8.981916817359854
2015-03-08 18:35:00,8.643761301989148
2015-03-08 18:40:00,7.7685352622061465
2015-03-08 18:45:00,6.525316455696201
2015-03-08 18:50:00,6.78390596745027
2015-03-08 18:55:00,7.649186256781191
2015-03-08 19:00:00,8.8128390596745
2015-03-08 19:05:00,9.220614828209762
2015-03-08 19:10:00,8.375226039782998
2015-03-08 19:15:00,6.833634719710667
2015-03-08 19:20:00,5.311934900542494
2015-03-08 19:25:00,4.794755877034357
2015-03-08 19:30:00,4.864376130198914
2015-03-08 19:35:00,4.973779385171788
2015-03-08 19:40:00,4.675406871609401
2015-03-08 19:45:00,4.406871609403253
2015-03-08 19:50:00,4.217902350813741
2015-03-08 19:55:00,4.446654611211572
2015-03-08 20:00:00,4.814647377938515
2015-03-08 20:05:00,4.92405063291139
2015-03-08 20:10:00,4.754972875226038
2015-03-08 20:15:00,4.307414104882458
2015-03-08 20:20:00,4.058770343580469
2015-03-08 20:25:00,4.068716094032548
2015-03-08 20:30:00,4.247739602169981
2015-03-08 20:35:00,4.4367088607594924
2015-03-08 20:40:00,4.4367088607594924
2015-03-08 20:45:00,4.307414104882458
2015-03-08 20:50:00,4.03887884267631
2015-03-08 20:55:00,3.989150090415912
2015-03-08 21:00:00,4.078661844484628
2015-03-08 21:05:00,4.347197106690777
2015-03-08 21:10:00,4.705244122965641
2015-03-08 21:15:00,5.073236889692584
2015-03-08 21:20:00,5.471066907775767
2015-03-08 21:25:00,5.918625678119347
2015-03-08 21:30:00,6.147377938517177
2015-03-08 21:35:00,5.988245931283904
2015-03-08 21:40:00,5.252260397830017
2015-03-08 21:45:00,4.237793851717901
2015-03-08 21:50:00,3.33273056057866
2015-03-08 21:55:00,2.9647377938517163
2015-03-08 22:00:00,3.133815551537069
2015-03-08 22:05:00,3.5415913200723312
2015-03-08 22:10:00,3.810126582278479
2015-03-08 22:15:00,3.7802893309222405
2015-03-08 22:20:00,3.5813743218806495
2015-03-08 22:25:00,3.2332730560578646
2015-03-08 22:30:00,3.0045207956600346
2015-03-08 22:35:00,2.825497287522602
2015-03-08 22:40:00,2.735985533453886
2015-03-08 22:45:00,2.7260397830018066
2015-03-08 22:50:00,2.735985533453886
2015-03-08 22:55:00,2.9150090415913184
2015-03-08 23:00:00,3.203435804701626
2015-03-08 23:05:00,3.501808318264013
2015-03-08 23:10:00,3.660940325497286
2015-03-08 23:15:00,3.7703435804701613
2015-03-08 23:20:00,3.7703435804701613
2015-03-08 23:25:00,3.700723327305604
2015-03-08 23:30:00,3.79023508137432
2015-03-08 23:35:00,3.760397830018081
2015-03-08 23:40:00,3.8300180831826385
2015-03-08 23:45:00,3.6708860759493653
2015-03-08 23:50:00,3.8200723327305592
2015-03-08 23:55:00,4.01898734177215
2015-03-09 00:00:00,5.073236889692584
2015-03-09 00:05:00,6.545207956600359
2015-03-09 00:10:00,7.858047016274863
2015-03-09 00:15:00,8.375226039783
2015-03-09 00:20:00,7.599457504520794
2015-03-09 00:25:00,6.823688969258589
2015-03-09 00:30:00,5.988245931283903
2015-03-09 00:35:00,5.938517179023505
2015-03-09 00:40:00,5.928571428571426
2015-03-09 00:45:00,5.729656419529835
2015-03-09 00:50:00,5.451175406871608
2015-03-09 00:55:00,5.073236889692584
2015-03-09 01:00:00,4.754972875226039
2015-03-09 01:05:00,4.327305605786617
2015-03-09 01:10:00,3.9891500904159116
2015-03-09 01:15:00,3.750452079566002
2015-03-09 01:20:00,3.8200723327305592
2015-03-09 01:25:00,4.247739602169981
2015-03-09 01:30:00,4.884267631103072
2015-03-09 01:35:00,5.471066907775767
2015-03-09 01:40:00,6.475587703435803
2015-03-09 01:45:00,7.629294755877033
2015-03-09 01:50:00,8.83273056057866
2015-03-09 01:55:00,9.439421338155514
2015-03-09 02:00:00,9.051537070524411
2015-03-09 02:05:00,8.037070524412295
2015-03-09 02:10:00,6.614828209764917
2015-03-09 02:15:00,5.580470162748642
2015-03-09 02:20:00,5.033453887884266
2015-03-09 02:25:00,4.526220614828208
2015-03-09 02:30:00,4.277576853526219
2015-03-09 02:35:00,4.168173598553343
2015-03-09 02:40:00,4.178119349005424
2015-03-09 02:45:00,4.247739602169981
2015-03-09 02:50:00,4.098553345388787
2015-03-09 02:55:00,4.02893309222423
2015-03-09 03:00:00,3.9990958408679913
2015-03-09 03:05:00,4.009041591320071
2015-03-09 03:10:00,4.178119349005424
2015-03-09 03:15:00,4.2377938517179015
2015-03-09 03:20:00,4.158227848101264
2015-03-09 03:25:00,4.00904159132007
2015-03-09 03:30:00,4.00904159132007
2015-03-09 03:35:00,4.426763110307412
2015-03-09 03:40:00,5.013562386980107
2015-03-09 03:45:00,5.461121157323688
2015-03-09 03:50:00,5.500904159132006
2015-03-09 03:55:00,5.103074141048823
2015-03-09 04:00:00,4.655515370705243
2015-03-09 04:05:00,4.347197106690777
2015-03-09 04:10:00,4.207956600361663
2015-03-09 04:15:00,4.207956600361663
2015-03-09 04:20:00,4.287522603978299
2015-03-09 04:25:00,4.406871609403254
2015-03-09 04:30:00,4.367088607594935
2015-03-09 04:35:00,4.068716094032548
2015-03-09 04:40:00,3.5515370705244105
2015-03-09 04:45:00,3.1338155515370687
2015-03-09 04:50:00,2.994575045207955
2015-03-09 04:55:00,3.292947558770342
2015-03-09 05:00:00,3.7206148282097633
2015-03-09 05:05:00,4.178119349005424
2015-03-09 05:10:00,4.367088607594935
2015-03-09 05:15:00,4.198010849909583
2015-03-09 05:20:00,3.9095840867992755
2015-03-09 05:25:00,3.6410488245931267
2015-03-09 05:30:00,6.057866184448461
2015-03-09 05:35:00,9.648282097649185
2015-03-09 05:40:00,13.367992766726942
2015-03-09 05:45:00,14.81012658227848
2015-03-09 05:50:00,12.811030741410487
2015-03-09 05:55:00,9.598553345388787
2015-03-09 06:00:00,6.037974683544302
2015-03-09 06:05:00,4.5361663652802875
2015-03-09 06:10:00,3.9394213381555137
2015-03-09 06:15:00,3.5018083182640125
2015-03-09 06:20:00,3.2332730560578646
2015-03-09 06:25:00,3.362567811934899
2015-03-09 06:30:00,3.650994575045206
2015-03-09 06:35:00,4.227848101265821
2015-03-09 06:40:00,4.7350813743218785
2015-03-09 06:45:00,4.814647377938515
2015-03-09 06:50:00,4.635623869801083
2015-03-09 06:55:00,4.456600361663651
2015-03-09 07:00:00,5.083182640144664
2015-03-09 07:05:00,6.445750452079564
2015-03-09 07:10:00,8.096745027124772
2015-03-09 07:15:00,9.250452079566001
2015-03-09 07:20:00,9.399638336347195
2015-03-09 07:25:00,8.633815551537069
2015-03-09 07:30:00,7.499999999999999
2015-03-09 07:35:00,6.485533453887882
2015-03-09 07:40:00,5.829113924050631
2015-03-09 07:45:00,5.560578661844483
2015-03-09 07:50:00,5.461121157323687
2015-03-09 07:55:00,5.63019891500904
2015-03-09 08:00:00,5.968354430379746
2015-03-09 08:05:00,6.495479204339962
2015-03-09 08:10:00,7.092224231464737
2015-03-09 08:15:00,7.380650994575044
2015-03-09 08:20:00,7.430379746835441
2015-03-09 08:25:00,6.992766726943941
2015-03-09 08:30:00,6.425858951175405
2015-03-09 08:35:00,6.028028933092223
2015-03-09 08:40:00,5.689873417721517
2015-03-09 08:45:00,5.83905967450271
2015-03-09 08:50:00,5.908679927667268
2015-03-09 08:55:00,5.988245931283904
2015-03-09 09:00:00,5.739602169981915
2015-03-09 09:05:00,5.202531645569619
2015-03-09 09:10:00,4.685352622061481
2015-03-09 09:15:00,4.1383363471971055
2015-03-09 09:20:00,3.9294755877034344
2015-03-09 09:25:00,3.909584086799275
2015-03-09 09:30:00,3.9692585895117523
2015-03-09 09:35:00,3.9692585895117523
2015-03-09 09:40:00,3.8101265822784796
2015-03-09 09:45:00,3.730560578661843
2015-03-09 09:50:00,3.6410488245931267
2015-03-09 09:55:00,3.8001808318264
2015-03-09 10:00:00,4.546112115732368
2015-03-09 10:05:00,5.182640144665459
2015-03-09 10:10:00,5.83905967450271
2015-03-09 10:15:00,5.679927667269437
2015-03-09 10:20:00,5.232368896925857
2015-03-09 10:25:00,4.774864376130197
2015-03-09 10:30:00,4.46654611211573
2015-03-09 10:35:00,4.675406871609401
2015-03-09 10:40:00,4.735081374321879
2015-03-09 10:45:00,4.7848101265822764
2015-03-09 10:50:00,4.794755877034357
2015-03-09 10:55:00,5.063291139240505
2015-03-09 11:00:00,5.510849909584085
2015-03-09 11:05:00,5.978300180831825
2015-03-09 11:10:00,6.4556962025316444
2015-03-09 11:15:00,6.704339963833633
2015-03-09 11:20:00,6.7043399638336325
2015-03-09 11:25:00,6.3562386980108485
2015-03-09 11:30:00,5.958408679927665
2015-03-09 11:35:00,5.739602169981914
2015-03-09 11:40:00,6.246835443037973
2015-03-09 11:45:00,7.669077757685351
2015-03-09 11:50:00,9.668173598553345
2015-03-09 11:55:00,11.627486437613019
2015-03-09 12:00:00,13.258589511754067
2015-03-09 12:05:00,14.143761301989148
2015-03-09 12:10:00,14.33273056057866
2015-03-09 12:15:00,13.915009041591318
2015-03-09 12:20:00,13.228752260397828
2015-03-09 12:25:00,12.71157323688969
2015-03-09 12:30:00,12.124773960216997
2015-03-09 12:35:00,12.154611211573235
2015-03-09 12:40:00,12.244122965641951
2015-03-09 12:45:00,12.413200723327304
2015-03-09 12:50:00,12.293851717902347
2015-03-09 12:55:00,11.816455696202528
2015-03-09 13:00:00,11.020795660036164
2015-03-09 13:05:00,10.036166365280287
2015-03-09 13:10:00,9.310126582278478
2015-03-09 13:15:00,8.83273056057866
2015-03-09 13:20:00,8.524412296564194
2015-03-09 13:25:00,8.305605786618443
2015-03-09 13:30:00,8.454792043399637
2015-03-09 13:35:00,8.84267631103074
2015-03-09 13:40:00,9.459312839059674
2015-03-09 13:45:00,10.254972875226038
2015-03-09 13:50:00,11.179927667269437
2015-03-09 13:55:00,11.905967450271245
2015-03-09 14:00:00,12.194394213381551
2015-03-09 14:05:00,11.746835443037972
2015-03-09 14:10:00,11.199819168173597
2015-03-09 14:15:00,10.573236889692584
2015-03-09 14:20:00,10.553345388788426
2015-03-09 14:25:00,10.821880650994572
2015-03-09 14:30:00,10.811934900542491
2015-03-09 14:35:00,10.801989150090412
2015-03-09 14:40:00,10.443942133815549
2015-03-09 14:45:00,10.433996383363468
2015-03-09 14:50:00,10.433996383363468
2015-03-09 14:55:00,10.642857142857139
2015-03-09 15:00:00,11.388788426763107
2015-03-09 15:05:00,12.96021699819168
2015-03-09 15:10:00,15.496383363471967
2015-03-09 15:15:00,17.74412296564195
2015-03-09 15:20:00,19.056962025316455
2015-03-09 15:25:00,18.679023508137433
2015-03-09 15:30:00,17.306509945750452
2015-03-09 15:35:00,17.12748643761302
2015-03-09 15:40:00,17.79385171790235
2015-03-09 15:45:00,19.544303797468352
2015-03-09 15:50:00,20.479204339963832
2015-03-09 15:55:00,21.642857142857142
2015-03-09 16:00:00,22.34900542495479
2015-03-09 16:05:00,22.707052441229656
2015-03-09 16:10:00,24.0
2015-03-09 16:15:00,24.0
2015-03-09 16:20:00,24.0
2015-03-09 16:25:00,24.0
2015-03-09 16:30:00,24.0
2015-03-09 16:35:00,24.0
2015-03-09 16:40:00,24.0
2015-03-09 16:45:00,24.0
2015-03-09 16:50:00,24.0
2015-03-09 16:55:00,24.0
2015-03-09 17:00:00,24.0
2015-03-09 17:05:00,24.0
2015-03-09 17:10:00,24.0
2015-03-09 17:15:00,24.0
2015-03-09 17:20:00,24.0
2015-03-09 17:25:00,24.0
2015-03-09 17:30:00,24.0
2015-03-09 17:35:00,24.0
2015-03-09 17:40:00,24.0
2015-03-09 17:45:00,24.0
2015-03-09 17:50:00,24.0
2015-03-09 17:55:00,24.0
2015-03-09 18:00:00,24.0
2015-03-09 18:05:00,24.0
2015-03-09 18:10:00,24.0
2015-03-09 18:15:00,24.0
2015-03-09 18:20:00,24.0
2015-03-09 18:25:00,24.0
2015-03-09 18:30:00,24.0
2015-03-09 18:35:00,24.0
2015-03-09 18:40:00,24.0
2015-03-09 18:45:00,24.0
2015-03-09 18:50:00,24.0
2015-03-09 18:55:00,24.0
2015-03-09 19:00:00,24.0
2015-03-09 19:05:00,24.0
2015-03-09 19:10:00,24.0
2015-03-09 19:15:00,24.0
2015-03-09 19:20:00,24.0
2015-03-09 19:25:00,24.0
2015-03-09 19:30:00,24.0
2015-03-09 19:35:00,24.0
2015-03-09 19:40:00,24.0
2015-03-09 19:45:00,24.0
2015-03-09 19:50:00,24.0
2015-03-09 19:55:00,24.0
2015-03-09 20:00:00,24.0
2015-03-09 20:05:00,24.0
2015-03-09 20:10:00,24.0
2015-03-09 20:15:00,24.0
2015-03-09 20:20:00,24.0
2015-03-09 20:25:00,24.0
2015-03-09 20:30:00,24.0
2015-03-09 20:35:00,24.0
2015-03-09 20:40:00,24.0
2015-03-09 20:45:00,24.0
2015-03-09 20:50:00,24.0
2015-03-09 20:55:00,24.0
2015-03-09 21:00:00,24.0
2015-03-09 21:05:00,24.0
2015-03-09 21:10:00,24.0
2015-03-09 21:15:00,24.0
2015-03-09 21:20:00,24.0
2015-03-09 21:25:00,24.0
2015-03-09 21:30:00,24.0
2015-03-09 21:35:00,24.0
2015-03-09 21:40:00,24.0
2015-03-09 21:45:00,24.0
2015-03-09 21:50:00,24.0
2015-03-09 21:55:00,24.0
2015-03-09 22:00:00,24.0
2015-03-09 22:05:00,24.0
2015-03-09 22:10:00,24.0
2015-03-09 22:15:00,24.0
2015-03-09 22:20:00,24.0
2015-03-09 22:25:00,24.0
2015-03-09 22:30:00,24.0
2015-03-09 22:35:00,24.0
2015-03-09 22:40:00,24.0
2015-03-09 22:45:00,24.0
2015-03-09 22:50:00,24.0
2015-03-09 22:55:00,24.0
2015-03-09 23:00:00,24.0
2015-03-09 23:05:00,24.0
2015-03-09 23:10:00,24.0
2015-03-09 23:15:00,24.0
2015-03-09 23:20:00,24.0
2015-03-09 23:25:00,24.0
2015-03-09 23:30:00,24.0
2015-03-09 23:35:00,24.0
2015-03-09 23:40:00,24.0
2015-03-09 23:45:00,24.0
2015-03-09 23:50:00,24.0
2015-03-09 23:55:00,24.0
2015-03-10 00:00:00,24.0
2015-03-10 00:05:00,24.0
2015-03-10 00:10:00,24.0
2015-03-10 00:15:00,24.0
2015-03-10 00:20:00,24.0
2015-03-10 00:25:00,24.0
2015-03-10 00:30:00,24.0
2015-03-10 00:35:00,24.0
2015-03-10 00:40:00,24.0
2015-03-10 00:45:00,24.0
2015-03-10 00:50:00,24.0
2015-03-10 00:55:00,24.0
2015-03-10 01:00:00,24.0
2015-03-10 01:05:00,24.0
2015-03-10 01:10:00,24.0
2015-03-10 01:15:00,24.0
2015-03-10 01:20:00,24.0
2015-03-10 01:25:00,24.0
2015-03-10 01:30:00,24.0
2015-03-10 01:35:00,24.0
2015-03-10 01:40:00,24.0
2015-03-10 01:45:00,24.0
2015-03-10 01:50:00,24.0
2015-03-10 01:55:00,24.0
2015-03-10 02:00:00,24.0
2015-03-10 02:05:00,24.0
2015-03-10 02:10:00,24.0
2015-03-10 02:15:00,24.0
2015-03-10 02:20:00,24.0
2015-03-10 02:25:00,24.0
2015-03-10 02:30:00,24.0
2015-03-10 02:35:00,24.0
2015-03-10 02:40:00,24.0
2015-03-10 02:45:00,24.0
2015-03-10 02:50:00,24.0
2015-03-10 02:55:00,24.0
2015-03-10 03:00:00,24.0
2015-03-10 03:05:00,24.0
2015-03-10 03:10:00,24.0
2015-03-10 03:15:00,24.0
2015-03-10 03:20:00,24.0
2015-03-10 03:25:00,24.0
2015-03-10 03:30:00,24.0
2015-03-10 03:35:00,24.0
2015-03-10 03:40:00,24.0
2015-03-10 03:45:00,24.0
2015-03-10 03:50:00,23.44303797468354
2015-03-10 03:55:00,22.716998191681736
2015-03-10 04:00:00,21.752260397830018
2015-03-10 04:05:00,20.49909584086799
2015-03-10 04:10:00,19.82278481012658
2015-03-10 04:15:00,19.39511754068716
2015-03-10 04:20:00,20.359855334538878
2015-03-10 04:25:00,21.6130198915009
2015-03-10 04:30:00,22.84629294755877
2015-03-10 04:35:00,24.0
2015-03-10 04:40:00,24.0
2015-03-10 04:45:00,24.0
2015-03-10 04:50:00,24.0
2015-03-10 04:55:00,24.0
2015-03-10 05:00:00,24.0
2015-03-10 05:05:00,24.0
2015-03-10 05:10:00,24.0
2015-03-10 05:15:00,24.0
2015-03-10 05:20:00,24.0
2015-03-10 05:25:00,24.0
2015-03-10 05:30:00,23.97016274864376
2015-03-10 05:35:00,23.333634719710666
2015-03-10 05:40:00,22.428571428571423
2015-03-10 05:45:00,21.762206148282093
2015-03-10 05:50:00,21.69258589511754
2015-03-10 05:55:00,22.32911392405063
2015-03-10 06:00:00,23.234177215189874
2015-03-10 06:05:00,23.771247739602167
2015-03-10 06:10:00,23.29385171790235
2015-03-10 06:15:00,22.577757685352623
2015-03-10 06:20:00,21.533453887884267
2015-03-10 06:25:00,20.628390596745025
2015-03-10 06:30:00,19.991862567811935
2015-03-10 06:35:00,19.534358047016273
2015-03-10 06:40:00,19.00723327305606
2015-03-10 06:45:00,18.380650994575042
2015-03-10 06:50:00,18.052441229656417
2015-03-10 06:55:00,17.664556962025316
2015-03-10 07:00:00,17.216998191681736
2015-03-10 07:05:00,16.679927667269435
2015-03-10 07:10:00,15.983725135623867
2015-03-10 07:15:00,15.585895117540684
2015-03-10 07:20:00,15.108499095840864
2015-03-10 07:25:00,14.322784810126578
2015-03-10 07:30:00,12.96021699819168
2015-03-10 07:35:00,11.428571428571425
2015-03-10 07:40:00,10.304701627486436
2015-03-10 07:45:00,9.698010849909583
2015-03-10 07:50:00,9.608499095840866
2015-03-10 07:55:00,9.608499095840866
2015-03-10 08:00:00,9.72784810126582
2015-03-10 08:05:00,9.668173598553343
2015-03-10 08:10:00,9.29023508137432
2015-03-10 08:15:00,8.673598553345387
2015-03-10 08:20:00,8.106690777576851
2015-03-10 08:25:00,7.679023508137431
2015-03-10 08:30:00,7.569620253164556
2015-03-10 08:35:00,7.241410488245929
2015-03-10 08:40:00,6.962929475587702
2015-03-10 08:45:00,6.714285714285713
2015-03-10 08:50:00,7.301084990958407
2015-03-10 08:55:00,8.355334538878841
2015-03-10 09:00:00,9.678119349005424
2015-03-10 09:05:00,10.334538878842675
2015-03-10 09:10:00,10.036166365280287
2015-03-10 09:15:00,8.971971066907773
2015-03-10 09:20:00,7.5099457504520775
2015-03-10 09:25:00,6.734177215189872
2015-03-10 09:30:00,6.207052441229655
2015-03-10 09:35:00,6.207052441229655
2015-03-10 09:40:00,6.30650994575045
2015-03-10 09:45:00,6.624773960216996
2015-03-10 09:50:00,6.913200723327304
2015-03-10 09:55:00,7.4502712477396
2015-03-10 10:00:00,7.967450271247737
2015-03-10 10:05:00,8.34538878842676
2015-03-10 10:10:00,8.484629294755875
2015-03-10 10:15:00,8.325497287522602
2015-03-10 10:20:00,8.027124773960214
2015-03-10 10:25:00,7.529837251356237
2015-03-10 10:30:00,7.370705244122964
2015-03-10 10:35:00,7.430379746835442
2015-03-10 10:40:00,7.8182640144665445
2015-03-10 10:45:00,8.206148282097647
2015-03-10 10:50:00,8.464737793851716
2015-03-10 10:55:00,8.60397830018083
2015-03-10 11:00:00,8.58408679927667
2015-03-10 11:05:00,8.733273056057865
2015-03-10 11:10:00,8.683544303797467
2015-03-10 11:15:00,8.703435804701627
2015-03-10 11:20:00,8.57414104882459
2015-03-10 11:25:00,8.56419529837251
2015-03-10 11:30:00,8.78300180831826
2015-03-10 11:35:00,8.942133815551536
2015-03-10 11:40:00,9.07142857142857
2015-03-10 11:45:00,9.310126582278478
2015-03-10 11:50:00,9.857142857142854
2015-03-10 11:55:00,10.503616636528026
2015-03-10 12:00:00,11.030741410488242
2015-03-10 12:05:00,11.209764918625675
2015-03-10 12:10:00,11.140144665461118
2015-03-10 12:15:00,11.1003616636528
2015-03-10 12:20:00,11.279385171790231
2015-03-10 12:25:00,11.34900542495479
2015-03-10 12:30:00,11.1003616636528
2015-03-10 12:35:00,10.613019891500901
2015-03-10 12:40:00,10.085895117540685
2015-03-10 12:45:00,9.707956600361662
2015-03-10 12:50:00,9.72784810126582
2015-03-10 12:55:00,10.115732368896923
2015-03-10 13:00:00,10.941229656419527
2015-03-10 13:05:00,11.647377938517176
2015-03-10 13:10:00,12.413200723327304
2015-03-10 13:15:00,12.502712477396019
2015-03-10 13:20:00,12.343580470162745
2015-03-10 13:25:00,12.075045207956597
2015-03-10 13:30:00,11.76672694394213
2015-03-10 13:35:00,11.945750452079563
2015-03-10 13:40:00,12.035262206148278
2015-03-10 13:45:00,12.343580470162745
2015-03-10 13:50:00,12.24412296564195
2015-03-10 13:55:00,12.214285714285712
2015-03-10 14:00:00,12.313743218806508
2015-03-10 14:05:00,12.542495479204337
2015-03-10 14:10:00,12.980108499095838
2015-03-10 14:15:00,13.517179023508135
2015-03-10 14:20:00,13.954792043399635
2015-03-10 14:25:00,14.332730560578659
2015-03-10 14:30:00,14.481916817359851
2015-03-10 14:35:00,14.660940325497284
2015-03-10 14:40:00,16.570524412296564
2015-03-10 14:45:00,18.25135623869801
2015-03-10 14:50:00,20.111211573236886
2015-03-10 14:55:00,20.12115732368897
2015-03-10 15:00:00,19.454792043399635
2015-03-10 15:05:00,19.156419529837247
2015-03-10 15:10:00,19.822784810126578
2015-03-10 15:15:00,22.040687160940323
2015-03-10 15:20:00,23.124773960216995
2015-03-10 15:25:00,24.0
2015-03-10 15:30:00,24.0
2015-03-10 15:35:00,24.0
2015-03-10 15:40:00,23.840867992766725
2015-03-10 15:45:00,23.30379746835443
2015-03-10 15:50:00,22.677215189873415
2015-03-10 15:55:00,21.921338155515368
2015-03-10 16:00:00,20.76763110307414
2015-03-10 16:05:00,19.88245931283906
2015-03-10 16:10:00,18.977396021699818
2015-03-10 16:15:00,18.28119349005425
2015-03-10 16:20:00,18.032549728752258
2015-03-10 16:25:00,17.903254972875224
2015-03-10 16:30:00,17.77396021699819
2015-03-10 16:35:00,17.833634719710666
2015-03-10 16:40:00,17.754068716094032
2015-03-10 16:45:00,18.082278481012658
2015-03-10 16:50:00,18.917721518987342
2015-03-10 16:55:00,20.031645569620252
2015-03-10 17:00:00,21.075949367088604
2015-03-10 17:05:00,21.036166365280287
2015-03-10 17:10:00,20.230560578661844
2015-03-10 17:15:00,19.68354430379747
2015-03-10 17:20:00,19.733273056057865
2015-03-10 17:25:00,20.200723327305603
2015-03-10 17:30:00,20.588607594936708
2015-03-10 17:35:00,19.653707052441227
2015-03-10 17:40:00,18.649186256781192
2015-03-10 17:45:00,18.042495479204337
2015-03-10 17:50:00,18.380650994575042
2015-03-10 17:55:00,19.83273056057866
2015-03-10 18:00:00,21.11573236889692
2015-03-10 18:05:00,22.000904159132006
2015-03-10 18:10:00,21.533453887884267
2015-03-10 18:15:00,19.703435804701627
2015-03-10 18:20:00,17.614828209764916
2015-03-10 18:25:00,16.311934900542497
2015-03-10 18:30:00,16.481012658227844
2015-03-10 18:35:00,18.052441229656417
2015-03-10 18:40:00,19.55424954792043
2015-03-10 18:45:00,19.85262206148282
2015-03-10 18:50:00,18.798372513562384
2015-03-10 18:55:00,16.640144665461122
2015-03-10 19:00:00,14.650994575045207
2015-03-10 19:05:00,13.278481012658226
2015-03-10 19:10:00,12.791139240506327
2015-03-10 19:15:00,12.74141048824593
2015-03-10 19:20:00,12.592224231464735
2015-03-10 19:25:00,12.373417721518983
2015-03-10 19:30:00,12.25406871609403
2015-03-10 19:35:00,12.343580470162745
2015-03-10 19:40:00,12.641952983725133
2015-03-10 19:45:00,12.592224231464737
2015-03-10 19:50:00,12.104882459312837
2015-03-10 19:55:00,11.388788426763108
2015-03-10 20:00:00,11.160036166365277
2015-03-10 20:05:00,11.637432188065095
2015-03-10 20:10:00,12.48282097649186
2015-03-10 20:15:00,13.228752260397826
2015-03-10 20:20:00,13.288426763110303
2015-03-10 20:25:00,12.850813743218804
2015-03-10 20:30:00,12.104882459312837
2015-03-10 20:35:00,11.418625678119348
2015-03-10 20:40:00,10.782097649186255
2015-03-10 20:45:00,10.533453887884265
2015-03-10 20:50:00,10.593128390596743
2015-03-10 20:55:00,11.09041591320072
2015-03-10 21:00:00,12.24412296564195
2015-03-10 21:05:00,15.615732368896921
2015-03-10 21:10:00,18.808318264014463
2015-03-10 21:15:00,21.65280289330922
2015-03-10 21:20:00,23.78119349005425
2015-03-10 21:25:00,22.309222423146473
2015-03-10 21:30:00,20.101265822784807
2015-03-10 21:35:00,17.545207956600358
2015-03-10 21:40:00,14.909584086799274
2015-03-10 21:45:00,13.179023508137428
2015-03-10 21:50:00,12.094936708860756
2015-03-10 21:55:00,11.378842676311027
2015-03-10 22:00:00,10.971066907775764
2015-03-10 22:05:00,10.961121157323687
2015-03-10 22:10:00,11.11030741410488
2015-03-10 22:15:00,11.30922242314647
2015-03-10 22:20:00,11.478300180831823
2015-03-10 22:25:00,11.388788426763107
2015-03-10 22:30:00,10.981012658227844
2015-03-10 22:35:00,10.225135623869798
2015-03-10 22:40:00,9.688065099457502
2015-03-10 22:45:00,9.51898734177215
2015-03-10 22:50:00,9.688065099457502
2015-03-10 22:55:00,9.906871609403252
2015-03-10 23:00:00,9.96654611211573
2015-03-10 23:05:00,9.817359855334537
2015-03-10 23:10:00,9.588607594936708
2015-03-10 23:15:00,9.49909584086799
2015-03-10 23:20:00,9.568716094032547
2015-03-10 23:25:00,9.608499095840866
2015-03-10 23:30:00,9.29023508137432
2015-03-10 23:35:00,8.872513562386978
2015-03-10 23:40:00,8.106690777576851
2015-03-10 23:45:00,7.4602169981916795
2015-03-10 23:50:00,7.072332730560577
2015-03-10 23:55:00,7.440325497287521
2015-03-11 00:00:00,8.235985533453885
2015-03-11 00:05:00,9.160940325497284
2015-03-11 00:10:00,9.986437613019888
2015-03-11 00:15:00,10.20524412296564
2015-03-11 00:20:00,9.827305605786616
2015-03-11 00:25:00,9.03164556962025
2015-03-11 00:30:00,8.255877034358045
2015-03-11 00:35:00,7.798372513562384
2015-03-11 00:40:00,7.48010849909584
2015-03-11 00:45:00,7.718806509945749
2015-03-11 00:50:00,8.345388788426762
2015-03-11 00:55:00,8.8128390596745
2015-03-11 01:00:00,9.23056057866184
2015-03-11 01:05:00,9.121157323688967
2015-03-11 01:10:00,8.991862567811932
2015-03-11 01:15:00,8.802893309222423
2015-03-11 01:20:00,8.773056057866183
2015-03-11 01:25:00,9.160940325497286
2015-03-11 01:30:00,9.608499095840866
2015-03-11 01:35:00,10.344484629294753
2015-03-11 01:40:00,10.821880650994572
2015-03-11 01:45:00,10.62296564195298
2015-03-11 01:50:00,9.787522603978298
2015-03-11 01:55:00,9.101265822784807
2015-03-11 02:00:00,9.240506329113922
2015-03-11 02:05:00,10.066003616636525
2015-03-11 02:10:00,10.801989150090412
2015-03-11 02:15:00,10.811934900542493
2015-03-11 02:20:00,10.016274864376127
2015-03-11 02:25:00,9.230560578661843
2015-03-11 02:30:00,9.051537070524411
2015-03-11 02:35:00,9.369801084990955
2015-03-11 02:40:00,9.608499095840866
2015-03-11 02:45:00,9.29023508137432
2015-03-11 02:50:00,8.464737793851715
2015-03-11 02:55:00,7.370705244122963
2015-03-11 03:00:00,6.783905967450269
2015-03-11 03:05:00,6.584990958408678
2015-03-11 03:10:00,7.261301989150088
2015-03-11 03:15:00,7.838155515370703
2015-03-11 03:20:00,8.40506329113924
2015-03-11 03:25:00,8.83273056057866
2015-03-11 03:30:00,8.683544303797467
2015-03-11 03:35:00,8.544303797468352
2015-03-11 03:40:00,7.808318264014465
2015-03-11 03:45:00,7.171790235081373
2015-03-11 03:50:00,6.485533453887882
2015-03-11 03:55:00,5.908679927667268
2015-03-11 04:00:00,5.8987341772151884
2015-03-11 04:05:00,5.978300180831825
2015-03-11 04:10:00,6.117540687160938
2015-03-11 04:15:00,6.107594936708859
2015-03-11 04:20:00,5.908679927667268
2015-03-11 04:25:00,5.530741410488245
2015-03-11 04:30:00,5.202531645569619
2015-03-11 04:35:00,4.904159132007232
2015-03-11 04:40:00,4.814647377938516
2015-03-11 04:45:00,4.814647377938516
2015-03-11 04:50:00,4.854430379746834
2015-03-11 04:55:00,4.95388788426763
2015-03-11 05:00:00,4.824593128390595
2015-03-11 05:05:00,4.70524412296564
2015-03-11 05:10:00,4.406871609403254
2015-03-11 05:15:00,4.0289330922242295
2015-03-11 05:20:00,3.79023508137432
2015-03-11 05:25:00,3.650994575045206
2015-03-11 05:30:00,3.7703435804701613
2015-03-11 05:35:00,3.9692585895117527
2015-03-11 05:40:00,3.9792043399638324
2015-03-11 05:45:00,3.7504520795660024
2015-03-11 05:50:00,3.382459312839058
2015-03-11 05:55:00,3.1636528028933077
2015-03-11 06:00:00,3.2929475587703423
2015-03-11 06:05:00,3.601265822784809
2015-03-11 06:10:00,3.879746835443037
2015-03-11 06:15:00,3.919529837251355
2015-03-11 06:20:00,3.780289330922241
2015-03-11 06:25:00,3.5813743218806495
2015-03-11 06:30:00,3.382459312839058
2015-03-11 06:35:00,3.193490054249546
2015-03-11 06:40:00,2.974683544303796
2015-03-11 06:45:00,2.7459312839059655
2015-03-11 06:50:00,2.537070524412295
2015-03-11 06:55:00,2.3580470162748624
2015-03-11 07:00:00,2.2188065099457486
2015-03-11 07:05:00,2.089511754068714
2015-03-11 07:10:00,2.0
2015-03-11 07:15:00,2.0
2015-03-11 07:20:00,2.0
2015-03-11 07:25:00,2.0
2015-03-11 07:30:00,2.0
2015-03-11 07:35:00,2.0
2015-03-11 07:40:00,2.0
2015-03-11 07:45:00,2.0
2015-03-11 07:50:00,2.0
2015-03-11 07:55:00,2.0
2015-03-11 08:00:00,2.0
2015-03-11 08:05:00,2.0
2015-03-11 08:10:00,2.0
2015-03-11 08:15:00,2.0
2015-03-11 08:20:00,2.0
2015-03-11 08:25:00,2.0
2015-03-11 08:30:00,2.0
2015-03-11 08:35:00,2.0
2015-03-11 08:40:00,2.0
2015-03-11 08:45:00,2.0
2015-03-11 08:50:00,2.0
2015-03-11 08:55:00,2.0
2015-03-11 09:00:00,2.0
2015-03-11 09:05:00,2.0
2015-03-11 09:10:00,2.0
2015-03-11 09:15:00,2.0
2015-03-11 09:20:00,2.2088607594936693
2015-03-11 09:25:00,2.537070524412295
2015-03-11 09:30:00,2.8851717902350797
2015-03-11 09:35:00,3.153707052441228
2015-03-11 09:40:00,3.2730560578661825
2015-03-11 09:45:00,3.352622061482819
2015-03-11 09:50:00,3.631103074141047
2015-03-11 09:55:00,4.247739602169981
2015-03-11 10:00:00,4.973779385171788
2015-03-11 10:05:00,6.008137432188064
2015-03-11 10:10:00,7.00271247739602
2015-03-11 10:15:00,7.758589511754066
2015-03-11 10:20:00,7.9674502712477375
2015-03-11 10:25:00,7.629294755877033
2015-03-11 10:30:00,7.211573236889691
2015-03-11 10:35:00,6.833634719710668
2015-03-11 10:40:00,6.883363471971065
2015-03-11 10:45:00,6.893309222423145
2015-03-11 10:50:00,6.704339963833633
2015-03-11 10:55:00,6.435804701627485
2015-03-11 11:00:00,6.187160940325496
2015-03-11 11:05:00,6.1473779385171765
2015-03-11 11:10:00,6.127486437613018
2015-03-11 11:15:00,6.167269439421337
2015-03-11 11:20:00,6.465641952983724
2015-03-11 11:25:00,6.9132007233273045
2015-03-11 11:30:00,8.216094032549726
2015-03-11 11:35:00,10.016274864376129
2015-03-11 11:40:00,13.467450271247738
2015-03-11 11:45:00,16.550632911392405
2015-03-11 11:50:00,18.26130198915009
2015-03-11 11:55:00,17.664556962025316
2015-03-11 12:00:00,14.849909584086799
2015-03-11 12:05:00,12.632007233273054
2015-03-11 12:10:00,10.762206148282095
2015-03-11 12:15:00,10.344484629294755
2015-03-11 12:20:00,9.578661844484627
2015-03-11 12:25:00,8.504520795660035
2015-03-11 12:30:00,7.867992766726942
2015-03-11 12:35:00,7.7685352622061465
2015-03-11 12:40:00,8.265822784810124
2015-03-11 12:45:00,8.663652802893308
2015-03-11 12:50:00,8.633815551537069
2015-03-11 12:55:00,8.594032549728752
2015-03-11 13:00:00,8.603978300180831
2015-03-11 13:05:00,8.822784810126581
2015-03-11 13:10:00,9.111211573236888
2015-03-11 13:15:00,9.419529837251353
2015-03-11 13:20:00,9.857142857142854
2015-03-11 13:25:00,10.095840867992765
2015-03-11 13:30:00,10.40415913200723
2015-03-11 13:35:00,10.782097649186253
2015-03-11 13:40:00,11.189873417721516
2015-03-11 13:45:00,11.81645569620253
2015-03-11 13:50:00,12.383363471971062
2015-03-11 13:55:00,12.980108499095838
2015-03-11 14:00:00,13.228752260397828
2015-03-11 14:05:00,13.596745027124772
2015-03-11 14:10:00,14.094032549728752
2015-03-11 14:15:00,14.432188065099453
2015-03-11 14:20:00,14.690777576853524
2015-03-11 14:25:00,14.382459312839057
2015-03-11 14:30:00,14.004520795660033
2015-03-11 14:35:00,13.447558770343576
2015-03-11 14:40:00,13.149186256781189
2015-03-11 14:45:00,13.228752260397828
2015-03-11 14:50:00,13.338155515370703
2015-03-11 14:55:00,13.308318264014463
2015-03-11 15:00:00,12.940325497287521
2015-03-11 15:05:00,12.552441229656417
2015-03-11 15:10:00,12.4629294755877
2015-03-11 15:15:00,12.840867992766723
2015-03-11 15:20:00,13.179023508137428
2015-03-11 15:25:00,13.268535262206145
2015-03-11 15:30:00,12.980108499095838
2015-03-11 15:35:00,12.72151898734177
2015-03-11 15:40:00,13.129294755877032
2015-03-11 15:45:00,13.596745027124772
2015-03-11 15:50:00,14.29294755877034
2015-03-11 15:55:00,14.362567811934898
2015-03-11 16:00:00,14.08408679927667
2015-03-11 16:05:00,13.527124773960214
2015-03-11 16:10:00,12.72151898734177
2015-03-11 16:15:00,12.313743218806508
2015-03-11 16:20:00,11.75678119349005
2015-03-11 16:25:00,11.607594936708857
2015-03-11 16:30:00,11.378842676311027
2015-03-11 16:35:00,11.169981916817356
2015-03-11 16:40:00,11.239602169981914
2015-03-11 16:45:00,11.408679927667267
2015-03-11 16:50:00,12.124773960216995
2015-03-11 16:55:00,13.298372513562384
2015-03-11 17:00:00,15.207956600361662
2015-03-11 17:05:00,17.11754068716094
2015-03-11 17:10:00,18.360759493670884
2015-03-11 17:15:00,18.599457504520792
2015-03-11 17:20:00,17.78390596745027
2015-03-11 17:25:00,16.958408679927665
2015-03-11 17:30:00,16.182640144665456
2015-03-11 17:35:00,15.575949367088604
2015-03-11 17:40:00,14.800180831826399
2015-03-11 17:45:00,13.885171790235077
2015-03-11 17:50:00,13.417721518987339
2015-03-11 17:55:00,13.059674502712475
2015-03-11 18:00:00,12.990054249547917
2015-03-11 18:05:00,13.029837251356238
2015-03-11 18:10:00,13.785714285714283
2015-03-11 18:15:00,16.1627486437613
2015-03-11 18:20:00,19.00723327305606
2015-03-11 18:25:00,21.473779385171788
2015-03-11 18:30:00,21.662748643761297
2015-03-11 18:35:00,19.494575045207956
2015-03-11 18:40:00,17.06781193490054
2015-03-11 18:45:00,15.118444846292943
2015-03-11 18:50:00,14.273056057866182
2015-03-11 18:55:00,14.143761301989148
2015-03-11 19:00:00,13.596745027124772
2015-03-11 19:05:00,13.019891500904157
2015-03-11 19:10:00,12.830922242314644
2015-03-11 19:15:00,12.721518987341769
2015-03-11 19:20:00,13.029837251356236
2015-03-11 19:25:00,12.910488245931282
2015-03-11 19:30:00,12.72151898734177
2015-03-11 19:35:00,12.691681735985531
2015-03-11 19:40:00,12.641952983725131
2015-03-11 19:45:00,13.109403254972872
2015-03-11 19:50:00,13.248643761301985
2015-03-11 19:55:00,13.726039783001806
2015-03-11 20:00:00,13.765822784810124
2015-03-11 20:05:00,13.467450271247737
2015-03-11 20:10:00,12.870705244122963
2015-03-11 20:15:00,11.836347197106688
2015-03-11 20:20:00,10.90144665461121
2015-03-11 20:25:00,10.056057866184446
2015-03-11 20:30:00,9.817359855334537
2015-03-11 20:35:00,9.648282097649185
2015-03-11 20:40:00,9.50904159132007
2015-03-11 20:45:00,9.150994575045205
2015-03-11 20:50:00,8.653707052441227
2015-03-11 20:55:00,8.11663652802893
2015-03-11 21:00:00,7.718806509945749
2015-03-11 21:05:00,7.778481012658226
2015-03-11 21:10:00,7.937613019891499
2015-03-11 21:15:00,8.106690777576851
2015-03-11 21:20:00,8.15641952983725
2015-03-11 21:25:00,8.007233273056057
2015-03-11 21:30:00,8.007233273056055
2015-03-11 21:35:00,8.106690777576851
2015-03-11 21:40:00,8.245931283905966
2015-03-11 21:45:00,8.14647377938517
2015-03-11 21:50:00,7.5099457504520775
2015-03-11 21:55:00,6.863471971066906
2015-03-11 22:00:00,6.177215189873416
2015-03-11 22:05:00,5.679927667269437
2015-03-11 22:10:00,5.381555153707051
2015-03-11 22:15:00,5.103074141048824
2015-03-11 22:20:00,5.1925858951175385
2015-03-11 22:25:00,5.451175406871608
2015-03-11 22:30:00,5.908679927667268
2015-03-11 22:35:00,6.226943942133813
2015-03-11 22:40:00,6.5054249547920415
2015-03-11 22:45:00,6.734177215189871
2015-03-11 22:50:00,7.072332730560577
2015-03-11 22:55:00,7.301084990958406
2015-03-11 23:00:00,7.301084990958406
2015-03-11 23:05:00,7.072332730560577
2015-03-11 23:10:00,6.624773960216997
2015-03-11 23:15:00,6.197106690777575
2015-03-11 23:20:00,5.719710669077756
2015-03-11 23:25:00,5.40144665461121
2015-03-11 23:30:00,5.17269439421338
2015-03-11 23:35:00,5.073236889692584
2015-03-11 23:40:00,5.103074141048823
2015-03-11 23:45:00,5.252260397830017
2015-03-11 23:50:00,5.38155515370705
2015-03-11 23:55:00,5.471066907775766
2015-03-12 00:00:00,5.62025316455696
2015-03-12 00:05:00,5.928571428571427
2015-03-12 00:10:00,6.256781193490053
2015-03-12 00:15:00,6.515370705244122
2015-03-12 00:20:00,6.754068716094031
2015-03-12 00:25:00,6.962929475587702
2015-03-12 00:30:00,7.052441229656417
2015-03-12 00:35:00,7.052441229656417
2015-03-12 00:40:00,6.664556962025315
2015-03-12 00:45:00,5.908679927667268
2015-03-12 00:50:00,5.580470162748642
2015-03-12 00:55:00,5.878842676311029
2015-03-12 01:00:00,6.793851717902349
2015-03-12 01:05:00,7.559674502712475
2015-03-12 01:10:00,7.8679927667269425
2015-03-12 01:15:00,7.679023508137431
2015-03-12 01:20:00,7.171790235081373
2015-03-12 01:25:00,6.76401446654611
2015-03-12 01:30:00,6.8634719710669065
2015-03-12 01:35:00,7.0623869801084975
2015-03-12 01:40:00,7.241410488245929
2015-03-12 01:45:00,7.1618444846292935
2015-03-12 01:50:00,6.644665461121155
2015-03-12 01:55:00,6.117540687160939
2015-03-12 02:00:00,5.62025316455696
2015-03-12 02:05:00,5.560578661844483
2015-03-12 02:10:00,5.590415913200721
2015-03-12 02:15:00,5.669981916817358
2015-03-12 02:20:00,5.699819168173597
2015-03-12 02:25:00,5.679927667269437
2015-03-12 02:30:00,5.550632911392404
2015-03-12 02:35:00,5.3417721518987324
2015-03-12 02:40:00,5.212477396021698
2015-03-12 02:45:00,5.073236889692584
2015-03-12 02:50:00,4.92405063291139
2015-03-12 02:55:00,4.764918625678117
2015-03-12 03:00:00,4.675406871609401
2015-03-12 03:05:00,4.754972875226038
2015-03-12 03:10:00,4.95388788426763
2015-03-12 03:15:00,5.053345388788425
2015-03-12 03:20:00,5.073236889692584
2015-03-12 03:25:00,4.794755877034357
2015-03-12 03:30:00,4.615732368896924
2015-03-12 03:35:00,4.456600361663652
2015-03-12 03:40:00,4.377034358047015
2015-03-12 03:45:00,4.4367088607594924
2015-03-12 03:50:00,4.4367088607594924
2015-03-12 03:55:00,4.556057866184448
2015-03-12 04:00:00,4.466546112115731
2015-03-12 04:05:00,4.287522603978299
2015-03-12 04:10:00,4.009041591320071
2015-03-12 04:15:00,3.7206148282097633
2015-03-12 04:20:00,3.541591320072331
2015-03-12 04:25:00,3.4321880650994556
2015-03-12 04:30:00,3.283001808318262
2015-03-12 04:35:00,3.0641952983725114
2015-03-12 04:40:00,2.8254972875226017
2015-03-12 04:45:00,2.666365280289329
2015-03-12 04:50:00,2.7061482820976472
2015-03-12 04:55:00,2.745931283905966
2015-03-12 05:00:00,2.805605786618443
2015-03-12 05:05:00,2.8851717902350797
2015-03-12 05:10:00,3.0244122965641935
2015-03-12 05:15:00,3.2233273056057845
2015-03-12 05:20:00,3.2631103074141032
2015-03-12 05:25:00,2.9846292947558752
2015-03-12 05:30:00,2.6166365280289314
2015-03-12 05:35:00,2.2088607594936693
2015-03-12 05:40:00,2.0
2015-03-12 05:45:00,2.0
2015-03-12 05:50:00,2.198915009041589
2015-03-12 05:55:00,2.4276672694394197
2015-03-12 06:00:00,2.6564195298372493
2015-03-12 06:05:00,2.716094032549727
2015-03-12 06:10:00,2.5867992766726924
2015-03-12 06:15:00,2.3779385171790217
2015-03-12 06:20:00,2.2486437613019876
2015-03-12 06:25:00,2.348101265822783
2015-03-12 06:30:00,2.487341772151897
2015-03-12 06:35:00,2.6862567811934883
2015-03-12 06:40:00,2.745931283905966
2015-03-12 06:45:00,2.666365280289329
2015-03-12 06:50:00,2.547016274864374
2015-03-12 06:55:00,2.527124773960215
2015-03-12 07:00:00,2.596745027124772
2015-03-12 07:05:00,2.755877034358045
2015-03-12 07:10:00,2.815551537070523
2015-03-12 07:15:00,2.755877034358045
2015-03-12 07:20:00,2.586799276672693
2015-03-12 07:25:00,2.348101265822783
2015-03-12 07:30:00,2.2486437613019876
2015-03-12 07:35:00,2.2088607594936693
2015-03-12 07:40:00,2.288426763110306
2015-03-12 07:45:00,2.288426763110306
2015-03-12 07:50:00,2.238698010849908
2015-03-12 07:55:00,2.139240506329112
2015-03-12 08:00:00,2.1292947558770328
2015-03-12 08:05:00,2.1989150090415897
2015-03-12 08:10:00,2.308318264014465
2015-03-12 08:15:00,2.308318264014465
2015-03-12 08:20:00,2.2088607594936693
2015-03-12 08:25:00,2.139240506329112
2015-03-12 08:30:00,2.029837251356237
2015-03-12 08:35:00,2.029837251356237
2015-03-12 08:40:00,2.0596745027124754
2015-03-12 08:45:00,2.0895117540687145
2015-03-12 08:50:00,2.0895117540687145
2015-03-12 08:55:00,2.0895117540687145
2015-03-12 09:00:00,2.029837251356237
2015-03-12 09:05:00,2.079566003616635
2015-03-12 09:10:00,2.079566003616635
2015-03-12 09:15:00,2.1292947558770328
2015-03-12 09:20:00,2.1292947558770328
2015-03-12 09:25:00,2.049728752260396
2015-03-12 09:30:00,2.049728752260396
2015-03-12 09:35:00,2.0
2015-03-12 09:40:00,2.089511754068714
2015-03-12 09:45:00,2.278481012658226
2015-03-12 09:50:00,2.477396021699817
2015-03-12 09:55:00,2.8155515370705224
2015-03-12 10:00:00,3.084086799276671
2015-03-12 10:05:00,3.302893309222421
2015-03-12 10:10:00,3.34267631103074
2015-03-12 10:15:00,3.0741410488245915
2015-03-12 10:20:00,2.716094032549727
2015-03-12 10:25:00,2.308318264014465
2015-03-12 10:30:00,2.099457504520794
2015-03-12 10:35:00,2.1989150090415897
2015-03-12 10:40:00,2.3779385171790217
2015-03-12 10:45:00,3.044303797468353
2015-03-12 10:50:00,3.6410488245931267
2015-03-12 10:55:00,4.02893309222423
2015-03-12 11:00:00,4.307414104882458
2015-03-12 11:05:00,4.178119349005423
2015-03-12 11:10:00,4.108499095840867
2015-03-12 11:15:00,3.700723327305605
2015-03-12 11:20:00,3.2432188065099448
2015-03-12 11:25:00,2.706148282097648
2015-03-12 11:30:00,2.169077757685351
2015-03-12 11:35:00,2.119349005424953
2015-03-12 11:40:00,2.2784810126582262
2015-03-12 11:45:00,2.5271247739602156
2015-03-12 11:50:00,2.895117540687159
2015-03-12 11:55:00,3.292947558770342
2015-03-12 12:00:00,3.6311030741410475
2015-03-12 12:05:00,3.81012658227848
2015-03-12 12:10:00,3.8200723327305592
2015-03-12 12:15:00,3.7305605786618425
2015-03-12 12:20:00,3.8499095840867974
2015-03-12 12:25:00,4.009041591320071
2015-03-12 12:30:00,4.058770343580469
2015-03-12 12:35:00,3.899638336347196
2015-03-12 12:40:00,3.5216998191681723
2015-03-12 12:45:00,3.4122965641952967
2015-03-12 12:50:00,3.4819168173598536
2015-03-12 12:55:00,4.048824593128389
2015-03-12 13:00:00,4.804701627486436
2015-03-12 13:05:00,5.41139240506329
2015-03-12 13:10:00,5.839059674502711
2015-03-12 13:15:00,5.7495479204339945
2015-03-12 13:20:00,5.62025316455696
2015-03-12 13:25:00,5.4412296564195275
2015-03-12 13:30:00,5.530741410488244
2015-03-12 13:35:00,5.709764918625676
2015-03-12 13:40:00,5.809222423146472
2015-03-12 13:45:00,5.888788426763109
2015-03-12 13:50:00,5.689873417721517
2015-03-12 13:55:00,5.829113924050631
2015-03-12 14:00:00,5.988245931283904
2015-03-12 14:05:00,6.207052441229655
2015-03-12 14:10:00,6.336347197106689
2015-03-12 14:15:00,6.664556962025315
2015-03-12 14:20:00,7.599457504520794
2015-03-12 14:25:00,8.643761301989148
2015-03-12 14:30:00,9.479204339963832
2015-03-12 14:35:00,9.32007233273056
2015-03-12 14:40:00,8.275768535262204
2015-03-12 14:45:00,7.0126582278481
2015-03-12 14:50:00,6.296564195298371
2015-03-12 14:55:00,6.067811934900541
2015-03-12 15:00:00,5.978300180831824
2015-03-12 15:05:00,5.85895117540687
2015-03-12 15:10:00,5.6401446654611185
2015-03-12 15:15:00,5.610307414104881
2015-03-12 15:20:00,5.481012658227846
2015-03-12 15:25:00,5.471066907775767
2015-03-12 15:30:00,5.361663652802892
2015-03-12 15:35:00,5.311934900542493
2015-03-12 15:40:00,5.311934900542494
2015-03-12 15:45:00,5.371609403254971
2015-03-12 15:50:00,5.6003616636528015
2015-03-12 15:55:00,5.918625678119347
2015-03-12 16:00:00,6.067811934900541
2015-03-12 16:05:00,5.878842676311029
2015-03-12 16:10:00,5.371609403254972
2015-03-12 16:15:00,4.685352622061481
2015-03-12 16:20:00,4.406871609403253
2015-03-12 16:25:00,4.327305605786616
2015-03-12 16:30:00,4.546112115732368
2015-03-12 16:35:00,4.49638336347197
2015-03-12 16:40:00,4.396925858951174
2015-03-12 16:45:00,4.416817359855333
2015-03-12 16:50:00,4.595840867992765
2015-03-12 16:55:00,5.1428571428571415
2015-03-12 17:00:00,5.660036166365279
2015-03-12 17:05:00,6.018083182640143
2015-03-12 17:10:00,6.008137432188064
2015-03-12 17:15:00,5.650090415913199
2015-03-12 17:20:00,5.272151898734176
2015-03-12 17:25:00,5.083182640144664
2015-03-12 17:30:00,5.003616636528028
2015-03-12 17:35:00,5.0433996383363455
2015-03-12 17:40:00,4.874321880650992
2015-03-12 17:45:00,8.922242314647377
2015-03-12 17:50:00,13.63652802893309
2015-03-12 17:55:00,18.420433996383363
2015-03-12 18:00:00,21.24502712477396
2015-03-12 18:05:00,18.758589511754067
2015-03-12 18:10:00,15.317359855334537
2015-03-12 18:15:00,12.582278481012656
2015-03-12 18:20:00,11.985533453887882
2015-03-12 18:25:00,12.43309222423146
2015-03-12 18:30:00,12.572332730560575
2015-03-12 18:35:00,11.846292947558766
2015-03-12 18:40:00,11.199819168173594
2015-03-12 18:45:00,10.284810126582276
2015-03-12 18:50:00,10.145569620253161
2015-03-12 18:55:00,10.095840867992765
2015-03-12 19:00:00,9.797468354430377
2015-03-12 19:05:00,9.300180831826399
2015-03-12 19:10:00,8.474683544303796
2015-03-12 19:15:00,7.8580470162748615
2015-03-12 19:20:00,7.718806509945749
2015-03-12 19:25:00,7.997287522603976
2015-03-12 19:30:00,8.544303797468352
2015-03-12 19:35:00,9.310126582278478
2015-03-12 19:40:00,9.966546112115731
2015-03-12 19:45:00,10.493670886075947
2015-03-12 19:50:00,10.284810126582276
2015-03-12 19:55:00,9.489150090415912
2015-03-12 20:00:00,8.454792043399637
2015-03-12 20:05:00,7.589511754068713
2015-03-12 20:10:00,7.161844484629293
2015-03-12 20:15:00,6.873417721518986
2015-03-12 20:20:00,6.594936708860757
2015-03-12 20:25:00,6.276672694394212
2015-03-12 20:30:00,6.405967450271246
2015-03-12 20:35:00,7.052441229656417
2015-03-12 20:40:00,7.987341772151896
2015-03-12 20:45:00,8.723327305605784
2015-03-12 20:50:00,8.713381555153704
2015-03-12 20:55:00,8.176311030741408
2015-03-12 21:00:00,7.23146473779385
2015-03-12 21:05:00,6.644665461121156
2015-03-12 21:10:00,6.535262206148281
2015-03-12 21:15:00,7.092224231464737
2015-03-12 21:20:00,8.216094032549726
2015-03-12 21:25:00,9.449367088607593
2015-03-12 21:30:00,10.921338155515368
2015-03-12 21:35:00,11.617540687160938
2015-03-12 21:40:00,11.537974683544302
2015-03-12 21:45:00,10.712477396021697
2015-03-12 21:50:00,9.439421338155514
2015-03-12 21:55:00,8.464737793851716
2015-03-12 22:00:00,7.589511754068715
2015-03-12 22:05:00,7.122061482820975
2015-03-12 22:10:00,6.923146473779384
2015-03-12 22:15:00,6.724231464737793
2015-03-12 22:20:00,6.78390596745027
2015-03-12 22:25:00,6.674502712477395
2015-03-12 22:30:00,6.764014466546111
2015-03-12 22:35:00,8.13652802893309
2015-03-12 22:40:00,9.72784810126582
2015-03-12 22:45:00,11.528028933092221
2015-03-12 22:50:00,12.084990958408678
2015-03-12 22:55:00,11.150090415913198
2015-03-12 23:00:00,10.155515370705242
2015-03-12 23:05:00,8.932188065099457
2015-03-12 23:10:00,8.84267631103074
2015-03-12 23:15:00,8.39511754068716
2015-03-12 23:20:00,7.708860759493669
2015-03-12 23:25:00,7.0623869801084975
2015-03-12 23:30:00,6.545207956600359
2015-03-12 23:35:00,6.4059674502712465
2015-03-12 23:40:00,6.216998191681735
2015-03-12 23:45:00,6.0877034358047
2015-03-12 23:50:00,5.789330922242314
2015-03-12 23:55:00,5.660036166365279
2015-03-13 00:00:00,5.550632911392404
2015-03-13 00:05:00,5.530741410488245
2015-03-13 00:10:00,5.769439421338154
2015-03-13 00:15:00,6.057866184448461
2015-03-13 00:20:00,6.525316455696201
2015-03-13 00:25:00,6.694394213381553
2015-03-13 00:30:00,6.465641952983724
2015-03-13 00:35:00,5.898734177215188
2015-03-13 00:40:00,5.282097649186255
2015-03-13 00:45:00,5.132911392405061
2015-03-13 00:50:00,5.222423146473778
2015-03-13 00:55:00,5.739602169981915
2015-03-13 01:00:00,6.167269439421337
2015-03-13 01:05:00,6.3065099457504505
2015-03-13 01:10:00,6.057866184448462
2015-03-13 01:15:00,5.580470162748642
2015-03-13 01:20:00,5.381555153707051
2015-03-13 01:25:00,5.39150090415913
2015-03-13 01:30:00,5.630198915009039
2015-03-13 01:35:00,6.614828209764917
2015-03-13 01:40:00,7.8580470162748615
2015-03-13 01:45:00,9.369801084990955
2015-03-13 01:50:00,10.066003616636525
2015-03-13 01:55:00,9.877034358047013
2015-03-13 02:00:00,8.892405063291138
2015-03-13 02:05:00,7.599457504520794
2015-03-13 02:10:00,6.803797468354429
2015-03-13 02:15:00,6.236889692585894
2015-03-13 02:20:00,6.226943942133815
2015-03-13 02:25:00,6.256781193490053
2015-03-13 02:30:00,6.435804701627485
2015-03-13 02:35:00,6.226943942133814
2015-03-13 02:40:00,5.7495479204339945
2015-03-13 02:45:00,5.242314647377937
2015-03-13 02:50:00,4.754972875226038
2015-03-13 02:55:00,4.50632911392405
2015-03-13 03:00:00,4.118444846292946
2015-03-13 03:05:00,3.7405063291139222
2015-03-13 03:10:00,3.4122965641952963
2015-03-13 03:15:00,3.7206148282097633
2015-03-13 03:20:00,4.3869801084990945
2015-03-13 03:25:00,5.2423146473779365
2015-03-13 03:30:00,5.86889692585895
2015-03-13 03:35:00,5.779385171790233
2015-03-13 03:40:00,5.39150090415913
2015-03-13 03:45:00,4.556057866184447
2015-03-13 03:50:00,3.9692585895117523
2015-03-13 03:55:00,3.5515370705244105
2015-03-13 04:00:00,3.4819168173598536
2015-03-13 04:05:00,3.750452079566002
2015-03-13 04:10:00,4.0289330922242295
2015-03-13 04:15:00,4.516274864376128
2015-03-13 04:20:00,4.7350813743218785
2015-03-13 04:25:00,4.745027124773959
2015-03-13 04:30:00,4.5858951175406855
2015-03-13 04:35:00,4.635623869801083
2015-03-13 04:40:00,5.023508137432186
2015-03-13 04:45:00,5.40144665461121
2015-03-13 04:50:00,5.9981916817359835
2015-03-13 04:55:00,6.097649186256779
2015-03-13 05:00:00,5.908679927667268
2015-03-13 05:05:00,5.510849909584085
2015-03-13 05:10:00,5.212477396021699
2015-03-13 05:15:00,5.023508137432186
2015-03-13 05:20:00,4.874321880650992
2015-03-13 05:25:00,4.884267631103072
2015-03-13 05:30:00,4.725135623869799
2015-03-13 05:35:00,4.446654611211572
2015-03-13 05:40:00,4.048824593128389
2015-03-13 05:45:00,3.8300180831826385
2015-03-13 05:50:00,4.078661844484627
2015-03-13 05:55:00,4.426763110307412
2015-03-13 06:00:00,4.824593128390595
2015-03-13 06:05:00,4.735081374321879
2015-03-13 06:10:00,4.267631103074139
2015-03-13 06:15:00,3.760397830018082
2015-03-13 06:20:00,3.3227848101265804
2015-03-13 06:25:00,3.33273056057866
2015-03-13 06:30:00,3.3128390596745008
2015-03-13 06:35:00,3.2233273056057845
2015-03-13 06:40:00,3.044303797468353
2015-03-13 06:45:00,2.815551537070523
2015-03-13 06:50:00,2.765822784810125
2015-03-13 06:55:00,2.855334538878841
2015-03-13 07:00:00,3.0443037974683524
2015-03-13 07:05:00,3.2332730560578646
2015-03-13 07:10:00,3.10397830018083
2015-03-13 07:15:00,2.875226039783
2015-03-13 07:20:00,2.5171790235081355
2015-03-13 07:25:00,2.696202531645568
2015-03-13 07:30:00,3.153707052441228
2015-03-13 07:35:00,3.6211573236889683
2015-03-13 07:40:00,3.780289330922241
2015-03-13 07:45:00,3.3924050632911382
2015-03-13 07:50:00,2.9746835443037956
2015-03-13 07:55:00,2.537070524412295
2015-03-13 08:00:00,2.5171790235081355
2015-03-13 08:05:00,2.547016274864374
2015-03-13 08:10:00,2.5569620253164542
2015-03-13 08:15:00,2.5569620253164542
2015-03-13 08:20:00,2.467450271247738
2015-03-13 08:25:00,2.467450271247738
2015-03-13 08:30:00,2.4376130198914994
2015-03-13 08:35:00,2.5072332730560563
2015-03-13 08:40:00,2.467450271247738
2015-03-13 08:45:00,2.348101265822783
2015-03-13 08:50:00,2.1989150090415897
2015-03-13 08:55:00,2.069620253164555
2015-03-13 09:00:00,2.0696202531645556
2015-03-13 09:05:00,2.0696202531645556
2015-03-13 09:10:00,2.0696202531645556
2015-03-13 09:15:00,2.0198915009041576
2015-03-13 09:20:00,2.079566003616635
2015-03-13 09:25:00,2.278481012658226
2015-03-13 09:30:00,2.586799276672693
2015-03-13 09:35:00,2.825497287522602
2015-03-13 09:40:00,2.9150090415913184
2015-03-13 09:45:00,2.8752260397830005
2015-03-13 09:50:00,2.716094032549727
2015-03-13 09:55:00,2.626582278481011
2015-03-13 10:00:00,2.765822784810125
2015-03-13 10:05:00,2.9746835443037964
2015-03-13 10:10:00,3.5316455696202516
2015-03-13 10:15:00,3.969258589511753
2015-03-13 10:20:00,4.247739602169981
2015-03-13 10:25:00,4.128390596745026
2015-03-13 10:30:00,3.700723327305605
2015-03-13 10:35:00,3.4719710669077744
2015-03-13 10:40:00,3.402350813743217
2015-03-13 10:45:00,3.6907775768535247
2015-03-13 10:50:00,3.8598553345388775
2015-03-13 10:55:00,3.9294755877034344
2015-03-13 11:00:00,3.780289330922241
2015-03-13 11:05:00,3.631103074141047
2015-03-13 11:10:00,3.5515370705244105
2015-03-13 11:15:00,3.5216998191681723
2015-03-13 11:20:00,3.9195298372513547
2015-03-13 11:25:00,4.317359855334537
2015-03-13 11:30:00,4.764918625678118
2015-03-13 11:35:00,5.033453887884265
2015-03-13 11:40:00,4.94394213381555
2015-03-13 11:45:00,4.824593128390595
2015-03-13 11:50:00,4.645569620253163
2015-03-13 11:55:00,4.70524412296564
2015-03-13 12:00:00,4.924050632911391
2015-03-13 12:05:00,5.003616636528027
2015-03-13 12:10:00,5.202531645569619
2015-03-13 12:15:00,5.113019891500902
2015-03-13 12:20:00,4.914104882459311
2015-03-13 12:25:00,4.884267631103072
2015-03-13 12:30:00,4.894213381555152
2015-03-13 12:35:00,5.103074141048824
2015-03-13 12:40:00,4.973779385171789
2015-03-13 12:45:00,4.685352622061481
2015-03-13 12:50:00,4.307414104882458
2015-03-13 12:55:00,4.078661844484627
2015-03-13 13:00:00,4.2278481012658204
2015-03-13 13:05:00,4.47649186256781
2015-03-13 13:10:00,4.635623869801083
2015-03-13 13:15:00,4.625678119349004
2015-03-13 13:20:00,4.4864376130198895
2015-03-13 13:25:00,4.3869801084990945
2015-03-13 13:30:00,4.396925858951174
2015-03-13 13:35:00,4.655515370705242
2015-03-13 13:40:00,5.421338155515369
2015-03-13 13:45:00,6.396021699819166
2015-03-13 13:50:00,7.2115732368896905
2015-03-13 13:55:00,7.569620253164555
2015-03-13 14:00:00,7.22151898734177
2015-03-13 14:05:00,6.724231464737792
2015-03-13 14:10:00,6.177215189873415
2015-03-13 14:15:00,5.789330922242312
2015-03-13 14:20:00,5.500904159132006
2015-03-13 14:25:00,5.222423146473778
2015-03-13 14:30:00,5.222423146473778
2015-03-13 14:35:00,5.510849909584085
2015-03-13 14:40:00,6.047920433996382
2015-03-13 14:45:00,6.654611211573235
2015-03-13 14:50:00,6.933092224231463
2015-03-13 14:55:00,7.092224231464736
2015-03-13 15:00:00,7.022603978300179
2015-03-13 15:05:00,6.98282097649186
2015-03-13 15:10:00,6.644665461121155
2015-03-13 15:15:00,6.057866184448462
2015-03-13 15:20:00,5.381555153707051
2015-03-13 15:25:00,4.645569620253163
2015-03-13 15:30:00,4.645569620253163
2015-03-13 15:35:00,4.814647377938515
2015-03-13 15:40:00,5.212477396021698
2015-03-13 15:45:00,5.421338155515368
2015-03-13 15:50:00,5.759493670886075
2015-03-13 15:55:00,6.515370705244122
2015-03-13 16:00:00,7.271247739602169
2015-03-13 16:05:00,7.967450271247738
2015-03-13 16:10:00,7.937613019891499
2015-03-13 16:15:00,7.390596745027123
2015-03-13 16:20:00,6.7540687160940305
2015-03-13 16:25:00,6.435804701627484
2015-03-13 16:30:00,6.425858951175405
2015-03-13 16:35:00,6.435804701627485
2015-03-13 16:40:00,6.266726943942132
2015-03-13 16:45:00,6.157323688969257
2015-03-13 16:50:00,6.077757685352621
2015-03-13 16:55:00,6.31645569620253
2015-03-13 17:00:00,6.614828209764918
2015-03-13 17:05:00,6.664556962025316
2015-03-13 17:10:00,6.624773960216997
2015-03-13 17:15:00,6.336347197106689
2015-03-13 17:20:00,6.29656419529837
2015-03-13 17:25:00,6.266726943942132
2015-03-13 17:30:00,6.276672694394212
2015-03-13 17:35:00,6.276672694394211
2015-03-13 17:40:00,6.147377938517177
2015-03-13 17:45:00,6.197106690777576
2015-03-13 17:50:00,6.4059674502712465
2015-03-13 17:55:00,7.03254972875226
2015-03-13 18:00:00,7.967450271247738
2015-03-13 18:05:00,8.723327305605785
2015-03-13 18:10:00,9.08137432188065
2015-03-13 18:15:00,8.673598553345387
2015-03-13 18:20:00,7.808318264014465
2015-03-13 18:25:00,6.843580470162747
2015-03-13 18:30:00,6.137432188065097
2015-03-13 18:35:00,5.908679927667268
2015-03-13 18:40:00,5.630198915009039
2015-03-13 18:45:00,5.272151898734176
2015-03-13 18:50:00,4.754972875226038
2015-03-13 18:55:00,4.347197106690777
2015-03-13 19:00:00,4.327305605786616
2015-03-13 19:05:00,4.655515370705242
2015-03-13 19:10:00,5.083182640144663
2015-03-13 19:15:00,5.481012658227846
2015-03-13 19:20:00,5.6998191681735975
2015-03-13 19:25:00,5.829113924050632
2015-03-13 19:30:00,5.968354430379745
2015-03-13 19:35:00,5.948462929475586
2015-03-13 19:40:00,6.028028933092223
2015-03-13 19:45:00,6.127486437613018
2015-03-13 19:50:00,6.614828209764917
2015-03-13 19:55:00,7.430379746835441
2015-03-13 20:00:00,8.007233273056055
2015-03-13 20:05:00,8.066907775768533
2015-03-13 20:10:00,7.291139240506327
2015-03-13 20:15:00,6.0479204339963815
2015-03-13 20:20:00,5.033453887884266
2015-03-13 20:25:00,4.575949367088605
2015-03-13 20:30:00,4.615732368896924
2015-03-13 20:35:00,4.556057866184447
2015-03-13 20:40:00,4.24773960216998
2015-03-13 20:45:00,3.889692585895116
2015-03-13 20:50:00,4.24773960216998
2015-03-13 20:55:00,5.37160940325497
2015-03-13 21:00:00,7.360759493670884
2015-03-13 21:05:00,8.981916817359853
2015-03-13 21:10:00,9.379746835443035
2015-03-13 21:15:00,8.514466546112113
2015-03-13 21:20:00,6.793851717902349
2015-03-13 21:25:00,5.451175406871608
2015-03-13 21:30:00,4.695298372513561
2015-03-13 21:35:00,4.70524412296564
2015-03-13 21:40:00,4.8444846292947545
2015-03-13 21:45:00,4.754972875226039
2015-03-13 21:50:00,4.794755877034357
2015-03-13 21:55:00,5.749547920433995
2015-03-13 22:00:00,7.320976491862567
2015-03-13 22:05:00,9.339963833634718
2015-03-13 22:10:00,10.632911392405061
2015-03-13 22:15:00,10.603074141048822
2015-03-13 22:20:00,9.469258589511753
2015-03-13 22:25:00,7.858047016274863
2015-03-13 22:30:00,6.813743218806508
2015-03-13 22:35:00,6.137432188065098
2015-03-13 22:40:00,5.86889692585895
2015-03-13 22:45:00,5.809222423146473
2015-03-13 22:50:00,5.719710669077756
2015-03-13 22:55:00,5.6500904159131995
2015-03-13 23:00:00,5.739602169981916
2015-03-13 23:05:00,5.729656419529835
2015-03-13 23:10:00,5.580470162748642
2015-03-13 23:15:00,5.113019891500903
2015-03-13 23:20:00,4.595840867992765
2015-03-13 23:25:00,4.178119349005423
2015-03-13 23:30:00,4.068716094032548
2015-03-13 23:35:00,4.3372513562386965
2015-03-13 23:40:00,4.814647377938515
2015-03-13 23:45:00,5.451175406871608
2015-03-13 23:50:00,6.336347197106688
2015-03-13 23:55:00,7.20162748643761
2015-03-14 00:00:00,7.728752260397828
2015-03-14 00:05:00,7.957504520795657
2015-03-14 00:10:00,7.649186256781192
2015-03-14 00:15:00,7.24141048824593
2015-03-14 00:20:00,6.694394213381553
2015-03-14 00:25:00,6.266726943942133
2015-03-14 00:30:00,6.10759493670886
2015-03-14 00:35:00,5.829113924050631
2015-03-14 00:40:00,5.8490054249547905
2015-03-14 00:45:00,6.028028933092222
2015-03-14 00:50:00,6.29656419529837
2015-03-14 00:55:00,6.545207956600359
2015-03-14 01:00:00,6.445750452079564
2015-03-14 01:05:00,5.988245931283904
2015-03-14 01:10:00,5.441229656419528
2015-03-14 01:15:00,4.983725135623868
2015-03-14 01:20:00,4.655515370705243
2015-03-14 01:25:00,4.436708860759492
2015-03-14 01:30:00,4.207956600361662
2015-03-14 01:35:00,8.981916817359853
2015-03-14 01:40:00,13.984629294755877
2015-03-14 01:45:00,19.047016274864376
2015-03-14 01:50:00,24.0
2015-03-14 01:55:00,24.0
2015-03-14 02:00:00,24.0
2015-03-14 02:05:00,24.0
2015-03-14 02:10:00,23.701627486437612
2015-03-14 02:15:00,22.34900542495479
2015-03-14 02:20:00,20.170886075949365
2015-03-14 02:25:00,17.386075949367086
2015-03-14 02:30:00,17.684448462929474
2015-03-14 02:35:00,19.037070524412293
2015-03-14 02:40:00,21.21518987341772
2015-03-14 02:45:00,22.886075949367086
2015-03-14 02:50:00,18.8381555153707
2015-03-14 02:55:00,14.730560578661843
2015-03-14 03:00:00,10.294755877034355
2015-03-14 03:05:00,6.962929475587702
2015-03-14 03:10:00,6.614828209764917
2015-03-14 03:15:00,6.346292947558769
2015-03-14 03:20:00,6.008137432188063
2015-03-14 03:25:00,5.471066907775767
2015-03-14 03:30:00,4.993670886075948
2015-03-14 03:35:00,4.575949367088606
2015-03-14 03:40:00,4.50632911392405
2015-03-14 03:45:00,4.566003616636527
2015-03-14 03:50:00,4.48643761301989
2015-03-14 03:55:00,4.4367088607594924
2015-03-14 04:00:00,4.317359855334537
2015-03-14 04:05:00,4.367088607594935
2015-03-14 04:10:00,4.347197106690777
2015-03-14 04:15:00,4.1383363471971055
2015-03-14 04:20:00,3.979204339963832
2015-03-14 04:25:00,3.5913200723327288
2015-03-14 04:30:00,3.2631103074141032
2015-03-14 04:35:00,2.9846292947558752
2015-03-14 04:40:00,2.9547920433996366
2015-03-14 04:45:00,3.10397830018083
2015-03-14 04:50:00,3.3128390596745008
2015-03-14 04:55:00,3.5913200723327288
2015-03-14 05:00:00,3.8300180831826385
2015-03-14 05:05:00,4.03887884267631
2015-03-14 05:10:00,4.0289330922242295
2015-03-14 05:15:00,3.7603978300180816
2015-03-14 05:20:00,3.3128390596745008
2015-03-14 05:25:00,2.8652802893309204
2015-03-14 05:30:00,2.765822784810125
2015-03-14 05:35:00,2.8453887884267615
2015-03-14 05:40:00,2.875226039783
2015-03-14 05:45:00,2.8453887884267615
2015-03-14 05:50:00,2.6862567811934883
2015-03-14 05:55:00,2.7061482820976472
2015-03-14 06:00:00,2.835443037974682
2015-03-14 06:05:00,3.3725135623869784
2015-03-14 06:10:00,4.098553345388787
2015-03-14 06:15:00,4.9439421338155505
2015-03-14 06:20:00,5.968354430379746
2015-03-14 06:25:00,6.793851717902349
2015-03-14 06:30:00,7.1121157323688955
2015-03-14 06:35:00,6.54520795660036
2015-03-14 06:40:00,5.331826401446653
2015-03-14 06:45:00,3.9394213381555137
2015-03-14 06:50:00,2.9349005424954777
2015-03-14 06:55:00,2.5569620253164542
2015-03-14 07:00:00,2.5967450271247725
2015-03-14 07:05:00,2.7260397830018066
2015-03-14 07:10:00,2.8851717902350797
2015-03-14 07:15:00,3.2332730560578646
2015-03-14 07:20:00,3.4819168173598536
2015-03-14 07:25:00,3.611211573236888
2015-03-14 07:30:00,3.660940325497286
2015-03-14 07:35:00,3.6410488245931267
2015-03-14 07:40:00,3.660940325497285
2015-03-14 07:45:00,3.6708860759493653
2015-03-14 07:50:00,3.839963833634718
2015-03-14 07:55:00,4.088607594936708
2015-03-14 08:00:00,4.446654611211572
2015-03-14 08:05:00,4.625678119349004
2015-03-14 08:10:00,4.615732368896924
2015-03-14 08:15:00,4.4367088607594924
2015-03-14 08:20:00,4.198010849909583
2015-03-14 08:25:00,4.058770343580468
2015-03-14 08:30:00,3.8300180831826385
2015-03-14 08:35:00,3.650994575045206
2015-03-14 08:40:00,3.541591320072331
2015-03-14 08:45:00,8.643761301989148
2015-03-14 08:50:00,13.825497287522602
2015-03-14 08:55:00,18.927667269439418
2015-03-14 09:00:00,24.0
2015-03-14 09:05:00,24.0
2015-03-14 09:10:00,24.0
2015-03-14 09:15:00,23.353526220614828
2015-03-14 09:20:00,18.191681735985533
2015-03-14 09:25:00,12.990054249547919
2015-03-14 09:30:00,7.828209764918625
2015-03-14 09:35:00,3.4421338155515353
2015-03-14 09:40:00,3.750452079566002
2015-03-14 09:45:00,4.198010849909583
2015-03-14 09:50:00,4.71518987341772
2015-03-14 09:55:00,5.1627486437613
2015-03-14 10:00:00,5.510849909584085
2015-03-14 10:05:00,5.709764918625676
2015-03-14 10:10:00,6.018083182640143
2015-03-14 10:15:00,6.037974683544302
2015-03-14 10:20:00,5.779385171790233
2015-03-14 10:25:00,5.182640144665459
2015-03-14 10:30:00,4.347197106690777
2015-03-14 10:35:00,3.7703435804701613
2015-03-14 10:40:00,3.283001808318262
2015-03-14 10:45:00,3.2133815551537053
2015-03-14 10:50:00,3.173598553345387
2015-03-14 10:55:00,3.292947558770342
2015-03-14 11:00:00,3.5415913200723312
2015-03-14 11:05:00,3.6012658227848084
2015-03-14 11:10:00,3.4819168173598536
2015-03-14 11:15:00,3.1139240506329093
2015-03-14 11:20:00,2.9249547920433976
2015-03-14 11:25:00,3.0343580470162728
2015-03-14 11:30:00,3.5813743218806495
2015-03-14 11:35:00,4.367088607594935
2015-03-14 11:40:00,5.152802893309221
2015-03-14 11:45:00,5.85895117540687
2015-03-14 11:50:00,5.988245931283905
2015-03-14 11:55:00,5.669981916817359
2015-03-14 12:00:00,4.874321880650993
2015-03-14 12:05:00,4.1383363471971055
2015-03-14 12:10:00,3.6907775768535243
2015-03-14 12:15:00,3.511754068716092
2015-03-14 12:20:00,3.531645569620251
2015-03-14 12:25:00,3.471971066907774
2015-03-14 12:30:00,3.57142857142857
2015-03-14 12:35:00,3.6708860759493653
2015-03-14 12:40:00,3.879746835443037
2015-03-14 12:45:00,4.018987341772151
2015-03-14 12:50:00,4.009041591320071
2015-03-14 12:55:00,3.9593128390596735
2015-03-14 13:00:00,3.959312839059673
2015-03-14 13:05:00,4.456600361663652
2015-03-14 13:10:00,5.083182640144663
2015-03-14 13:15:00,5.709764918625677
2015-03-14 13:20:00,5.779385171790233
2015-03-14 13:25:00,5.262206148282096
2015-03-14 13:30:00,4.575949367088605
2015-03-14 13:35:00,3.9195298372513543
2015-03-14 13:40:00,3.631103074141047
2015-03-14 13:45:00,3.4918625678119333
2015-03-14 13:50:00,3.6012658227848084
2015-03-14 13:55:00,3.909584086799275
2015-03-14 14:00:00,4.367088607594935
2015-03-14 14:05:00,4.8444846292947545
2015-03-14 14:10:00,5.1428571428571415
2015-03-14 14:15:00,5.40144665461121
2015-03-14 14:20:00,5.481012658227847
2015-03-14 14:25:00,5.650090415913199
2015-03-14 14:30:00,5.709764918625677
2015-03-14 14:35:00,5.789330922242313
2015-03-14 14:40:00,5.958408679927665
2015-03-14 14:45:00,5.858951175406871
2015-03-14 14:50:00,5.6898734177215164
2015-03-14 14:55:00,5.411392405063289
2015-03-14 15:00:00,5.053345388788426
2015-03-14 15:05:00,4.8942133815551525
2015-03-14 15:10:00,4.635623869801083
2015-03-14 15:15:00,4.675406871609402
2015-03-14 15:20:00,4.784810126582277
2015-03-14 15:25:00,4.904159132007232
2015-03-14 15:30:00,4.9936708860759484
2015-03-14 15:35:00,4.645569620253164
2015-03-14 15:40:00,4.317359855334537
2015-03-14 15:45:00,4.2377938517179015
2015-03-14 15:50:00,4.725135623869799
2015-03-14 15:55:00,5.540687160940323
2015-03-14 16:00:00,6.256781193490053
2015-03-14 16:05:00,6.475587703435804
2015-03-14 16:10:00,6.177215189873416
2015-03-14 16:15:00,5.6500904159131995
2015-03-14 16:20:00,5.272151898734176
2015-03-14 16:25:00,5.331826401446652
2015-03-14 16:30:00,5.540687160940324
2015-03-14 16:35:00,5.729656419529835
2015-03-14 16:40:00,5.630198915009041
2015-03-14 16:45:00,5.3417721518987324
2015-03-14 16:50:00,5.053345388788425
2015-03-14 16:55:00,4.8444846292947545
2015-03-14 17:00:00,4.854430379746834
2015-03-14 17:05:00,4.824593128390595
2015-03-14 17:10:00,4.754972875226038
2015-03-14 17:15:00,4.4367088607594924
2015-03-14 17:20:00,4.048824593128389
2015-03-14 17:25:00,3.740506329113922
2015-03-14 17:30:00,3.6609403254972857
2015-03-14 17:35:00,3.9195298372513547
2015-03-14 17:40:00,4.406871609403253
2015-03-14 17:45:00,4.95388788426763
2015-03-14 17:50:00,5.381555153707051
2015-03-14 17:55:00,5.431283905967448
2015-03-14 18:00:00,5.709764918625677
2015-03-14 18:05:00,6.3065099457504505
2015-03-14 18:10:00,7.340867992766725
2015-03-14 18:15:00,8.186256781193489
2015-03-14 18:20:00,8.773056057866182
2015-03-14 18:25:00,9.180831826401445
2015-03-14 18:30:00,9.150994575045207
2015-03-14 18:35:00,9.200723327305603
2015-03-14 18:40:00,8.872513562386978
2015-03-14 18:45:00,8.494575045207954
2015-03-14 18:50:00,7.947558770343578
2015-03-14 18:55:00,7.589511754068714
2015-03-14 19:00:00,7.052441229656417
2015-03-14 19:05:00,6.31645569620253
2015-03-14 19:10:00,5.461121157323687
2015-03-14 19:15:00,4.794755877034357
2015-03-14 19:20:00,4.347197106690776
2015-03-14 19:25:00,3.9692585895117523
2015-03-14 19:30:00,4.3869801084990945
2015-03-14 19:35:00,6.117540687160938
2015-03-14 19:40:00,8.912296564195296
2015-03-14 19:45:00,12.423146473779383
2015-03-14 19:50:00,15.426763110307412
2015-03-14 19:55:00,17.177215189873415
2015-03-14 20:00:00,17.246835443037973
2015-03-14 20:05:00,15.287522603978296
2015-03-14 20:10:00,12.393309222423143
2015-03-14 20:15:00,9.250452079566001
2015-03-14 20:20:00,6.98282097649186
2015-03-14 20:25:00,5.84900542495479
2015-03-14 20:30:00,5.7893309222423115
2015-03-14 20:35:00,6.565099457504518
2015-03-14 20:40:00,7.987341772151897
2015-03-14 20:45:00,9.24050632911392
2015-03-14 20:50:00,9.618444846292945
2015-03-14 20:55:00,8.763110307414102
2015-03-14 21:00:00,7.032549728752257
2015-03-14 21:05:00,5.37160940325497
2015-03-14 21:10:00,4.367088607594934
2015-03-14 21:15:00,3.9195298372513534
2015-03-14 21:20:00,3.800180831826399
2015-03-14 21:25:00,3.9493670886075924
2015-03-14 21:30:00,4.625678119349002
2015-03-14 21:35:00,5.2423146473779365
2015-03-14 21:40:00,5.550632911392403
2015-03-14 21:45:00,5.39150090415913
2015-03-14 21:50:00,4.904159132007231
2015-03-14 21:55:00,4.615732368896923
2015-03-14 22:00:00,4.416817359855332
2015-03-14 22:05:00,4.46654611211573
2015-03-14 22:10:00,4.277576853526218
2015-03-14 22:15:00,3.899638336347195
2015-03-14 22:20:00,4.217902350813741
2015-03-14 22:25:00,4.864376130198912
2015-03-14 22:30:00,5.898734177215188
2015-03-14 22:35:00,6.724231464737791
2015-03-14 22:40:00,7.579566003616635
2015-03-14 22:45:00,8.534358047016273
2015-03-14 22:50:00,9.111211573236886
2015-03-14 22:55:00,9.717902350813741
2015-03-14 23:00:00,9.628390596745025
2015-03-14 23:05:00,9.300180831826399
2015-03-14 23:10:00,8.763110307414102
2015-03-14 23:15:00,8.265822784810124
2015-03-14 23:20:00,7.569620253164555
2015-03-14 23:25:00,6.584990958408677
2015-03-14 23:30:00,5.8390596745027095
2015-03-14 23:35:00,5.530741410488243
2015-03-14 23:40:00,5.630198915009039
2015-03-14 23:45:00,5.759493670886073
2015-03-14 23:50:00,5.669981916817357
2015-03-14 23:55:00,5.1826401446654575
2015-03-15 00:00:00,4.595840867992764
2015-03-15 00:05:00,4.297468354430377
2015-03-15 00:10:00,4.1781193490054225
2015-03-15 00:15:00,4.088607594936706
2015-03-15 00:20:00,3.7603978300180807
2015-03-15 00:25:00,3.4620253164556933
2015-03-15 00:30:00,3.5316455696202507
2015-03-15 00:35:00,3.8200723327305584
2015-03-15 00:40:00,4.207956600361662
2015-03-15 00:45:00,4.1781193490054225
2015-03-15 00:50:00,4.0289330922242295
2015-03-15 00:55:00,3.9692585895117514
2015-03-15 01:00:00,4.207956600361661
2015-03-15 01:05:00,4.595840867992764
2015-03-15 01:10:00,4.904159132007231
2015-03-15 01:15:00,4.9339963833634695
2015-03-15 01:20:00,4.804701627486436
2015-03-15 01:25:00,4.446654611211571
2015-03-15 01:30:00,4.078661844484627
2015-03-15 01:35:00,3.730560578661842
2015-03-15 01:40:00,3.4819168173598527
2015-03-15 01:45:00,3.491862567811932
2015-03-15 01:50:00,3.591320072332728
2015-03-15 01:55:00,3.611211573236887
2015-03-15 02:00:00,3.54159132007233
2015-03-15 02:05:00,3.501808318264012
2015-03-15 02:10:00,3.471971066907773
2015-03-15 02:15:00,3.4321880650994547
2015-03-15 02:20:00,3.3128390596745003
2015-03-15 02:25:00,3.5614828209764893
2015-03-15 02:30:00,4.00904159132007
2015-03-15 02:35:00,4.605786618444844
2015-03-15 02:40:00,4.844484629294754
2015-03-15 02:45:00,4.6356238698010825
2015-03-15 02:50:00,3.969258589511752
2015-03-15 02:55:00,3.501808318264012
2015-03-15 03:00:00,3.342676311030739
2015-03-15 03:05:00,3.412296564195296
2015-03-15 03:10:00,3.471971066907773
2015-03-15 03:15:00,3.2531645569620227
2015-03-15 03:20:00,3.1537070524412267
2015-03-15 03:25:00,2.885171790235079
2015-03-15 03:30:00,2.8056057866184423
2015-03-15 03:35:00,2.7757685352622037
2015-03-15 03:40:00,2.7558770343580443
2015-03-15 03:45:00,2.696202531645567
2015-03-15 03:50:00,2.5271247739602143
2015-03-15 03:55:00,2.3381555153707025
2015-03-15 04:00:00,2.129294755877032
2015-03-15 04:05:00,2.029837251356236
2015-03-15 04:10:00,2.009945750452077
2015-03-15 04:15:00,2.0198915009041567
2015-03-15 04:20:00,2.0497287522603953
2015-03-15 04:25:00,2.0497287522603953
2015-03-15 04:30:00,2.0397830018083156
2015-03-15 04:35:00,2.029837251356236
2015-03-15 04:40:00,2.0
2015-03-15 04:45:00,2.0397830018083156
2015-03-15 04:50:00,2.1790235081374294
2015-03-15 04:55:00,2.556962025316453
2015-03-15 05:00:00,3.0244122965641926
2015-03-15 05:05:00,3.4819168173598527
2015-03-15 05:10:00,3.6509945750452055
2015-03-15 05:15:00,3.5415913200723304
2015-03-15 05:20:00,3.2332730560578637
2015-03-15 05:25:00,2.9846292947558744
2015-03-15 05:30:00,2.7757685352622037
2015-03-15 05:35:00,2.5271247739602143
2015-03-15 05:40:00,2.367992766726941
2015-03-15 05:45:00,2.119349005424952
2015-03-15 05:50:00,2.0198915009041563
2015-03-15 05:55:00,2.2088607594936684
2015-03-15 06:00:00,2.467450271247737
2015-03-15 06:05:00,2.656419529837249
2015-03-15 06:10:00,2.6763110307414077
2015-03-15 06:15:00,2.4674502712477366
2015-03-15 06:20:00,2.208860759493668
2015-03-15 06:25:00,2.0198915009041563
2015-03-15 06:30:00,2.258589511754066
2015-03-15 06:35:00,2.924954792043397
2015-03-15 06:40:00,3.8300180831826376
2015-03-15 06:45:00,4.804701627486436
2015-03-15 06:50:00,5.490958408679925
2015-03-15 06:55:00,5.560578661844483
2015-03-15 07:00:00,4.9339963833634695
2015-03-15 07:05:00,3.959312839059672
2015-03-15 07:10:00,3.0144665461121134
2015-03-15 07:15:00,2.278481012658225
2015-03-15 07:20:00,2.0
2015-03-15 07:25:00,2.0
2015-03-15 07:30:00,2.0
2015-03-15 07:35:00,2.0198915009041567
2015-03-15 07:40:00,2.3878842676311005
2015-03-15 07:45:00,3.1238698010849886
2015-03-15 07:50:00,3.949367088607593
2015-03-15 07:55:00,4.575949367088605
2015-03-15 08:00:00,4.386980108499094
2015-03-15 08:05:00,3.6509945750452055
2015-03-15 08:10:00,2.8254972875226017
2015-03-15 08:15:00,2.17902350813743
2015-03-15 08:20:00,2.0
2015-03-15 08:25:00,2.0
2015-03-15 08:30:00,2.0
2015-03-15 08:35:00,2.0
2015-03-15 08:40:00,2.0
2015-03-15 08:45:00,2.0
2015-03-15 08:50:00,2.0
2015-03-15 08:55:00,2.0
2015-03-15 09:00:00,2.029837251356236
2015-03-15 09:05:00,2.079566003616634
2015-03-15 09:10:00,2.079566003616634
2015-03-15 09:15:00,2.079566003616634
2015-03-15 09:20:00,2.0497287522603953
2015-03-15 09:25:00,2.0
2015-03-15 09:30:00,2.0
2015-03-15 09:35:00,2.0
2015-03-15 09:40:00,2.0
2015-03-15 09:45:00,2.029837251356236
2015-03-15 09:50:00,2.079566003616634
2015-03-15 09:55:00,2.2287522603978274
2015-03-15 10:00:00,2.3878842676311005
2015-03-15 10:05:00,2.4972875226039757
2015-03-15 10:10:00,2.4475587703435777
2015-03-15 10:15:00,2.2983725135623843
2015-03-15 10:20:00,2.139240506329111
2015-03-15 10:25:00,2.0
2015-03-15 10:30:00,2.0
2015-03-15 10:35:00,2.0
2015-03-15 10:40:00,2.0
2015-03-15 10:45:00,2.0
2015-03-15 10:50:00,2.0
2015-03-15 10:55:00,2.119349005424952
2015-03-15 11:00:00,2.238698010849907
2015-03-15 11:05:00,2.467450271247737
2015-03-15 11:10:00,2.5470162748643737
2015-03-15 11:15:00,2.815551537070522
2015-03-15 11:20:00,3.0244122965641926
2015-03-15 11:25:00,3.1238698010849886
2015-03-15 11:30:00,3.0741410488245906
2015-03-15 11:35:00,2.8056057866184423
2015-03-15 11:40:00,2.6265822784810102
2015-03-15 11:45:00,2.735985533453885
2015-03-15 11:50:00,3.203435804701625
2015-03-15 11:55:00,3.660940325497285
2015-03-15 12:00:00,3.909584086799274
2015-03-15 12:05:00,3.8399638336347177
2015-03-15 12:10:00,3.8896925858951152
2015-03-15 12:15:00,3.9891500904159107
2015-03-15 12:20:00,4.7350813743218785
2015-03-15 12:25:00,5.500904159132005
2015-03-15 12:30:00,6.405967450271245
2015-03-15 12:35:00,7.838155515370702
2015-03-15 12:40:00,8.991862567811932
2015-03-15 12:45:00,9.986437613019888
2015-03-15 12:50:00,9.72784810126582
2015-03-15 12:55:00,8.524412296564192
2015-03-15 13:00:00,6.933092224231462
2015-03-15 13:05:00,5.311934900542493
2015-03-15 13:10:00,4.695298372513561
2015-03-15 13:15:00,4.347197106690775
2015-03-15 13:20:00,4.217902350813741
2015-03-15 13:25:00,4.1781193490054225
2015-03-15 13:30:00,4.158227848101264
2015-03-15 13:35:00,4.317359855334536
2015-03-15 13:40:00,4.625678119349003
2015-03-15 13:45:00,5.063291139240504
2015-03-15 13:50:00,5.252260397830016
2015-03-15 13:55:00,5.411392405063288
2015-03-15 14:00:00,5.6003616636528
2015-03-15 14:05:00,6.018083182640142
2015-03-15 14:10:00,6.386075949367085
2015-03-15 14:15:00,6.803797468354428
2015-03-15 14:20:00,7.082278481012655
2015-03-15 14:25:00,7.161844484629292
2015-03-15 14:30:00,7.281193490054247
2015-03-15 14:35:00,7.599457504520793
2015-03-15 14:40:00,7.619349005424953
2015-03-15 14:45:00,7.161844484629293
2015-03-15 14:50:00,6.1971066907775745
2015-03-15 14:55:00,5.15280289330922
2015-03-15 15:00:00,4.496383363471968
2015-03-15 15:05:00,4.347197106690775
2015-03-15 15:10:00,4.774864376130196
2015-03-15 15:15:00,4.943942133815549
2015-03-15 15:20:00,5.093128390596743
2015-03-15 15:25:00,5.212477396021697
2015-03-15 15:30:00,5.729656419529835
2015-03-15 15:35:00,6.405967450271246
2015-03-15 15:40:00,7.370705244122964
2015-03-15 15:45:00,8.027124773960214
2015-03-15 15:50:00,8.57414104882459
2015-03-15 15:55:00,8.554249547920431
2015-03-15 16:00:00,8.076853526220612
2015-03-15 16:05:00,7.291139240506326
2015-03-15 16:10:00,11.030741410488243
2015-03-15 16:15:00,15.138336347197104
2015-03-15 16:20:00,19.285714285714285
2015-03-15 16:25:00,24.0
2015-03-15 16:30:00,24.0
2015-03-15 16:35:00,24.0
2015-03-15 16:40:00,24.0
2015-03-15 16:45:00,24.0
2015-03-15 16:50:00,24.0
2015-03-15 16:55:00,24.0
2015-03-15 17:00:00,24.0
2015-03-15 17:05:00,24.0
2015-03-15 17:10:00,24.0
2015-03-15 17:15:00,22.577757685352623
2015-03-15 17:20:00,20.618444846292945
2015-03-15 17:25:00,19.096745027124772
2015-03-15 17:30:00,17.74412296564195
2015-03-15 17:35:00,18.649186256781192
2015-03-15 17:40:00,19.534358047016273
2015-03-15 17:45:00,19.494575045207952
2015-03-15 17:50:00,17.813743218806508
2015-03-15 17:55:00,14.929475587703433
2015-03-15 18:00:00,12.522603978300177
2015-03-15 18:05:00,10.762206148282093
2015-03-15 18:10:00,10.334538878842672
2015-03-15 18:15:00,10.463833634719705
2015-03-15 18:20:00,11.07052441229656
2015-03-15 18:25:00,12.055153707052437
2015-03-15 18:30:00,13.179023508137428
2015-03-15 18:35:00,13.646473779385168
2015-03-15 18:40:00,13.477396021699816
2015-03-15 18:45:00,12.482820976491858
2015-03-15 18:50:00,11.75678119349005
2015-03-15 18:55:00,11.239602169981914
2015-03-15 19:00:00,10.692585895117537
2015-03-15 19:05:00,9.976491862567809
2015-03-15 19:10:00,8.653707052441227
2015-03-15 19:15:00,7.64918625678119
2015-03-15 19:20:00,6.883363471971064
2015-03-15 19:25:00,6.664556962025314
2015-03-15 19:30:00,6.614828209764916
2015-03-15 19:35:00,6.813743218806507
2015-03-15 19:40:00,6.97287522603978
2015-03-15 19:45:00,6.903254972875223
2015-03-15 19:50:00,6.575045207956598
2015-03-15 19:55:00,6.1971066907775745
2015-03-15 20:00:00,5.968354430379744
2015-03-15 20:05:00,6.107594936708859
2015-03-15 20:10:00,7.0524412296564165
2015-03-15 20:15:00,7.688969258589508
2015-03-15 20:20:00,7.957504520795657
2015-03-15 20:25:00,7.360759493670883
2015-03-15 20:30:00,6.674502712477393
2015-03-15 20:35:00,6.07775768535262
2015-03-15 20:40:00,5.729656419529835
2015-03-15 20:45:00,5.779385171790233
2015-03-15 20:50:00,5.590415913200721
2015-03-15 20:55:00,5.61030741410488
2015-03-15 21:00:00,5.719710669077754
2015-03-15 21:05:00,5.9882459312839025
2015-03-15 21:10:00,5.9882459312839025
2015-03-15 21:15:00,5.84900542495479
2015-03-15 21:20:00,6.018083182640143
2015-03-15 21:25:00,6.226943942133813
2015-03-15 21:30:00,6.75406871609403
2015-03-15 21:35:00,7.8580470162748615
2015-03-15 21:40:00,9.061482820976488
2015-03-15 21:45:00,10.573236889692582
2015-03-15 21:50:00,11.29927667269439
2015-03-15 21:55:00,11.846292947558766
2015-03-15 22:00:00,11.786618444846289
2015-03-15 22:05:00,11.647377938517176
2015-03-15 22:10:00,11.368896925858948
2015-03-15 22:15:00,10.971066907775764
2015-03-15 22:20:00,10.503616636528026
2015-03-15 22:25:00,9.90687160940325
2015-03-15 22:30:00,9.71790235081374
2015-03-15 22:35:00,8.991862567811932
2015-03-15 22:40:00,8.753164556962023
2015-03-15 22:45:00,8.544303797468352
2015-03-15 22:50:00,9.03164556962025
2015-03-15 22:55:00,9.300180831826399
2015-03-15 23:00:00,8.852622061482819
2015-03-15 23:05:00,7.8580470162748615
2015-03-15 23:10:00,6.53526220614828
2015-03-15 23:15:00,5.660036166365278
2015-03-15 23:20:00,5.381555153707049
2015-03-15 23:25:00,5.61030741410488
2015-03-15 23:30:00,5.799276672694392
2015-03-15 23:35:00,5.6401446654611185
2015-03-15 23:40:00,5.461121157323687
2015-03-15 23:45:00,5.520795660036164
2015-03-15 23:50:00,5.9981916817359835
2015-03-15 23:55:00,6.614828209764917
2015-03-16 00:00:00,7.122061482820975
2015-03-16 00:05:00,7.291139240506327
2015-03-16 00:10:00,7.1518987341772124
2015-03-16 00:15:00,7.062386980108497
2015-03-16 00:20:00,6.75406871609403
2015-03-16 00:25:00,6.415913200723324
2015-03-16 00:30:00,5.9484629294755855
2015-03-16 00:35:00,5.918625678119346
2015-03-16 00:40:00,6.018083182640142
2015-03-16 00:45:00,6.216998191681734
2015-03-16 00:50:00,6.634719710669074
2015-03-16 00:55:00,7.122061482820974
2015-03-16 01:00:00,11.279385171790231
2015-03-16 01:05:00,15.655515370705242
2015-03-16 01:10:00,19.922242314647374
2015-03-16 01:15:00,23.761301989150088
2015-03-16 01:20:00,24.0
2015-03-16 01:25:00,24.0
2015-03-16 01:30:00,24.0
2015-03-16 01:35:00,24.0
2015-03-16 01:40:00,24.0
2015-03-16 01:45:00,24.0
2015-03-16 01:50:00,24.0
2015-03-16 01:55:00,24.0
2015-03-16 02:00:00,24.0
2015-03-16 02:05:00,24.0
2015-03-16 02:10:00,24.0
2015-03-16 02:15:00,24.0
2015-03-16 02:20:00,24.0
2015-03-16 02:25:00,24.0
2015-03-16 02:30:00,24.0
2015-03-16 02:35:00,24.0
2015-03-16 02:40:00,24.0
2015-03-16 02:45:00,24.0
2015-03-16 02:50:00,24.0
2015-03-16 02:55:00,24.0
2015-03-16 03:00:00,24.0
2015-03-16 03:05:00,24.0
2015-03-16 03:10:00,24.0
2015-03-16 03:15:00,24.0
2015-03-16 03:20:00,24.0
2015-03-16 03:25:00,24.0
2015-03-16 03:30:00,23.045207956600358
2015-03-16 03:35:00,21.64285714285714
2015-03-16 03:40:00,19.474683544303794
2015-03-16 03:45:00,17.207052441229653
2015-03-16 03:50:00,15.91410488245931
2015-03-16 03:55:00,15.22784810126582
2015-03-16 04:00:00,15.66546112115732
2015-03-16 04:05:00,15.764918625678117
2015-03-16 04:10:00,15.1880650994575
2015-03-16 04:15:00,14.05424954792043
2015-03-16 04:20:00,12.224231464737791
2015-03-16 04:25:00,11.935804701627482
2015-03-16 04:30:00,12.801084990958406
2015-03-16 04:35:00,14.73056057866184
2015-03-16 04:40:00,16.540687160940323
2015-03-16 04:45:00,17.0379746835443
2015-03-16 04:50:00,17.047920433996378
2015-03-16 04:55:00,16.132911392405056
2015-03-16 05:00:00,15.44665461121157
2015-03-16 05:05:00,14.780289330922239
2015-03-16 05:10:00,13.934900542495477
2015-03-16 05:15:00,13.298372513562384
2015-03-16 05:20:00,12.970162748643759
2015-03-16 05:25:00,13.039783001808315
2015-03-16 05:30:00,13.218806509945747
2015-03-16 05:35:00,12.87070524412296
2015-03-16 05:40:00,11.99547920433996
2015-03-16 05:45:00,10.951175406871606
2015-03-16 05:50:00,10.15551537070524
2015-03-16 05:55:00,10.503616636528026
2015-03-16 06:00:00,11.259493670886073
2015-03-16 06:05:00,11.796564195298368
2015-03-16 06:10:00,11.637432188065096
2015-03-16 06:15:00,10.533453887884264
2015-03-16 06:20:00,9.658227848101262
2015-03-16 06:25:00,8.733273056057863
2015-03-16 06:30:00,8.295660036166364
2015-03-16 06:35:00,7.67902350813743
2015-03-16 06:40:00,7.181735985533452
2015-03-16 06:45:00,7.012658227848099
2015-03-16 06:50:00,6.893309222423144
2015-03-16 06:55:00,6.913200723327304
2015-03-16 07:00:00,6.624773960216996
2015-03-16 07:05:00,6.1971066907775745
2015-03-16 07:10:00,5.650090415913199
2015-03-16 07:15:00,5.361663652802891
2015-03-16 07:20:00,5.063291139240504
2015-03-16 07:25:00,4.824593128390594
2015-03-16 07:30:00,4.69529837251356
2015-03-16 07:35:00,4.46654611211573
2015-03-16 07:40:00,4.088607594936707
2015-03-16 07:45:00,3.571428571428569
2015-03-16 07:50:00,3.2233273056057836
2015-03-16 07:55:00,3.243218806509943
2015-03-16 08:00:00,3.352622061482818
2015-03-16 08:05:00,3.521699819168171
2015-03-16 08:10:00,3.491862567811932
2015-03-16 08:15:00,3.2233273056057836
2015-03-16 08:20:00,2.974683544303795
2015-03-16 08:25:00,2.6763110307414077
2015-03-16 08:30:00,2.5669077757685326
2015-03-16 08:35:00,2.7757685352622037
2015-03-16 08:40:00,3.392405063291137
2015-03-16 08:45:00,4.108499095840865
2015-03-16 08:50:00,4.605786618444844
2015-03-16 08:55:00,4.824593128390594
2015-03-16 09:00:00,4.615732368896923
2015-03-16 09:05:00,4.496383363471969
2015-03-16 09:10:00,4.21790235081374
2015-03-16 09:15:00,4.058770343580467
2015-03-16 09:20:00,3.800180831826399
2015-03-16 09:25:00,3.730560578661842
2015-03-16 09:30:00,3.909584086799274
2015-03-16 09:35:00,4.247739602169979
2015-03-16 09:40:00,4.774864376130196
2015-03-16 09:45:00,5.341772151898732
2015-03-16 09:50:00,5.550632911392402
2015-03-16 09:55:00,5.5904159132007205
2015-03-16 10:00:00,5.550632911392403
2015-03-16 10:05:00,5.510849909584084
2015-03-16 10:10:00,5.759493670886074
2015-03-16 10:15:00,5.769439421338153
2015-03-16 10:20:00,5.769439421338153
2015-03-16 10:25:00,5.1925858951175385
2015-03-16 10:30:00,4.516274864376127
2015-03-16 10:35:00,4.257685352622059
2015-03-16 10:40:00,4.247739602169979
2015-03-16 10:45:00,4.735081374321878
2015-03-16 10:50:00,5.311934900542493
2015-03-16 10:55:00,5.610307414104881
2015-03-16 11:00:00,5.679927667269437
2015-03-16 11:05:00,5.471066907775766
2015-03-16 11:10:00,5.202531645569618
2015-03-16 11:15:00,5.15280289330922
2015-03-16 11:20:00,4.963833634719708
2015-03-16 11:25:00,4.973779385171788
2015-03-16 11:30:00,4.953887884267629
2015-03-16 11:35:00,5.003616636528027
2015-03-16 11:40:00,5.232368896925856
2015-03-16 11:45:00,5.40144665461121
2015-03-16 11:50:00,5.550632911392404
2015-03-16 11:55:00,5.580470162748641
2015-03-16 12:00:00,5.520795660036164
2015-03-16 12:05:00,5.570524412296561
2015-03-16 12:10:00,5.689873417721516
2015-03-16 12:15:00,5.679927667269437
2015-03-16 12:20:00,5.809222423146471
2015-03-16 12:25:00,5.699819168173596
2015-03-16 12:30:00,5.630198915009039
2015-03-16 12:35:00,5.292043399638334
2015-03-16 12:40:00,4.993670886075947
2015-03-16 12:45:00,4.7848101265822764
2015-03-16 12:50:00,4.655515370705241
2015-03-16 12:55:00,5.14285714285714
2015-03-16 13:00:00,5.550632911392402
2015-03-16 13:05:00,6.246835443037972
2015-03-16 13:10:00,6.714285714285712
2015-03-16 13:15:00,6.823688969258587
2015-03-16 13:20:00,6.9529837251356215
2015-03-16 13:25:00,6.575045207956598
2015-03-16 13:30:00,6.336347197106688
2015-03-16 13:35:00,5.958408679927665
2015-03-16 13:40:00,5.759493670886074
2015-03-16 13:45:00,5.809222423146471
2015-03-16 13:50:00,5.809222423146472
2015-03-16 13:55:00,6.06781193490054
2015-03-16 14:00:00,6.455696202531643
2015-03-16 14:05:00,6.793851717902348
2015-03-16 14:10:00,7.062386980108496
2015-03-16 14:15:00,7.191681735985531
2015-03-16 14:20:00,7.1021699819168145
2015-03-16 14:25:00,6.833634719710666
2015-03-16 14:30:00,6.505424954792041
2015-03-16 14:35:00,6.276672694394211
2015-03-16 14:40:00,5.968354430379744
2015-03-16 14:45:00,5.789330922242312
2015-03-16 14:50:00,5.888788426763107
2015-03-16 14:55:00,6.28661844484629
2015-03-16 15:00:00,6.923146473779383
2015-03-16 15:05:00,7.480108499095838
2015-03-16 15:10:00,7.808318264014464
2015-03-16 15:15:00,7.569620253164555
2015-03-16 15:20:00,6.952983725135621
2015-03-16 15:25:00,6.415913200723325
2015-03-16 15:30:00,6.1473779385171765
2015-03-16 15:35:00,6.117540687160938
2015-03-16 15:40:00,6.057866184448461
2015-03-16 15:45:00,6.107594936708858
2015-03-16 15:50:00,6.216998191681733
2015-03-16 15:55:00,9.011754068716092
2015-03-16 16:00:00,13.576853526220614
2015-03-16 16:05:00,18.052441229656417
2015-03-16 16:10:00,20.23056057866184
2015-03-16 16:15:00,17.992766726943938
2015-03-16 16:20:00,13.765822784810123
2015-03-16 16:25:00,9.668173598553341
2015-03-16 16:30:00,7.619349005424953
2015-03-16 16:35:00,7.23146473779385
2015-03-16 16:40:00,6.9032549728752235
2015-03-16 16:45:00,6.207052441229654
2015-03-16 16:50:00,5.719710669077755
2015-03-16 16:55:00,5.769439421338153
2015-03-16 17:00:00,6.445750452079563
2015-03-16 17:05:00,7.390596745027122
2015-03-16 17:10:00,8.11663652802893
2015-03-16 17:15:00,8.405063291139237
2015-03-16 17:20:00,8.484629294755875
2015-03-16 17:25:00,8.56419529837251
2015-03-16 17:30:00,8.514466546112113
2015-03-16 17:35:00,8.753164556962023
2015-03-16 17:40:00,8.395117540687158
2015-03-16 17:45:00,8.295660036166362
2015-03-16 17:50:00,8.037070524412293
2015-03-16 17:55:00,7.8580470162748615
2015-03-16 18:00:00,8.255877034358043
2015-03-16 18:05:00,9.310126582278478
2015-03-16 18:10:00,10.87160940325497
2015-03-16 18:15:00,11.607594936708857
2015-03-16 18:20:00,12.562386980108496
2015-03-16 18:25:00,14.213381555153703
2015-03-16 18:30:00,15.983725135623867
2015-03-16 18:35:00,16.79927667269439
2015-03-16 18:40:00,15.406871609403252
2015-03-16 18:45:00,12.49276672694394
2015-03-16 18:50:00,9.50904159132007
2015-03-16 18:55:00,8.047016274864374
2015-03-16 19:00:00,8.673598553345386
2015-03-16 19:05:00,8.991862567811932
2015-03-16 19:10:00,9.220614828209762
2015-03-16 19:15:00,8.971971066907773
2015-03-16 19:20:00,8.633815551537069
2015-03-16 19:25:00,8.753164556962023
2015-03-16 19:30:00,9.280289330922239
2015-03-16 19:35:00,9.93670886075949
2015-03-16 19:40:00,9.807414104882456
2015-03-16 19:45:00,8.882459312839057
2015-03-16 19:50:00,7.887884267631101
2015-03-16 19:55:00,7.6591320072332705
2015-03-16 20:00:00,8.335443037974681
2015-03-16 20:05:00,9.72784810126582
2015-03-16 20:10:00,10.314647377938513
2015-03-16 20:15:00,9.877034358047013
2015-03-16 20:20:00,8.743218806509944
2015-03-16 20:25:00,7.539783001808316
2015-03-16 20:30:00,6.8037974683544284
2015-03-16 20:35:00,6.614828209764916
2015-03-16 20:40:00,6.51537070524412
2015-03-16 20:45:00,6.893309222423143
2015-03-16 20:50:00,7.6591320072332705
2015-03-16 20:55:00,11.279385171790231
2015-03-16 21:00:00,14.790235081374318
2015-03-16 21:05:00,17.05786618444846
2015-03-16 21:10:00,16.192585895117535
2015-03-16 21:15:00,12.22423146473779
2015-03-16 21:20:00,8.723327305605784
2015-03-16 21:25:00,5.83905967450271
2015-03-16 21:30:00,5.709764918625676
2015-03-16 21:35:00,5.6898734177215164
2015-03-16 21:40:00,5.6898734177215164
2015-03-16 21:45:00,5.928571428571427
2015-03-16 21:50:00,6.3462929475587675
2015-03-16 21:55:00,7.400542495479202
2015-03-16 22:00:00,8.206148282097647
2015-03-16 22:05:00,8.763110307414102
2015-03-16 22:10:00,8.663652802893306
2015-03-16 22:15:00,8.265822784810124
2015-03-16 22:20:00,8.196202531645566
2015-03-16 22:25:00,8.424954792043398
2015-03-16 22:30:00,8.733273056057865
2015-03-16 22:35:00,8.514466546112114
2015-03-16 22:40:00,7.8083182640144635
2015-03-16 22:45:00,6.853526220614826
2015-03-16 22:50:00,6.157323688969256
2015-03-16 22:55:00,5.799276672694392
2015-03-16 23:00:00,5.9484629294755855
2015-03-16 23:05:00,5.978300180831823
2015-03-16 23:10:00,5.779385171790233
2015-03-16 23:15:00,5.2423146473779365
2015-03-16 23:20:00,4.864376130198912
2015-03-16 23:25:00,4.695298372513561
2015-03-16 23:30:00,4.854430379746832
2015-03-16 23:35:00,5.043399638336345
2015-03-16 23:40:00,5.252260397830016
2015-03-16 23:45:00,5.471066907775766
2015-03-16 23:50:00,5.630198915009039
2015-03-16 23:55:00,5.928571428571426
2015-03-17 00:00:00,5.958408679927665
2015-03-17 00:05:00,6.018083182640142
2015-03-17 00:10:00,5.918625678119346
2015-03-17 00:15:00,6.047920433996381
2015-03-17 00:20:00,6.266726943942132
2015-03-17 00:25:00,6.246835443037972
2015-03-17 00:30:00,6.326401446654609
2015-03-17 00:35:00,7.639240506329111
2015-03-17 00:40:00,10.453887884267628
2015-03-17 00:45:00,13.218806509945747
2015-03-17 00:50:00,14.53164556962025
2015-03-17 00:55:00,12.791139240506325
2015-03-17 01:00:00,9.499095840867989
2015-03-17 01:05:00,6.236889692585892
2015-03-17 01:10:00,5.003616636528027
2015-03-17 01:15:00,5.301989150090414
2015-03-17 01:20:00,5.6898734177215164
2015-03-17 01:25:00,5.878842676311027
2015-03-17 01:30:00,5.82911392405063
2015-03-17 01:35:00,6.843580470162745
2015-03-17 01:40:00,8.295660036166362
2015-03-17 01:45:00,10.294755877034355
2015-03-17 01:50:00,11.468354430379742
2015-03-17 01:55:00,11.249547920433994
2015-03-17 02:00:00,10.41410488245931
2015-03-17 02:05:00,9.230560578661843
2015-03-17 02:10:00,8.62386980108499
2015-03-17 02:15:00,8.484629294755875
2015-03-17 02:20:00,8.196202531645566
2015-03-17 02:25:00,8.166365280289329
2015-03-17 02:30:00,7.768535262206146
2015-03-17 02:35:00,7.370705244122963
2015-03-17 02:40:00,7.022603978300178
2015-03-17 02:45:00,6.53526220614828
2015-03-17 02:50:00,6.3462929475587675
2015-03-17 02:55:00,5.898734177215188
2015-03-17 03:00:00,5.570524412296562
2015-03-17 03:05:00,5.311934900542493
2015-03-17 03:10:00,5.073236889692583
2015-03-17 03:15:00,5.142857142857141
2015-03-17 03:20:00,7.171790235081371
2015-03-17 03:25:00,11.866184448462926
2015-03-17 03:30:00,16.590415913200722
2015-03-17 03:35:00,21.264918625678114
2015-03-17 03:40:00,22.80650994575045
2015-03-17 03:45:00,20.668173598553345
2015-03-17 03:50:00,17.9629294755877
2015-03-17 03:55:00,16.07323688969258
2015-03-17 04:00:00,16.13291139240506
2015-03-17 04:05:00,17.28661844484629
2015-03-17 04:10:00,17.72423146473779
2015-03-17 04:15:00,16.232368896925855
2015-03-17 04:20:00,13.437613019891497
2015-03-17 04:25:00,10.314647377938513
2015-03-17 04:30:00,8.235985533453885
2015-03-17 04:35:00,7.241410488245928
2015-03-17 04:40:00,6.624773960216995
2015-03-17 04:45:00,6.216998191681733
2015-03-17 04:50:00,6.27667269439421
2015-03-17 04:55:00,6.50542495479204
2015-03-17 05:00:00,7.112115732368894
2015-03-17 05:05:00,7.589511754068713
2015-03-17 05:10:00,7.679023508137429
2015-03-17 05:15:00,7.4005424954792005
2015-03-17 05:20:00,6.614828209764915
2015-03-17 05:25:00,5.938517179023504
2015-03-17 05:30:00,5.4312839059674465
2015-03-17 05:35:00,5.12296564195298
2015-03-17 05:40:00,5.033453887884264
2015-03-17 05:45:00,4.645569620253161
2015-03-17 05:50:00,4.198010849909581
2015-03-17 05:55:00,3.929475587703432
2015-03-17 06:00:00,3.999095840867989
2015-03-17 06:05:00,4.506329113924047
2015-03-17 06:10:00,4.894213381555151
2015-03-17 06:15:00,4.943942133815549
2015-03-17 06:20:00,4.585895117540684
2015-03-17 06:25:00,4.178119349005422
2015-03-17 06:30:00,3.919529837251353
2015-03-17 06:35:00,3.8200723327305575
2015-03-17 06:40:00,3.6708860759493636
2015-03-17 06:45:00,3.4222423146473746
2015-03-17 06:50:00,3.133815551537067
2015-03-17 06:55:00,2.8851717902350775
2015-03-17 07:00:00,2.775768535262203
2015-03-17 07:05:00,2.6663652802893276
2015-03-17 07:10:00,2.6166365280289297
2015-03-17 07:15:00,2.576853526220611
2015-03-17 07:20:00,2.765822784810123
2015-03-17 07:25:00,3.004520795660033
2015-03-17 07:30:00,3.2332730560578624
2015-03-17 07:35:00,3.2233273056057836
2015-03-17 07:40:00,3.06419529837251
2015-03-17 07:45:00,2.9846292947558735
2015-03-17 07:50:00,2.9647377938517145
2015-03-17 07:55:00,4.048824593128387
2015-03-17 08:00:00,5.471066907775765
2015-03-17 08:05:00,6.982820976491859
2015-03-17 08:10:00,7.708860759493668
2015-03-17 08:15:00,7.161844484629291
2015-03-17 08:20:00,6.226943942133812
2015-03-17 08:25:00,5.113019891500901
2015-03-17 08:30:00,4.804701627486434
2015-03-17 08:35:00,4.784810126582276
2015-03-17 08:40:00,4.546112115732365
2015-03-17 08:45:00,4.058770343580466
2015-03-17 08:50:00,3.501808318264011
2015-03-17 08:55:00,3.133815551537067
2015-03-17 09:00:00,3.2034358047016243
2015-03-17 09:05:00,3.591320072332727
2015-03-17 09:10:00,4.068716094032546
2015-03-17 09:15:00,4.5759493670886044
2015-03-17 09:20:00,4.854430379746832
2015-03-17 09:25:00,4.953887884267628
2015-03-17 09:30:00,4.993670886075947
2015-03-17 09:35:00,4.914104882459309
2015-03-17 09:40:00,4.8345388788426735
2015-03-17 09:45:00,4.715189873417718
2015-03-17 09:50:00,4.774864376130195
2015-03-17 09:55:00,5.172694394213378
2015-03-17 10:00:00,5.719710669077754
2015-03-17 10:05:00,6.396021699819164
2015-03-17 10:10:00,6.7441229656419495
2015-03-17 10:15:00,6.913200723327302
2015-03-17 10:20:00,6.943037974683541
2015-03-17 10:25:00,6.75406871609403
2015-03-17 10:30:00,6.405967450271244
2015-03-17 10:35:00,5.799276672694392
2015-03-17 10:40:00,5.490958408679924
2015-03-17 10:45:00,5.421338155515367
2015-03-17 10:50:00,5.58047016274864
2015-03-17 10:55:00,5.669981916817357
2015-03-17 11:00:00,5.7396021699819135
2015-03-17 11:05:00,6.008137432188062
2015-03-17 11:10:00,6.27667269439421
2015-03-17 11:15:00,6.4457504520795625
2015-03-17 11:20:00,6.087703435804698
2015-03-17 11:25:00,5.898734177215186
2015-03-17 11:30:00,5.719710669077754
2015-03-17 11:35:00,6.127486437613016
2015-03-17 11:40:00,6.49547920433996
2015-03-17 11:45:00,6.535262206148278
2015-03-17 11:50:00,6.4457504520795625
2015-03-17 11:55:00,6.226943942133812
2015-03-17 12:00:00,6.25678119349005
2015-03-17 12:05:00,6.117540687160937
2015-03-17 12:10:00,5.978300180831823
2015-03-17 12:15:00,6.316455696202528
2015-03-17 12:20:00,6.833634719710666
2015-03-17 12:25:00,7.509945750452076
2015-03-17 12:30:00,7.818264014466543
2015-03-17 12:35:00,7.778481012658225
2015-03-17 12:40:00,7.927667269439418
2015-03-17 12:45:00,8.027124773960212
2015-03-17 12:50:00,8.275768535262202
2015-03-17 12:55:00,8.007233273056054
2015-03-17 13:00:00,7.589511754068712
2015-03-17 13:05:00,7.291139240506325
2015-03-17 13:10:00,7.8083182640144635
2015-03-17 13:15:00,8.862567811934897
2015-03-17 13:20:00,9.996383363471967
2015-03-17 13:25:00,10.84177215189873
2015-03-17 13:30:00,11.06057866184448
2015-03-17 13:35:00,11.140144665461117
2015-03-17 13:40:00,10.871609403254968
2015-03-17 13:45:00,10.801989150090412
2015-03-17 13:50:00,10.901446654611206
2015-03-17 13:55:00,10.911392405063285
2015-03-17 14:00:00,10.891500904159127
2015-03-17 14:05:00,10.702531645569614
2015-03-17 14:10:00,10.513562386980105
2015-03-17 14:15:00,10.37432188065099
2015-03-17 14:20:00,10.085895117540682
2015-03-17 14:25:00,10.056057866184444
2015-03-17 14:30:00,10.37432188065099
2015-03-17 14:35:00,10.82188065099457
2015-03-17 14:40:00,11.349005424954788
2015-03-17 14:45:00,11.309222423146469
2015-03-17 14:50:00,11.458408679927663
2015-03-17 14:55:00,12.174502712477391
2015-03-17 15:00:00,13.12929475587703
2015-03-17 15:05:00,13.845388788426758
2015-03-17 15:10:00,13.188969258589507
2015-03-17 15:15:00,11.985533453887882
2015-03-17 15:20:00,11.199819168173596
2015-03-17 15:25:00,11.637432188065095
2015-03-17 15:30:00,12.990054249547915
2015-03-17 15:35:00,13.696202531645566
2015-03-17 15:40:00,13.755877034358043
2015-03-17 15:45:00,13.218806509945745
2015-03-17 15:50:00,12.641952983725131
2015-03-17 15:55:00,12.124773960216993
2015-03-17 16:00:00,11.518083182640138
2015-03-17 16:05:00,10.86166365280289
2015-03-17 16:10:00,10.145569620253161
2015-03-17 16:15:00,9.737793851717898
2015-03-17 16:20:00,10.573236889692582
2015-03-17 16:25:00,11.637432188065095
2015-03-17 16:30:00,12.622061482820971
2015-03-17 16:35:00,12.472875226039779
2015-03-17 16:40:00,11.28933092224231
2015-03-17 16:45:00,10.18535262206148
2015-03-17 16:50:00,9.618444846292943
2015-03-17 16:55:00,10.056057866184444
2015-03-17 17:00:00,10.57323688969258
2015-03-17 17:05:00,10.543399638336343
2015-03-17 17:10:00,10.245027124773957
2015-03-17 17:15:00,10.095840867992763
2015-03-17 17:20:00,10.205244122965638
2015-03-17 17:25:00,11.378842676311026
2015-03-17 17:30:00,14.879746835443033
2015-03-17 17:35:00,18.330922242314642
2015-03-17 17:40:00,21.533453887884264
2015-03-17 17:45:00,21.84177215189873
2015-03-17 17:50:00,19.444846292947556
2015-03-17 17:55:00,16.968354430379744
2015-03-17 18:00:00,14.153707052441225
2015-03-17 18:05:00,14.044303797468348
2015-03-17 18:10:00,14.382459312839053
2015-03-17 18:15:00,14.680831826401443
2015-03-17 18:20:00,14.591320072332726
2015-03-17 18:25:00,13.61663652802893
2015-03-17 18:30:00,12.612115732368892
2015-03-17 18:35:00,11.637432188065095
2015-03-17 18:40:00,11.4882459312839
2015-03-17 18:45:00,11.577757685352617
2015-03-17 18:50:00,11.32911392405063
2015-03-17 18:55:00,14.481916817359851
2015-03-17 19:00:00,17.53526220614828
2015-03-17 19:05:00,20.688065099457503
2015-03-17 19:10:00,22.229656419529835
2015-03-17 19:15:00,19.29566003616636
2015-03-17 19:20:00,15.924050632911388
2015-03-17 19:25:00,12.413200723327302
2015-03-17 19:30:00,10.772151898734172
2015-03-17 19:35:00,10.016274864376125
2015-03-17 19:40:00,10.63291139240506
2015-03-17 19:45:00,13.258589511754066
2015-03-17 19:50:00,16.669981916817356
2015-03-17 19:55:00,20.359855334538878
2015-03-17 20:00:00,21.613019891500905
2015-03-17 20:05:00,20.757685352622055
2015-03-17 20:10:00,18.529837251356234
2015-03-17 20:15:00,16.36166365280289
2015-03-17 20:20:00,17.8634719710669
2015-03-17 20:25:00,19.603978300180827
2015-03-17 20:30:00,21.83182640144665
2015-03-17 20:35:00,24.0
2015-03-17 20:40:00,23.612115732368892
2015-03-17 20:45:00,23.055153707052437
2015-03-17 20:50:00,22.31916817359855
2015-03-17 20:55:00,22.189873417721515
2015-03-17 21:00:00,22.01084990958408
2015-03-17 21:05:00,21.593128390596743
2015-03-17 21:10:00,20.429475587703436
2015-03-17 21:15:00,18.629294755877034
2015-03-17 21:20:00,17.097649186256778
2015-03-17 21:25:00,15.764918625678115
2015-03-17 21:30:00,15.038878842676306
2015-03-17 21:35:00,14.103978300180827
2015-03-17 21:40:00,13.059674502712474
2015-03-17 21:45:00,12.293851717902346
2015-03-17 21:50:00,11.687160940325494
2015-03-17 21:55:00,11.398734177215186
2015-03-17 22:00:00,11.110307414104877
2015-03-17 22:05:00,10.901446654611208
2015-03-17 22:10:00,10.702531645569614
2015-03-17 22:15:00,10.443942133815547
2015-03-17 22:20:00,10.066003616636523
2015-03-17 22:25:00,9.797468354430375
2015-03-17 22:30:00,9.946654611211569
2015-03-17 22:35:00,10.513562386980105
2015-03-17 22:40:00,11.378842676311027
2015-03-17 22:45:00,11.826401446654607
2015-03-17 22:50:00,11.856238698010847
2015-03-17 22:55:00,11.358951175406869
2015-03-17 23:00:00,10.990958408679923
2015-03-17 23:05:00,10.981012658227844
2015-03-17 23:10:00,10.811934900542491
2015-03-17 23:15:00,10.473779385171785
2015-03-17 23:20:00,9.867088607594933
2015-03-17 23:25:00,9.23056057866184
2015-03-17 23:30:00,8.79294755877034
2015-03-17 23:35:00,8.653707052441225
2015-03-17 23:40:00,8.693490054249544
2015-03-17 23:45:00,8.603978300180827
2015-03-17 23:50:00,8.424954792043396
2015-03-17 23:55:00,8.34538878842676
2015-03-18 00:00:00,8.275768535262202
2015-03-18 00:05:00,8.11663652802893
2015-03-18 00:10:00,7.8083182640144635
2015-03-18 00:15:00,7.261301989150087
2015-03-18 00:20:00,6.624773960216995
2015-03-18 00:25:00,6.097649186256778
2015-03-18 00:30:00,6.366184448462926
2015-03-18 00:35:00,6.863471971066905
2015-03-18 00:40:00,7.470162748643759
2015-03-18 00:45:00,7.87793851717902
2015-03-18 00:50:00,7.738698010849905
2015-03-18 00:55:00,7.887884267631099
2015-03-18 01:00:00,7.947558770343577
2015-03-18 01:05:00,8.096745027124772
2015-03-18 01:10:00,7.957504520795657
2015-03-18 01:15:00,7.231464737793849
2015-03-18 01:20:00,6.724231464737791
2015-03-18 01:25:00,6.28661844484629
2015-03-18 01:30:00,6.435804701627484
2015-03-18 01:35:00,6.724231464737791
2015-03-18 01:40:00,6.823688969258586
2015-03-18 01:45:00,6.575045207956597
2015-03-18 01:50:00,6.008137432188061
2015-03-18 01:55:00,5.570524412296561
2015-03-18 02:00:00,5.481012658227845
2015-03-18 02:05:00,6.226943942133811
2015-03-18 02:10:00,7.092224231464735
2015-03-18 02:15:00,7.818264014466543
2015-03-18 02:20:00,7.828209764918623
2015-03-18 02:25:00,7.171790235081371
2015-03-18 02:30:00,6.73417721518987
2015-03-18 02:35:00,7.380650994575042
2015-03-18 02:40:00,8.693490054249544
2015-03-18 02:45:00,9.93670886075949
2015-03-18 02:50:00,9.817359855334534
2015-03-18 02:55:00,8.643761301989146
2015-03-18 03:00:00,7.251356238698007
2015-03-18 03:05:00,6.376130198915006
2015-03-18 03:10:00,6.624773960216994
2015-03-18 03:15:00,6.803797468354427
2015-03-18 03:20:00,6.9430379746835404
2015-03-18 03:25:00,6.684448462929472
2015-03-18 03:30:00,6.684448462929472
2015-03-18 03:35:00,6.6943942133815515
2015-03-18 03:40:00,6.624773960216995
2015-03-18 03:45:00,6.4954792043399605
2015-03-18 03:50:00,5.878842676311027
2015-03-18 03:55:00,5.242314647377935
2015-03-18 04:00:00,4.566003616636524
2015-03-18 04:05:00,4.128390596745024
2015-03-18 04:10:00,3.929475587703432
2015-03-18 04:15:00,3.8001808318263977
2015-03-18 04:20:00,3.839963833634716
2015-03-18 04:25:00,3.790235081374318
2015-03-18 04:30:00,3.8200723327305575
2015-03-18 04:35:00,3.899638336347194
2015-03-18 04:40:00,4.028933092224229
2015-03-18 04:45:00,4.058770343580467
2015-03-18 04:50:00,3.9593128390596712
2015-03-18 04:55:00,3.919529837251353
2015-03-18 05:00:00,3.7902350813743184
2015-03-18 05:05:00,3.8996383363471936
2015-03-18 05:10:00,3.939421338155512
2015-03-18 05:15:00,3.8797468354430342
2015-03-18 05:20:00,3.700723327305602
2015-03-18 05:25:00,3.342676311030738
2015-03-18 05:30:00,3.1039783001808283
2015-03-18 05:35:00,2.8155515370705206
2015-03-18 05:40:00,2.6166365280289297
2015-03-18 05:45:00,2.487341772151895
2015-03-18 05:50:00,2.3182640144665423
2015-03-18 05:55:00,2.2088607594936676
2015-03-18 06:00:00,2.1392405063291102
2015-03-18 06:05:00,2.0696202531645533
2015-03-18 06:10:00,2.0895117540687127
2015-03-18 06:15:00,2.169077757685349
2015-03-18 06:20:00,2.238698010849906
2015-03-18 06:25:00,2.2287522603978265
2015-03-18 06:30:00,2.5470162748643728
2015-03-18 06:35:00,2.8652802893309186
2015-03-18 06:40:00,3.3028933092224197
2015-03-18 06:45:00,3.392405063291136
2015-03-18 06:50:00,3.034358047016271
2015-03-18 06:55:00,2.616636528028929
2015-03-18 07:00:00,2.179023508137429
2015-03-18 07:05:00,2.1790235081374285
2015-03-18 07:10:00,2.328209764918622
2015-03-18 07:15:00,2.497287522603975
2015-03-18 07:20:00,2.6464737793851683
2015-03-18 07:25:00,2.726039783001805
2015-03-18 07:30:00,2.6365280289330886
2015-03-18 07:35:00,2.5072332730560545
2015-03-18 07:40:00,2.3282097649186224
2015-03-18 07:45:00,2.3679927667269403
2015-03-18 07:50:00,2.497287522603975
2015-03-18 07:55:00,2.666365280289327
2015-03-18 08:00:00,2.6962025316455662
2015-03-18 08:05:00,2.5569620253164524
2015-03-18 08:10:00,2.4077757685352585
2015-03-18 08:15:00,2.238698010849906
2015-03-18 08:20:00,2.1690777576853493
2015-03-18 08:25:00,2.0994575045207924
2015-03-18 08:30:00,2.0497287522603944
2015-03-18 08:35:00,2.0198915009041554
2015-03-18 08:40:00,2.0397830018083147
2015-03-18 08:45:00,2.0397830018083147
2015-03-18 08:50:00,2.0397830018083147
2015-03-18 08:55:00,2.019891500904156
2015-03-18 09:00:00,2.0099457504520757
2015-03-18 09:05:00,2.0099457504520757
2015-03-18 09:10:00,2.0099457504520757
2015-03-18 09:15:00,2.0099457504520757
2015-03-18 09:20:00,2.0
2015-03-18 09:25:00,2.0
2015-03-18 09:30:00,2.0
2015-03-18 09:35:00,2.0
2015-03-18 09:40:00,2.0
2015-03-18 09:45:00,2.0
2015-03-18 09:50:00,2.0
2015-03-18 09:55:00,2.0596745027124737
2015-03-18 10:00:00,2.308318264014463
2015-03-18 10:05:00,2.487341772151895
2015-03-18 10:10:00,2.586799276672691
2015-03-18 10:15:00,2.586799276672691
2015-03-18 10:20:00,2.4475587703435773
2015-03-18 10:25:00,2.467450271247736
2015-03-18 10:30:00,2.5967450271247703
2015-03-18 10:35:00,2.7558770343580434
2015-03-18 10:40:00,3.094032549728749
2015-03-18 10:45:00,3.273056057866181
2015-03-18 10:50:00,3.432188065099454
2015-03-18 10:55:00,3.6509945750452046
2015-03-18 11:00:00,3.6907775768535225
2015-03-18 11:05:00,3.8101265822784773
2015-03-18 11:10:00,3.601265822784807
2015-03-18 11:15:00,3.2531645569620222
2015-03-18 11:20:00,2.7658227848101236
2015-03-18 11:25:00,2.4475587703435773
2015-03-18 11:30:00,2.6862567811934865
2015-03-18 11:35:00,3.1039783001808283
2015-03-18 11:40:00,3.690777576853523
2015-03-18 11:45:00,4.028933092224229
2015-03-18 11:50:00,4.20795660036166
2015-03-18 11:55:00,4.337251356238695
2015-03-18 12:00:00,4.496383363471967
2015-03-18 12:05:00,4.90415913200723
2015-03-18 12:10:00,5.083182640144662
2015-03-18 12:15:00,5.13291139240506
2015-03-18 12:20:00,5.003616636528026
2015-03-18 12:25:00,4.933996383363469
2015-03-18 12:30:00,5.103074141048821
2015-03-18 12:35:00,5.510849909584084
2015-03-18 12:40:00,5.898734177215187
2015-03-18 12:45:00,6.147377938517176
2015-03-18 12:50:00,6.2965641952983695
2015-03-18 12:55:00,6.286618444846289
2015-03-18 13:00:00,6.376130198915005
2015-03-18 13:05:00,6.286618444846289
2015-03-18 13:10:00,6.167269439421334
2015-03-18 13:15:00,5.9882459312839025
2015-03-18 13:20:00,5.729656419529834
2015-03-18 13:25:00,5.461121157323685
2015-03-18 13:30:00,5.162748643761298
2015-03-18 13:35:00,5.093128390596742
2015-03-18 13:40:00,5.172694394213378
2015-03-18 13:45:00,5.471066907775765
2015-03-18 13:50:00,5.729656419529834
2015-03-18 13:55:00,5.958408679927664
2015-03-18 14:00:00,6.157323688969255
2015-03-18 14:05:00,6.396021699819165
2015-03-18 14:10:00,6.634719710669074
2015-03-18 14:15:00,6.634719710669074
2015-03-18 14:20:00,6.535262206148278
2015-03-18 14:25:00,6.207052441229653
2015-03-18 14:30:00,6.207052441229653
2015-03-18 14:35:00,6.386075949367085
2015-03-18 14:40:00,6.923146473779382
2015-03-18 14:45:00,7.211573236889689
2015-03-18 14:50:00,7.1021699819168145
2015-03-18 14:55:00,6.793851717902347
2015-03-18 15:00:00,6.435804701627483
2015-03-18 15:05:00,6.5452079566003585
2015-03-18 15:10:00,6.9629294755877
2015-03-18 15:15:00,7.281193490054246
2015-03-18 15:20:00,7.191681735985529
2015-03-18 15:25:00,6.793851717902347
2015-03-18 15:30:00,6.49547920433996
2015-03-18 15:35:00,6.654611211573234
2015-03-18 15:40:00,7.032549728752257
2015-03-18 15:45:00,7.579566003616633
2015-03-18 15:50:00,7.7983725135623825
2015-03-18 15:55:00,7.897830018083178
2015-03-18 16:00:00,8.3254972875226
2015-03-18 16:05:00,8.693490054249544
2015-03-18 16:10:00,9.121157323688966
2015-03-18 16:15:00,9.02169981916817
2015-03-18 16:20:00,8.584086799276669
2015-03-18 16:25:00,8.156419529837247
2015-03-18 16:30:00,7.589511754068713
2015-03-18 16:35:00,7.64918625678119
2015-03-18 16:40:00,7.708860759493668
2015-03-18 16:45:00,7.947558770343576
2015-03-18 16:50:00,8.56419529837251
2015-03-18 16:55:00,9.339963833634716
2015-03-18 17:00:00,10.324593128390593
2015-03-18 17:05:00,10.60307414104882
2015-03-18 17:10:00,10.205244122965638
2015-03-18 17:15:00,9.150994575045203
2015-03-18 17:20:00,7.927667269439417
2015-03-18 17:25:00,7.072332730560575
2015-03-18 17:30:00,6.584990958408676
2015-03-18 17:35:00,6.485533453887881
2015-03-18 17:40:00,6.376130198915006
2015-03-18 17:45:00,6.465641952983722
2015-03-18 17:50:00,6.4954792043399605
2015-03-18 17:55:00,6.555153707052438
2015-03-18 18:00:00,6.684448462929472
2015-03-18 18:05:00,6.952983725135621
2015-03-18 18:10:00,7.291139240506326
2015-03-18 18:15:00,7.400542495479201
2015-03-18 18:20:00,7.092224231464734
2015-03-18 18:25:00,6.654611211573234
2015-03-18 18:30:00,6.346292947558767
2015-03-18 18:35:00,6.435804701627482
2015-03-18 18:40:00,6.803797468354427
2015-03-18 18:45:00,7.241410488245927
2015-03-18 18:50:00,7.539783001808314
2015-03-18 18:55:00,7.619349005424951
2015-03-18 19:00:00,7.619349005424951
2015-03-18 19:05:00,7.63924050632911
2015-03-18 19:10:00,7.778481012658224
2015-03-18 19:15:00,9.200723327305601
2015-03-18 19:20:00,11.309222423146469
2015-03-18 19:25:00,13.517179023508133
2015-03-18 19:30:00,14.452079566003613
2015-03-18 19:35:00,13.437613019891497
2015-03-18 19:40:00,11.736889692585892
2015-03-18 19:45:00,9.69801084990958
2015-03-18 19:50:00,8.96202531645569
2015-03-18 19:55:00,8.663652802893305
2015-03-18 20:00:00,8.51446654611211
2015-03-18 20:05:00,8.454792043399635
2015-03-18 20:10:00,8.524412296564192
2015-03-18 20:15:00,8.852622061482817
2015-03-18 20:20:00,9.330018083182637
2015-03-18 20:25:00,9.608499095840864
2015-03-18 20:30:00,9.479204339963829
2015-03-18 20:35:00,9.041591320072328
2015-03-18 20:40:00,8.693490054249544
2015-03-18 20:45:00,8.703435804701623
2015-03-18 20:50:00,8.7631103074141
2015-03-18 20:55:00,8.743218806509942
2015-03-18 21:00:00,8.375226039782998
2015-03-18 21:05:00,7.808318264014463
2015-03-18 21:10:00,7.480108499095837
2015-03-18 21:15:00,7.41048824593128
2015-03-18 21:20:00,7.3508137432188025
2015-03-18 21:25:00,7.132007233273053
2015-03-18 21:30:00,6.684448462929472
2015-03-18 21:35:00,6.04792043399638
2015-03-18 21:40:00,5.7893309222423115
2015-03-18 21:45:00,6.077757685352618
2015-03-18 21:50:00,7.052441229656416
2015-03-18 21:55:00,8.245931283905964
2015-03-18 22:00:00,9.01175406871609
2015-03-18 22:05:00,9.479204339963829
2015-03-18 22:10:00,9.320072332730557
2015-03-18 22:15:00,8.981916817359853
2015-03-18 22:20:00,8.415009041591317
2015-03-18 22:25:00,7.549728752260394
2015-03-18 22:30:00,6.694394213381552
2015-03-18 22:35:00,6.147377938517175
2015-03-18 22:40:00,6.127486437613016
2015-03-18 22:45:00,6.6446654611211535
2015-03-18 22:50:00,7.181735985533449
2015-03-18 22:55:00,7.728752260397826
2015-03-18 23:00:00,7.788426763110303
2015-03-18 23:05:00,7.589511754068712
2015-03-18 23:10:00,7.0524412296564165
2015-03-18 23:15:00,6.4954792043399605
2015-03-18 23:20:00,6.147377938517176
2015-03-18 23:25:00,5.610307414104879
2015-03-18 23:30:00,5.411392405063289
2015-03-18 23:35:00,5.063291139240503
2015-03-18 23:40:00,4.874321880650991
2015-03-18 23:45:00,4.745027124773957
2015-03-18 23:50:00,4.705244122965638
2015-03-18 23:55:00,5.162748643761298
2015-03-19 00:00:00,5.689873417721515
2015-03-19 00:05:00,6.4954792043399605
2015-03-19 00:10:00,7.0922242314647335
2015-03-19 00:15:00,7.092224231464734
2015-03-19 00:20:00,6.704339963833632
2015-03-19 00:25:00,6.067811934900539
2015-03-19 00:30:00,5.520795660036163
2015-03-19 00:35:00,5.063291139240503
2015-03-19 00:40:00,4.824593128390593
2015-03-19 00:45:00,4.804701627486434
2015-03-19 00:50:00,5.799276672694391
2015-03-19 00:55:00,6.783905967450267
2015-03-19 01:00:00,8.027124773960214
2015-03-19 01:05:00,8.603978300180827
2015-03-19 01:10:00,8.33544303797468
2015-03-19 01:15:00,7.698915009041587
2015-03-19 01:20:00,6.4457504520795625
2015-03-19 01:25:00,5.620253164556958
2015-03-19 01:30:00,4.933996383363469
2015-03-19 01:35:00,4.605786618444843
2015-03-19 01:40:00,4.625678119349002
2015-03-19 01:45:00,4.605786618444843
2015-03-19 01:50:00,4.357142857142854
2015-03-19 01:55:00,4.198010849909581
2015-03-19 02:00:00,4.536166365280286
2015-03-19 02:05:00,5.311934900542492
2015-03-19 02:10:00,6.197106690777574
2015-03-19 02:15:00,6.614828209764916
2015-03-19 02:20:00,6.326401446654608
2015-03-19 02:25:00,5.6401446654611185
2015-03-19 02:30:00,4.754972875226036
2015-03-19 02:35:00,4.2775768535262175
2015-03-19 02:40:00,4.058770343580466
2015-03-19 02:45:00,4.088607594936706
2015-03-19 02:50:00,4.178119349005421
2015-03-19 02:55:00,4.217902350813739
2015-03-19 03:00:00,4.367088607594933
2015-03-19 03:05:00,4.715189873417718
2015-03-19 03:10:00,5.1826401446654575
2015-03-19 03:15:00,5.57052441229656
2015-03-19 03:20:00,5.490958408679925
2015-03-19 03:25:00,5.003616636528026
2015-03-19 03:30:00,4.45660036166365
2015-03-19 03:35:00,4.158227848101263
2015-03-19 03:40:00,4.158227848101263
2015-03-19 03:45:00,4.217902350813741
2015-03-19 03:50:00,4.446654611211571
2015-03-19 03:55:00,4.6754068716094
2015-03-19 04:00:00,4.943942133815549
2015-03-19 04:05:00,5.103074141048821
2015-03-19 04:10:00,5.003616636528026
2015-03-19 04:15:00,4.705244122965639
2015-03-19 04:20:00,4.148282097649183
2015-03-19 04:25:00,3.6708860759493636
2015-03-19 04:30:00,3.2034358047016243
2015-03-19 04:35:00,2.8951175406871577
2015-03-19 04:40:00,2.765822784810123
2015-03-19 04:45:00,2.726039783001805
2015-03-19 04:50:00,2.6962025316455662
2015-03-19 04:55:00,2.636528028933089
2015-03-19 05:00:00,2.586799276672691
2015-03-19 05:05:00,2.527124773960214
2015-03-19 05:10:00,2.537070524412293
2015-03-19 05:15:00,2.6166365280289297
2015-03-19 05:20:00,5.083182640144662
2015-03-19 05:25:00,8.056962025316452
2015-03-19 05:30:00,11.160036166365275
2015-03-19 05:35:00,12.045207956600358
2015-03-19 05:40:00,10.036166365280284
2015-03-19 05:45:00,7.211573236889688
2015-03-19 05:50:00,4.038878842676308
2015-03-19 05:55:00,3.0144665461121125
2015-03-19 06:00:00,2.676311030741407
2015-03-19 06:05:00,2.6464737793851683
2015-03-19 06:10:00,2.785714285714282
2015-03-19 06:15:00,2.795660036166362
2015-03-19 06:20:00,2.5569620253164524
2015-03-19 06:25:00,2.2983725135623834
2015-03-19 06:30:00,2.0994575045207924
2015-03-19 06:35:00,2.258589511754065
2015-03-19 06:40:00,2.5470162748643723
2015-03-19 06:45:00,2.7757685352622024
2015-03-19 06:50:00,2.8254972875226003
2015-03-19 06:55:00,2.5669077757685317
2015-03-19 07:00:00,2.2784810126582244
2015-03-19 07:05:00,2.0497287522603944
2015-03-19 07:10:00,2.129294755877031
2015-03-19 07:15:00,2.258589511754065
2015-03-19 07:20:00,2.3679927667269403
2015-03-19 07:25:00,2.3679927667269403
2015-03-19 07:30:00,2.238698010849906
2015-03-19 07:35:00,2.1094032549728716
2015-03-19 07:40:00,2.0
2015-03-19 07:45:00,2.079566003616633
2015-03-19 07:50:00,2.208860759493667
2015-03-19 07:55:00,2.328209764918622
2015-03-19 08:00:00,2.328209764918622
2015-03-19 08:05:00,2.3381555153707017
2015-03-19 08:10:00,2.2784810126582244
2015-03-19 08:15:00,2.2088607594936676
2015-03-19 08:20:00,2.2088607594936676
2015-03-19 08:25:00,2.1193490054249513
2015-03-19 08:30:00,2.0497287522603944
2015-03-19 08:35:00,2.0
2015-03-19 08:40:00,2.0
2015-03-19 08:45:00,2.0
2015-03-19 08:50:00,2.129294755877031
2015-03-19 08:55:00,2.2983725135623834
2015-03-19 09:00:00,2.556962025316452
2015-03-19 09:05:00,2.7459312839059637
2015-03-19 09:10:00,2.6265822784810093
2015-03-19 09:15:00,2.487341772151895
2015-03-19 09:20:00,2.2685352622061448
2015-03-19 09:25:00,2.1193490054249513
2015-03-19 09:30:00,2.1094032549728716
2015-03-19 09:35:00,2.079566003616633
2015-03-19 09:40:00,2.0397830018083147
2015-03-19 09:45:00,2.019891500904156
2015-03-19 09:50:00,2.1094032549728716
2015-03-19 09:55:00,2.3481012658227813
2015-03-19 10:00:00,2.477396021699816
2015-03-19 10:05:00,2.487341772151895
2015-03-19 10:10:00,2.397830018083179
2015-03-19 10:15:00,2.218806509945747
2015-03-19 10:20:00,2.258589511754065
2015-03-19 10:25:00,2.4575045207956565
2015-03-19 10:30:00,2.5569620253164524
2015-03-19 10:35:00,2.60669077757685
2015-03-19 10:40:00,2.527124773960214
2015-03-19 10:45:00,2.487341772151895
2015-03-19 10:50:00,2.5669077757685317
2015-03-19 10:55:00,2.656419529837248
2015-03-19 11:00:00,2.8254972875226003
2015-03-19 11:05:00,2.865280289330919
2015-03-19 11:10:00,2.855334538878839
2015-03-19 11:15:00,2.726039783001805
2015-03-19 11:20:00,2.4674502712477357
2015-03-19 11:25:00,2.4575045207956565
2015-03-19 11:30:00,2.517179023508134
2015-03-19 11:35:00,2.855334538878839
2015-03-19 11:40:00,3.312839059674499
2015-03-19 11:45:00,3.6112115732368864
2015-03-19 11:50:00,3.8797468354430347
2015-03-19 11:55:00,4.009041591320069
2015-03-19 12:00:00,4.158227848101262
2015-03-19 12:05:00,4.506329113924047
2015-03-19 12:10:00,4.65551537070524
2015-03-19 12:15:00,4.774864376130195
2015-03-19 12:20:00,4.595840867992763
2015-03-19 12:25:00,4.327305605786615
2015-03-19 12:30:00,4.22784810126582
2015-03-19 12:35:00,4.287522603978297
2015-03-19 12:40:00,4.496383363471967
2015-03-19 12:45:00,4.536166365280286
2015-03-19 12:50:00,4.466546112115728
2015-03-19 12:55:00,4.237793851717899
2015-03-19 13:00:00,4.178119349005422
2015-03-19 13:05:00,4.21790235081374
2015-03-19 13:10:00,4.7251356238697975
2015-03-19 13:15:00,5.2820976491862535
2015-03-19 13:20:00,5.799276672694391
2015-03-19 13:25:00,5.998191681735982
2015-03-19 13:30:00,6.018083182640142
2015-03-19 13:35:00,6.107594936708857
2015-03-19 13:40:00,6.48553345388788
2015-03-19 13:45:00,6.982820976491859
2015-03-19 13:50:00,7.271247739602167
2015-03-19 13:55:00,7.231464737793849
2015-03-19 14:00:00,6.724231464737791
2015-03-19 14:05:00,6.326401446654608
2015-03-19 14:10:00,5.719710669077755
2015-03-19 14:15:00,5.868896925858948
2015-03-19 14:20:00,6.04792043399638
2015-03-19 14:25:00,6.376130198915006
2015-03-19 14:30:00,6.525316455696199
2015-03-19 14:35:00,6.02802893309222
2015-03-19 14:40:00,5.6301989150090375
2015-03-19 14:45:00,5.13291139240506
2015-03-19 14:50:00,5.023508137432184
2015-03-19 14:55:00,6.435804701627483
2015-03-19 15:00:00,9.160940325497283
2015-03-19 15:05:00,12.383363471971062
2015-03-19 15:10:00,14.422242314647374
2015-03-19 15:15:00,13.885171790235077
2015-03-19 15:20:00,11.806509945750449
2015-03-19 15:25:00,8.922242314647374
2015-03-19 15:30:00,7.151898734177212
2015-03-19 15:35:00,6.575045207956597
2015-03-19 15:40:00,6.256781193490051
2015-03-19 15:45:00,6.604882459312836
2015-03-19 15:50:00,7.6491862567811895
2015-03-19 15:55:00,9.280289330922237
2015-03-19 16:00:00,10.692585895117535
2015-03-19 16:05:00,10.961121157323683
2015-03-19 16:10:00,10.394213381555149
2015-03-19 16:15:00,8.971971066907773
2015-03-19 16:20:00,7.7585895117540655
2015-03-19 16:25:00,7.171790235081371
2015-03-19 16:30:00,6.803797468354427
2015-03-19 16:35:00,6.73417721518987
2015-03-19 16:40:00,6.396021699819164
2015-03-19 16:45:00,6.107594936708857
2015-03-19 16:50:00,5.898734177215187
2015-03-19 16:55:00,5.749547920433993
2015-03-19 17:00:00,6.197106690777573
2015-03-19 17:05:00,6.783905967450267
2015-03-19 17:10:00,7.301084990958405
2015-03-19 17:15:00,7.291139240506325
2015-03-19 17:20:00,7.132007233273052
2015-03-19 17:25:00,7.141952983725131
2015-03-19 17:30:00,7.470162748643759
2015-03-19 17:35:00,7.848101265822782
2015-03-19 17:40:00,7.927667269439418
2015-03-19 17:45:00,7.619349005424952
2015-03-19 17:50:00,7.66907775768535
2015-03-19 17:55:00,7.977396021699816
2015-03-19 18:00:00,8.464737793851715
2015-03-19 18:05:00,8.434900542495477
2015-03-19 18:10:00,7.818264014466543
2015-03-19 18:15:00,7.112115732368893
2015-03-19 18:20:00,6.415913200723324
2015-03-19 18:25:00,6.654611211573234
2015-03-19 18:30:00,7.161844484629291
2015-03-19 18:35:00,7.987341772151895
2015-03-19 18:40:00,8.375226039782998
2015-03-19 18:45:00,8.3254972875226
2015-03-19 18:50:00,7.738698010849906
2015-03-19 18:55:00,7.122061482820973
2015-03-19 19:00:00,6.863471971066905
2015-03-19 19:05:00,6.76401446654611
2015-03-19 19:10:00,6.773960216998188
2015-03-19 19:15:00,6.614828209764915
2015-03-19 19:20:00,6.415913200723323
2015-03-19 19:25:00,6.386075949367085
2015-03-19 19:30:00,6.853526220614825
2015-03-19 19:35:00,7.430379746835439
2015-03-19 19:40:00,7.798372513562383
2015-03-19 19:45:00,7.4502712477395985
2015-03-19 19:50:00,6.624773960216994
2015-03-19 19:55:00,5.80922242314647
2015-03-19 20:00:00,5.3815551537070485
2015-03-19 20:05:00,5.849005424954789
2015-03-19 20:10:00,6.684448462929472
2015-03-19 20:15:00,7.838155515370702
2015-03-19 20:20:00,8.653707052441227
2015-03-19 20:25:00,9.05153707052441
2015-03-19 20:30:00,8.922242314647374
2015-03-19 20:35:00,8.484629294755873
2015-03-19 20:40:00,8.415009041591317
2015-03-19 20:45:00,8.375226039782998
2015-03-19 20:50:00,8.484629294755873
2015-03-19 20:55:00,8.116636528028929
2015-03-19 21:00:00,7.499999999999996
2015-03-19 21:05:00,7.062386980108496
2015-03-19 21:10:00,6.584990958408677
2015-03-19 21:15:00,6.366184448462927
2015-03-19 21:20:00,5.9385171790235045
2015-03-19 21:25:00,5.451175406871606
2015-03-19 21:30:00,5.103074141048821
2015-03-19 21:35:00,5.033453887884264
2015-03-19 21:40:00,5.172694394213378
2015-03-19 21:45:00,5.490958408679925
2015-03-19 21:50:00,5.749547920433993
2015-03-19 21:55:00,5.908679927667266
2015-03-19 22:00:00,5.849005424954789
2015-03-19 22:05:00,5.461121157323685
2015-03-19 22:10:00,5.202531645569617
2015-03-19 22:15:00,4.993670886075947
2015-03-19 22:20:00,4.864376130198911
2015-03-19 22:25:00,4.69529837251356
2015-03-19 22:30:00,4.456600361663649
2015-03-19 22:35:00,4.287522603978298
2015-03-19 22:40:00,4.3770343580470135
2015-03-19 22:45:00,4.943942133815549
2015-03-19 22:50:00,5.550632911392402
2015-03-19 22:55:00,6.05786618444846
2015-03-19 23:00:00,6.02802893309222
2015-03-19 23:05:00,5.6003616636528
2015-03-19 23:10:00,5.063291139240503
2015-03-19 23:15:00,4.655515370705241
2015-03-19 23:20:00,4.6754068716094
2015-03-19 23:25:00,4.645569620253161
2015-03-19 23:30:00,4.595840867992763
2015-03-19 23:35:00,4.377034358047013
2015-03-19 23:40:00,4.128390596745024
2015-03-19 23:45:00,3.7802893309222387
2015-03-19 23:50:00,3.481916817359852
2015-03-19 23:55:00,3.223327305605783
2015-03-20 00:00:00,3.213381555153703
2015-03-20 00:05:00,3.471971066907772
2015-03-20 00:10:00,3.879746835443034
2015-03-20 00:15:00,4.1184448462929435
2015-03-20 00:20:00,4.178119349005422
2015-03-20 00:25:00,4.22784810126582
2015-03-20 00:30:00,4.317359855334535
2015-03-20 00:35:00,4.45660036166365
2015-03-20 00:40:00,4.486437613019889
2015-03-20 00:45:00,4.386980108499093
2015-03-20 00:50:00,4.595840867992764
2015-03-20 00:55:00,5.719710669077754
2015-03-20 01:00:00,7.251356238698007
2015-03-20 01:05:00,8.494575045207952
2015-03-20 01:10:00,8.454792043399635
2015-03-20 01:15:00,7.350813743218803
2015-03-20 01:20:00,5.83905967450271
2015-03-20 01:25:00,4.735081374321878
2015-03-20 01:30:00,4.595840867992764
2015-03-20 01:35:00,4.90415913200723
2015-03-20 01:40:00,5.222423146473776
2015-03-20 01:45:00,5.2820976491862535
2015-03-20 01:50:00,4.884267631103071
2015-03-20 01:55:00,4.20795660036166
2015-03-20 02:00:00,3.6311030741410457
2015-03-20 02:05:00,3.3625678119348974
2015-03-20 02:10:00,3.6112115732368864
2015-03-20 02:15:00,3.849909584086796
2015-03-20 02:20:00,4.028933092224229
2015-03-20 02:25:00,3.9990958408679895
2015-03-20 02:30:00,3.7504520795660006
2015-03-20 02:35:00,3.7206148282097615
2015-03-20 02:40:00,3.849909584086796
2015-03-20 02:45:00,4.028933092224229
2015-03-20 02:50:00,4.138336347197104
2015-03-20 02:55:00,4.028933092224229
2015-03-20 03:00:00,4.038878842676308
2015-03-20 03:05:00,4.267631103074138
2015-03-20 03:10:00,4.595840867992764
2015-03-20 03:15:00,4.943942133815549
2015-03-20 03:20:00,5.073236889692582
2015-03-20 03:25:00,5.262206148282095
2015-03-20 03:30:00,5.301989150090414
2015-03-20 03:35:00,5.202531645569618
2015-03-20 03:40:00,4.824593128390593
2015-03-20 03:45:00,4.287522603978298
2015-03-20 03:50:00,3.830018083182637
2015-03-20 03:55:00,3.491862567811932
2015-03-20 04:00:00,3.3824593128390568
2015-03-20 04:05:00,3.2233273056057836
2015-03-20 04:10:00,3.452079566003613
2015-03-20 04:15:00,4.953887884267628
2015-03-20 04:20:00,7.062386980108496
2015-03-20 04:25:00,8.962025316455692
2015-03-20 04:30:00,9.499095840867989
2015-03-20 04:35:00,8.315551537070522
2015-03-20 04:40:00,6.415913200723324
2015-03-20 04:45:00,4.546112115732366
2015-03-20 04:50:00,3.7603978300180803
2015-03-20 04:55:00,3.5018083182640116
2015-03-20 05:00:00,3.3924050632911364
2015-03-20 05:05:00,3.342676311030739
2015-03-20 05:10:00,3.3028933092224206
2015-03-20 05:15:00,3.3028933092224206
2015-03-20 05:20:00,3.342676311030739
2015-03-20 05:25:00,3.3725135623869775
2015-03-20 05:30:00,3.3227848101265796
2015-03-20 05:35:00,3.2730560578661816
2015-03-20 05:40:00,3.2531645569620227
2015-03-20 05:45:00,3.292947558770341
2015-03-20 05:50:00,3.382459312839057
2015-03-20 05:55:00,3.5117540687160913
2015-03-20 06:00:00,3.491862567811932
2015-03-20 06:05:00,3.4222423146473755
2015-03-20 06:10:00,3.1537070524412267
2015-03-20 06:15:00,2.8851717902350784
2015-03-20 06:20:00,2.63652802893309
2015-03-20 06:25:00,2.5271247739602143
2015-03-20 06:30:00,2.537070524412294
2015-03-20 06:35:00,2.5271247739602143
2015-03-20 06:40:00,2.5072332730560554
2015-03-20 06:45:00,2.377938517179021
2015-03-20 06:50:00,2.308318264014464
2015-03-20 06:55:00,2.129294755877032
2015-03-20 07:00:00,2.0696202531645542
2015-03-20 07:05:00,2.0397830018083156
2015-03-20 07:10:00,2.0198915009041563
2015-03-20 07:15:00,2.0198915009041563
2015-03-20 07:20:00,2.0
2015-03-20 07:25:00,2.0
2015-03-20 07:30:00,2.0198915009041567
2015-03-20 07:35:00,2.0198915009041567
2015-03-20 07:40:00,2.0198915009041567
2015-03-20 07:45:00,2.0198915009041567
2015-03-20 07:50:00,2.0
2015-03-20 07:55:00,2.0
2015-03-20 08:00:00,2.0
2015-03-20 08:05:00,2.0
2015-03-20 08:10:00,2.0
2015-03-20 08:15:00,2.0
2015-03-20 08:20:00,2.0
2015-03-20 08:25:00,2.0
2015-03-20 08:30:00,2.0198915009041563
2015-03-20 08:35:00,2.0198915009041563
2015-03-20 08:40:00,2.0198915009041563
2015-03-20 08:45:00,2.0198915009041563
2015-03-20 08:50:00,2.0
2015-03-20 08:55:00,2.079566003616634
2015-03-20 09:00:00,2.427667269439419
2015-03-20 09:05:00,2.785714285714283
2015-03-20 09:10:00,2.9846292947558744
2015-03-20 09:15:00,2.905063291139238
2015-03-20 09:20:00,2.556962025316453
2015-03-20 09:25:00,2.1989150090415888
2015-03-20 09:30:00,2.0895117540687136
2015-03-20 09:35:00,2.188969258589509
2015-03-20 09:40:00,2.2486437613019867
2015-03-20 09:45:00,2.2486437613019867
2015-03-20 09:50:00,2.1591320072332705
2015-03-20 09:55:00,2.3481012658227822
2015-03-20 10:00:00,2.5669077757685326
2015-03-20 10:05:00,2.944846292947556
2015-03-20 10:10:00,2.9746835443037947
2015-03-20 10:15:00,2.7459312839059646
2015-03-20 10:20:00,2.467450271247737
2015-03-20 10:25:00,2.0895117540687136
2015-03-20 10:30:00,2.079566003616634
2015-03-20 10:35:00,2.099457504520793
2015-03-20 10:40:00,2.3481012658227822
2015-03-20 10:45:00,2.507233273056055
2015-03-20 10:50:00,2.646473779385169
2015-03-20 10:55:00,2.7260397830018057
2015-03-20 11:00:00,2.8056057866184423
2015-03-20 11:05:00,3.2830018083182613
2015-03-20 11:10:00,3.969258589511752
2015-03-20 11:15:00,4.754972875226038
2015-03-20 11:20:00,5.351717902350811
2015-03-20 11:25:00,5.699819168173597
2015-03-20 11:30:00,5.620253164556959
2015-03-20 11:35:00,5.1925858951175385
2015-03-20 11:40:00,4.426763110307411
2015-03-20 11:45:00,3.6609403254972848
2015-03-20 11:50:00,3.0940325497287495
2015-03-20 11:55:00,2.895117540687158
2015-03-20 12:00:00,3.0443037974683516
2015-03-20 12:05:00,3.501808318264012
2015-03-20 12:10:00,4.247739602169979
2015-03-20 12:15:00,4.963833634719709
2015-03-20 12:20:00,5.461121157323687
2015-03-20 12:25:00,5.4909584086799255
2015-03-20 12:30:00,5.202531645569618
2015-03-20 12:35:00,4.695298372513561
2015-03-20 12:40:00,4.207956600361662
2015-03-20 12:45:00,3.8896925858951152
2015-03-20 12:50:00,3.700723327305603
2015-03-20 12:55:00,3.8001808318263985
2015-03-20 13:00:00,3.99909584086799
2015-03-20 13:05:00,4.367088607594934
2015-03-20 13:10:00,4.645569620253162
2015-03-20 13:15:00,4.894213381555151
2015-03-20 13:20:00,5.262206148282095
2015-03-20 13:25:00,5.61030741410488
2015-03-20 13:30:00,6.077757685352619
2015-03-20 13:35:00,6.256781193490052
2015-03-20 13:40:00,6.187160940325494
2015-03-20 13:45:00,5.858951175406869
2015-03-20 13:50:00,5.321880650994572
2015-03-20 13:55:00,5.003616636528027
2015-03-20 14:00:00,5.15280289330922
2015-03-20 14:05:00,5.5406871609403225
2015-03-20 14:10:00,5.938517179023505
2015-03-20 14:15:00,5.938517179023506
2015-03-20 14:20:00,5.580470162748641
2015-03-20 14:25:00,5.053345388788424
2015-03-20 14:30:00,4.715189873417719
2015-03-20 14:35:00,4.675406871609401
2015-03-20 14:40:00,4.585895117540685
2015-03-20 14:45:00,4.426763110307412
2015-03-20 14:50:00,4.198010849909581
2015-03-20 14:55:00,4.198010849909581
2015-03-20 15:00:00,4.496383363471969
2015-03-20 15:05:00,4.993670886075947
2015-03-20 15:10:00,5.550632911392403
2015-03-20 15:15:00,5.958408679927665
2015-03-20 15:20:00,6.256781193490052
2015-03-20 15:25:00,6.197106690777574
2015-03-20 15:30:00,5.908679927667267
2015-03-20 15:35:00,5.739602169981914
2015-03-20 15:40:00,5.9981916817359835
2015-03-20 15:45:00,6.535262206148279
2015-03-20 15:50:00,7.320976491862565
2015-03-20 15:55:00,7.838155515370702
2015-03-20 16:00:00,7.8580470162748615
2015-03-20 16:05:00,7.519891500904157
2015-03-20 16:10:00,6.863471971066905
2015-03-20 16:15:00,6.226943942133813
2015-03-20 16:20:00,5.441229656419527
2015-03-20 16:25:00,4.924050632911389
2015-03-20 16:30:00,4.854430379746833
2015-03-20 16:35:00,5.033453887884265
2015-03-20 16:40:00,5.580470162748641
2015-03-20 16:45:00,6.107594936708859
2015-03-20 16:50:00,6.455696202531644
2015-03-20 16:55:00,6.575045207956598
2015-03-20 17:00:00,6.813743218806508
2015-03-20 17:05:00,7.311030741410486
2015-03-20 17:10:00,7.8083182640144635
2015-03-20 17:15:00,7.947558770343578
2015-03-20 17:20:00,7.589511754068713
2015-03-20 17:25:00,6.843580470162745
2015-03-20 17:30:00,6.087703435804699
2015-03-20 17:35:00,5.779385171790232
2015-03-20 17:40:00,6.177215189873415
2015-03-20 17:45:00,6.883363471971065
2015-03-20 17:50:00,7.390596745027122
2015-03-20 17:55:00,7.499999999999997
2015-03-20 18:00:00,7.032549728752258
2015-03-20 18:05:00,6.376130198915006
2015-03-20 18:10:00,5.888788426763107
2015-03-20 18:15:00,5.858951175406869
2015-03-20 18:20:00,6.008137432188063
2015-03-20 18:25:00,6.1971066907775745
2015-03-20 18:30:00,6.1971066907775745
2015-03-20 18:35:00,6.485533453887882
2015-03-20 18:40:00,6.853526220614825
2015-03-20 18:45:00,7.241410488245928
2015-03-20 18:50:00,7.400542495479201
2015-03-20 18:55:00,7.072332730560575
2015-03-20 19:00:00,6.694394213381552
2015-03-20 19:05:00,6.3960216998191655
2015-03-20 19:10:00,6.316455696202529
2015-03-20 19:15:00,7.360759493670884
2015-03-20 19:20:00,8.8128390596745
2015-03-20 19:25:00,10.63291139240506
2015-03-20 19:30:00,11.687160940325493
2015-03-20 19:35:00,11.209764918625675
2015-03-20 19:40:00,9.867088607594933
2015-03-20 19:45:00,9.29023508137432
2015-03-20 19:50:00,10.782097649186255
2015-03-20 19:55:00,13.85533453887884
2015-03-20 20:00:00,16.600361663652798
2015-03-20 20:05:00,17.23688969258589
2015-03-20 20:10:00,15.804701627486434
2015-03-20 20:15:00,13.238698010849905
2015-03-20 20:20:00,11.179927667269435
2015-03-20 20:25:00,10.125678119349
2015-03-20 20:30:00,9.67811934900542
2015-03-20 20:35:00,9.280289330922239
2015-03-20 20:40:00,8.733273056057863
2015-03-20 20:45:00,7.728752260397827
2015-03-20 20:50:00,7.21157323688969
2015-03-20 20:55:00,6.943037974683541
2015-03-20 21:00:00,7.132007233273053
2015-03-20 21:05:00,7.350813743218803
2015-03-20 21:10:00,7.291139240506327
2015-03-20 21:15:00,7.042495479204337
2015-03-20 21:20:00,6.604882459312837
2015-03-20 21:25:00,6.336347197106688
2015-03-20 21:30:00,6.316455696202529
2015-03-20 21:35:00,7.092224231464735
2015-03-20 21:40:00,8.136528028933089
2015-03-20 21:45:00,9.24050632911392
2015-03-20 21:50:00,9.389692585895114
2015-03-20 21:55:00,8.693490054249544
2015-03-20 22:00:00,7.519891500904156
2015-03-20 22:05:00,6.53526220614828
2015-03-20 22:10:00,6.5551537070524395
2015-03-20 22:15:00,6.654611211573235
2015-03-20 22:20:00,6.992766726943939
2015-03-20 22:25:00,6.923146473779383
2015-03-20 22:30:00,6.783905967450268
2015-03-20 22:35:00,6.435804701627484
2015-03-20 22:40:00,5.888788426763108
2015-03-20 22:45:00,5.301989150090414
2015-03-20 22:50:00,4.804701627486436
2015-03-20 22:55:00,4.764918625678116
2015-03-20 23:00:00,5.103074141048822
2015-03-20 23:05:00,5.6898734177215164
2015-03-20 23:10:00,5.849005424954789
2015-03-20 23:15:00,5.660036166365277
2015-03-20 23:20:00,5.142857142857141
2015-03-20 23:25:00,4.68535262206148
2015-03-20 23:30:00,4.367088607594934
2015-03-20 23:35:00,4.347197106690775
2015-03-20 23:40:00,4.546112115732366
2015-03-20 23:45:00,4.874321880650992
2015-03-20 23:50:00,5.033453887884265
2015-03-20 23:55:00,4.824593128390594
2015-03-21 00:00:00,4.615732368896923
2015-03-21 00:05:00,4.546112115732367
2015-03-21 00:10:00,4.745027124773959
2015-03-21 00:15:00,4.9339963833634695
2015-03-21 00:20:00,4.864376130198913
2015-03-21 00:25:00,4.6853526220614805
2015-03-21 00:30:00,4.665461121157321
2015-03-21 00:35:00,4.774864376130196
2015-03-21 00:40:00,4.953887884267628
2015-03-21 00:45:00,4.9339963833634695
2015-03-21 00:50:00,4.774864376130196
2015-03-21 00:55:00,4.814647377938515
2015-03-21 01:00:00,4.824593128390594
2015-03-21 01:05:00,4.7848101265822764
2015-03-21 01:10:00,4.605786618444844
2015-03-21 01:15:00,4.297468354430378
2015-03-21 01:20:00,4.158227848101264
2015-03-21 01:25:00,3.9891500904159107
2015-03-21 01:30:00,3.859855334538877
2015-03-21 01:35:00,3.680831826401444
2015-03-21 01:40:00,3.601265822784808
2015-03-21 01:45:00,3.6708860759493644
2015-03-21 01:50:00,3.8399638336347177
2015-03-21 01:55:00,4.168173598553343
2015-03-21 02:00:00,4.506329113924048
2015-03-21 02:05:00,4.993670886075947
2015-03-21 02:10:00,5.142857142857141
2015-03-21 02:15:00,4.8842676311030715
2015-03-21 02:20:00,4.426763110307411
2015-03-21 02:25:00,3.839963833634717
2015-03-21 02:30:00,4.1283905967450245
2015-03-21 02:35:00,4.416817359855332
2015-03-21 02:40:00,4.8345388788426735
2015-03-21 02:45:00,4.7350813743218785
2015-03-21 02:50:00,4.257685352622059
2015-03-21 02:55:00,4.0786618444846265
2015-03-21 03:00:00,3.8797468354430356
2015-03-21 03:05:00,3.9792043399638315
2015-03-21 03:10:00,3.869801084990956
2015-03-21 03:15:00,3.591320072332728
2015-03-21 03:20:00,3.422242314647375
2015-03-21 03:25:00,3.5714285714285685
2015-03-21 03:30:00,3.859855334538876
2015-03-21 03:35:00,4.207956600361661
2015-03-21 03:40:00,4.098553345388786
2015-03-21 03:45:00,3.8399638336347173
2015-03-21 03:50:00,3.3725135623869775
2015-03-21 03:55:00,3.044303797468352
2015-03-21 04:00:00,2.9647377938517154
2015-03-21 04:05:00,2.9349005424954764
2015-03-21 04:10:00,2.895117540687158
2015-03-21 04:15:00,2.7558770343580443
2015-03-21 04:20:00,2.6763110307414077
2015-03-21 04:25:00,2.596745027124771
2015-03-21 04:30:00,2.696202531645567
2015-03-21 04:35:00,2.825497287522601
2015-03-21 04:40:00,2.8851717902350784
2015-03-21 04:45:00,2.8155515370705215
2015-03-21 04:50:00,2.666365280289328
2015-03-21 04:55:00,2.8453887884267606
2015-03-21 05:00:00,3.2133815551537044
2015-03-21 05:05:00,3.6907775768535234
2015-03-21 05:10:00,3.820072332730558
2015-03-21 05:15:00,3.4819168173598527
2015-03-21 05:20:00,3.0045207956600337
2015-03-21 05:25:00,2.5569620253164533
2015-03-21 05:30:00,2.427667269439419
2015-03-21 05:35:00,2.308318264014464
2015-03-21 05:40:00,2.2188065099457477
2015-03-21 05:45:00,2.0895117540687136
2015-03-21 05:50:00,2.0
2015-03-21 05:55:00,2.0397830018083156
2015-03-21 06:00:00,2.1989150090415883
2015-03-21 06:05:00,2.4575045207956574
2015-03-21 06:10:00,2.7260397830018057
2015-03-21 06:15:00,2.785714285714283
2015-03-21 06:20:00,2.716094032549726
2015-03-21 06:25:00,2.4575045207956574
2015-03-21 06:30:00,2.188969258589509
2015-03-21 06:35:00,2.0895117540687136
2015-03-21 06:40:00,2.0
2015-03-21 06:45:00,2.0
2015-03-21 06:50:00,2.0
2015-03-21 06:55:00,2.0
2015-03-21 07:00:00,2.0
2015-03-21 07:05:00,2.0
2015-03-21 07:10:00,2.0
2015-03-21 07:15:00,2.1690777576853497
2015-03-21 07:20:00,2.4972875226039757
2015-03-21 07:25:00,2.765822784810124
2015-03-21 07:30:00,2.8652802893309195
2015-03-21 07:35:00,2.696202531645567
2015-03-21 07:40:00,2.367992766726941
2015-03-21 07:45:00,2.099457504520793
2015-03-21 07:50:00,2.059674502712475
2015-03-21 07:55:00,2.1491862567811912
2015-03-21 08:00:00,2.17902350813743
2015-03-21 08:05:00,2.1989150090415888
2015-03-21 08:10:00,2.1690777576853497
2015-03-21 08:15:00,2.079566003616634
2015-03-21 08:20:00,2.0497287522603953
2015-03-21 08:25:00,2.029837251356236
2015-03-21 08:30:00,2.0
2015-03-21 08:35:00,2.0
2015-03-21 08:40:00,2.0
2015-03-21 08:45:00,2.0
2015-03-21 08:50:00,2.0
2015-03-21 08:55:00,2.0
2015-03-21 09:00:00,2.0
2015-03-21 09:05:00,2.0
2015-03-21 09:10:00,2.0
2015-03-21 09:15:00,2.0
2015-03-21 09:20:00,2.0
2015-03-21 09:25:00,2.0
2015-03-21 09:30:00,2.0
2015-03-21 09:35:00,2.0
2015-03-21 09:40:00,2.0
2015-03-21 09:45:00,2.0
2015-03-21 09:50:00,2.0
2015-03-21 09:55:00,2.0
2015-03-21 10:00:00,2.0
2015-03-21 10:05:00,2.0
2015-03-21 10:10:00,2.1591320072332705
2015-03-21 10:15:00,2.427667269439419
2015-03-21 10:20:00,2.825497287522601
2015-03-21 10:25:00,3.133815551537068
2015-03-21 10:30:00,3.292947558770341
2015-03-21 10:35:00,3.1139240506329084
2015-03-21 10:40:00,2.7260397830018057
2015-03-21 10:45:00,2.4376130198914985
2015-03-21 10:50:00,2.119349005424952
2015-03-21 10:55:00,2.119349005424952
2015-03-21 11:00:00,2.2287522603978274
2015-03-21 11:05:00,2.387884267631101
2015-03-21 11:10:00,2.427667269439419
2015-03-21 11:15:00,2.338155515370703
2015-03-21 11:20:00,2.2188065099457477
2015-03-21 11:25:00,2.0397830018083156
2015-03-21 11:30:00,2.0
2015-03-21 11:35:00,2.0
2015-03-21 11:40:00,2.0
2015-03-21 11:45:00,2.0
2015-03-21 11:50:00,2.0
2015-03-21 11:55:00,2.0
2015-03-21 12:00:00,2.0
2015-03-21 12:05:00,2.0
2015-03-21 12:10:00,2.0
2015-03-21 12:15:00,2.0
2015-03-21 12:20:00,2.1591320072332705
2015-03-21 12:25:00,2.4972875226039757
2015-03-21 12:30:00,3.203435804701625
2015-03-21 12:35:00,3.9990958408679904
2015-03-21 12:40:00,4.436708860759492
2015-03-21 12:45:00,4.327305605786616
2015-03-21 12:50:00,3.6808318264014437
2015-03-21 12:55:00,3.0542495479204312
2015-03-21 13:00:00,2.8453887884267606
2015-03-21 13:05:00,3.0244122965641926
2015-03-21 13:10:00,3.3725135623869775
2015-03-21 13:15:00,3.471971066907773
2015-03-21 13:20:00,3.3128390596745
2015-03-21 13:25:00,3.173598553345386
2015-03-21 13:30:00,3.0244122965641926
2015-03-21 13:35:00,2.964737793851715
2015-03-21 13:40:00,3.183544303797466
2015-03-21 13:45:00,3.332730560578659
2015-03-21 13:50:00,3.5117540687160913
2015-03-21 13:55:00,3.6609403254972848
2015-03-21 14:00:00,3.8797468354430356
2015-03-21 14:05:00,4.347197106690775
2015-03-21 14:10:00,4.8345388788426735
2015-03-21 14:15:00,5.103074141048822
2015-03-21 14:20:00,4.953887884267629
2015-03-21 14:25:00,4.337251356238696
2015-03-21 14:30:00,3.730560578661842
2015-03-21 14:35:00,3.5316455696202507
2015-03-21 14:40:00,3.501808318264012
2015-03-21 14:45:00,3.9990958408679904
2015-03-21 14:50:00,4.267631103074139
2015-03-21 14:55:00,4.585895117540685
2015-03-21 15:00:00,4.963833634719708
2015-03-21 15:05:00,5.530741410488243
2015-03-21 15:10:00,6.246835443037972
2015-03-21 15:15:00,6.624773960216995
2015-03-21 15:20:00,6.5452079566003585
2015-03-21 15:25:00,5.878842676311028
2015-03-21 15:30:00,5.232368896925856
2015-03-21 15:35:00,4.91410488245931
2015-03-21 15:40:00,5.093128390596743
2015-03-21 15:45:00,5.510849909584085
2015-03-21 15:50:00,5.9981916817359835
2015-03-21 15:55:00,6.684448462929474
2015-03-21 16:00:00,7.1518987341772124
2015-03-21 16:05:00,7.3110307414104865
2015-03-21 16:10:00,6.943037974683541
2015-03-21 16:15:00,6.226943942133812
2015-03-21 16:20:00,5.401446654611209
2015-03-21 16:25:00,4.725135623869798
2015-03-21 16:30:00,4.386980108499093
2015-03-21 16:35:00,4.148282097649183
2015-03-21 16:40:00,4.138336347197104
2015-03-21 16:45:00,4.575949367088605
2015-03-21 16:50:00,5.053345388788424
2015-03-21 16:55:00,5.8390596745027095
2015-03-21 17:00:00,6.366184448462927
2015-03-21 17:05:00,6.714285714285712
2015-03-21 17:10:00,6.962929475587701
2015-03-21 17:15:00,6.644665461121154
2015-03-21 17:20:00,6.525316455696199
2015-03-21 17:25:00,5.82911392405063
2015-03-21 17:30:00,5.1925858951175385
2015-03-21 17:35:00,4.675406871609401
2015-03-21 17:40:00,4.168173598553343
2015-03-21 17:45:00,4.108499095840866
2015-03-21 17:50:00,4.018987341772149
2015-03-21 17:55:00,4.357142857142854
2015-03-21 18:00:00,4.814647377938515
2015-03-21 18:05:00,5.451175406871607
2015-03-21 18:10:00,5.968354430379745
2015-03-21 18:15:00,5.888788426763107
2015-03-21 18:20:00,5.560578661844483
2015-03-21 18:25:00,5.182640144665458
2015-03-21 18:30:00,4.963833634719708
2015-03-21 18:35:00,5.023508137432186
2015-03-21 18:40:00,4.953887884267629
2015-03-21 18:45:00,4.764918625678117
2015-03-21 18:50:00,4.4864376130198895
2015-03-21 18:55:00,4.108499095840866
2015-03-21 19:00:00,4.0289330922242295
2015-03-21 19:05:00,3.859855334538876
2015-03-21 19:10:00,3.8896925858951152
2015-03-21 19:15:00,3.8200723327305584
2015-03-21 19:20:00,3.690777576853524
2015-03-21 19:25:00,3.5614828209764893
2015-03-21 19:30:00,3.4918625678119324
2015-03-21 19:35:00,3.859855334538876
2015-03-21 19:40:00,4.118444846292945
2015-03-21 19:45:00,4.327305605786616
2015-03-21 19:50:00,4.277576853526218
2015-03-21 19:55:00,4.2278481012658204
2015-03-21 20:00:00,4.297468354430378
2015-03-21 20:05:00,5.40144665461121
2015-03-21 20:10:00,7.490054249547917
2015-03-21 20:15:00,9.787522603978298
2015-03-21 20:20:00,12.960216998191678
2015-03-21 20:25:00,14.163652802893305
2015-03-21 20:30:00,14.54159132007233
2015-03-21 20:35:00,12.74141048824593
2015-03-21 20:40:00,10.016274864376125
2015-03-21 20:45:00,7.8878842676311
2015-03-21 20:50:00,5.411392405063288
2015-03-21 20:55:00,4.585895117540685
2015-03-21 21:00:00,3.7106690777576823
2015-03-21 21:05:00,3.402350813743216
2015-03-21 21:10:00,3.7802893309222396
2015-03-21 21:15:00,4.1781193490054225
2015-03-21 21:20:00,4.566003616636525
2015-03-21 21:25:00,4.5262206148282065
2015-03-21 21:30:00,4.287522603978298
2015-03-21 21:35:00,4.118444846292945
2015-03-21 21:40:00,4.2377938517179
2015-03-21 21:45:00,4.655515370705242
2015-03-21 21:50:00,4.943942133815549
2015-03-21 21:55:00,5.043399638336345
2015-03-21 22:00:00,4.69529837251356
2015-03-21 22:05:00,4.2377938517179
2015-03-21 22:10:00,3.700723327305603
2015-03-21 22:15:00,3.4620253164556933
2015-03-21 22:20:00,3.6907775768535234
2015-03-21 22:25:00,4.247739602169979
2015-03-21 22:30:00,5.57052441229656
2015-03-21 22:35:00,6.724231464737791
2015-03-21 22:40:00,7.599457504520792
2015-03-21 22:45:00,7.728752260397826
2015-03-21 22:50:00,6.913200723327302
2015-03-21 22:55:00,5.8887884267631065
2015-03-21 23:00:00,4.695298372513559
2015-03-21 23:05:00,3.98915009041591
2015-03-21 23:10:00,7.360759493670884
2015-03-21 23:15:00,11.915913200723326
2015-03-21 23:20:00,16.988245931283906
2015-03-21 23:25:00,18.350813743218808
2015-03-21 23:30:00,15.108499095840866
2015-03-21 23:35:00,10.692585895117539
2015-03-21 23:40:00,5.928571428571425
2015-03-21 23:45:00,4.655515370705241
2015-03-21 23:50:00,4.078661844484626
2015-03-21 23:55:00,3.6311030741410453
2015-03-22 00:00:00,3.372513562386976
2015-03-22 00:05:00,3.541591320072329
2015-03-22 00:10:00,3.899638336347193
2015-03-22 00:15:00,4.327305605786615
2015-03-22 00:20:00,4.466546112115729
2015-03-22 00:25:00,4.377034358047013
2015-03-22 00:30:00,4.098553345388785
2015-03-22 00:35:00,3.9095840867992733
2015-03-22 00:40:00,3.8797468354430347
2015-03-22 00:45:00,4.028933092224229
2015-03-22 00:50:00,4.307414104882456
2015-03-22 00:55:00,4.496383363471967
2015-03-22 01:00:00,4.725135623869798
2015-03-22 01:05:00,4.695298372513559
2015-03-22 01:10:00,4.715189873417718
2015-03-22 01:15:00,4.386980108499093
2015-03-22 01:20:00,3.939421338155512
2015-03-22 01:25:00,3.362567811934897
2015-03-22 01:30:00,2.735985533453884
2015-03-22 01:35:00,2.5470162748643723
2015-03-22 01:40:00,2.497287522603975
2015-03-22 01:45:00,2.716094032549725
2015-03-22 01:50:00,2.964737793851714
2015-03-22 01:55:00,3.1039783001808283
2015-03-22 02:00:00,3.0940325497287486
2015-03-22 02:05:00,2.815551537070521
2015-03-22 02:10:00,2.676311030741407
2015-03-22 02:15:00,2.6464737793851683
2015-03-22 02:20:00,2.8453887884267592
2015-03-22 02:25:00,3.1636528028933055
2015-03-22 02:30:00,3.3227848101265787
2015-03-22 02:35:00,3.29294755877034
2015-03-22 02:40:00,3.342676311030738
2015-03-22 02:45:00,3.6211573236889656
2015-03-22 02:50:00,4.058770343580466
2015-03-22 02:55:00,4.367088607594933
2015-03-22 03:00:00,4.416817359855331
2015-03-22 03:05:00,4.287522603978297
2015-03-22 03:10:00,3.919529837251353
2015-03-22 03:15:00,3.800180831826398
2015-03-22 03:20:00,3.98915009041591
2015-03-22 03:25:00,4.347197106690774
2015-03-22 03:30:00,4.854430379746832
2015-03-22 03:35:00,5.14285714285714
2015-03-22 03:40:00,5.311934900542492
2015-03-22 03:45:00,5.262206148282094
2015-03-22 03:50:00,4.973779385171786
2015-03-22 03:55:00,4.66546112115732
2015-03-22 04:00:00,4.078661844484626
2015-03-22 04:05:00,3.730560578661841
2015-03-22 04:10:00,3.6012658227848067
2015-03-22 04:15:00,3.591320072332727
2015-03-22 04:20:00,3.501808318264011
2015-03-22 04:25:00,3.113924050632908
2015-03-22 04:30:00,2.7061482820976455
2015-03-22 04:35:00,2.4077757685352585
2015-03-22 04:40:00,2.2685352622061448
2015-03-22 04:45:00,2.258589511754065
2015-03-22 04:50:00,2.1790235081374285
2015-03-22 04:55:00,2.0696202531645533
2015-03-22 05:00:00,2.029837251356235
2015-03-22 05:05:00,2.029837251356235
2015-03-22 05:10:00,2.079566003616633
2015-03-22 05:15:00,2.179023508137429
2015-03-22 05:20:00,2.179023508137429
2015-03-22 05:25:00,2.14918625678119
2015-03-22 05:30:00,2.099457504520792
2015-03-22 05:35:00,2.0
2015-03-22 05:40:00,2.019891500904156
2015-03-22 05:45:00,2.069620253164554
2015-03-22 05:50:00,2.1392405063291107
2015-03-22 05:55:00,2.1392405063291107
2015-03-22 06:00:00,2.1193490054249513
2015-03-22 06:05:00,2.0696202531645533
2015-03-22 06:10:00,2.0
2015-03-22 06:15:00,2.0
2015-03-22 06:20:00,2.0
2015-03-22 06:25:00,2.0
2015-03-22 06:30:00,2.0
2015-03-22 06:35:00,2.0
2015-03-22 06:40:00,2.0
2015-03-22 06:45:00,2.0
2015-03-22 06:50:00,2.0
2015-03-22 06:55:00,2.019891500904156
2015-03-22 07:00:00,2.019891500904156
2015-03-22 07:05:00,2.019891500904156
2015-03-22 07:10:00,2.019891500904156
2015-03-22 07:15:00,2.0
2015-03-22 07:20:00,2.0
2015-03-22 07:25:00,2.0
2015-03-22 07:30:00,2.0
2015-03-22 07:35:00,2.0
2015-03-22 07:40:00,2.0
2015-03-22 07:45:00,2.0
2015-03-22 07:50:00,2.0
2015-03-22 07:55:00,2.0
2015-03-22 08:00:00,2.0
2015-03-22 08:05:00,2.0
2015-03-22 08:10:00,2.0
2015-03-22 08:15:00,2.0
2015-03-22 08:20:00,2.0
2015-03-22 08:25:00,2.0
2015-03-22 08:30:00,2.0
2015-03-22 08:35:00,2.0
2015-03-22 08:40:00,2.0
2015-03-22 08:45:00,2.0
2015-03-22 08:50:00,2.0
2015-03-22 08:55:00,2.0198915009041554
2015-03-22 09:00:00,2.0198915009041554
2015-03-22 09:05:00,2.0198915009041554
2015-03-22 09:10:00,2.0198915009041554
2015-03-22 09:15:00,2.0
2015-03-22 09:20:00,2.0
2015-03-22 09:25:00,2.0
2015-03-22 09:30:00,2.0
2015-03-22 09:35:00,2.0
2015-03-22 09:40:00,2.0
2015-03-22 09:45:00,2.0
2015-03-22 09:50:00,2.0
2015-03-22 09:55:00,2.029837251356235
2015-03-22 10:00:00,2.0497287522603944
2015-03-22 10:05:00,2.0994575045207924
2015-03-22 10:10:00,2.0994575045207924
2015-03-22 10:15:00,2.0696202531645533
2015-03-22 10:20:00,2.0497287522603944
2015-03-22 10:25:00,2.0
2015-03-22 10:30:00,2.0
2015-03-22 10:35:00,2.0
2015-03-22 10:40:00,2.0
2015-03-22 10:45:00,2.0
2015-03-22 10:50:00,2.0
2015-03-22 10:55:00,2.1989150090415874
2015-03-22 11:00:00,2.4575045207956565
2015-03-22 11:05:00,2.626582278481009
2015-03-22 11:10:00,2.626582278481009
2015-03-22 11:15:00,2.427667269439418
2015-03-22 11:20:00,2.218806509945747
2015-03-22 11:25:00,2.0497287522603944
2015-03-22 11:30:00,2.0497287522603944
2015-03-22 11:35:00,2.0497287522603944
2015-03-22 11:40:00,2.0
2015-03-22 11:45:00,2.0
2015-03-22 11:50:00,2.0
2015-03-22 11:55:00,2.2287522603978265
2015-03-22 12:00:00,2.497287522603975
2015-03-22 12:05:00,2.83544303797468
2015-03-22 12:10:00,2.9150090415913166
2015-03-22 12:15:00,2.7956600361663613
2015-03-22 12:20:00,2.576853526220611
2015-03-22 12:25:00,2.2983725135623834
2015-03-22 12:30:00,2.218806509945747
2015-03-22 12:35:00,2.1094032549728716
2015-03-22 12:40:00,2.1193490054249513
2015-03-22 12:45:00,2.1491862567811904
2015-03-22 12:50:00,2.238698010849906
2015-03-22 12:55:00,2.3481012658227813
2015-03-22 13:00:00,2.497287522603975
2015-03-22 13:05:00,2.656419529837248
2015-03-22 13:10:00,2.7757685352622024
2015-03-22 13:15:00,2.8254972875226003
2015-03-22 13:20:00,2.765822784810123
2015-03-22 13:25:00,2.5967450271247703
2015-03-22 13:30:00,2.5569620253164524
2015-03-22 13:35:00,2.676311030741407
2015-03-22 13:40:00,2.9349005424954755
2015-03-22 13:45:00,3.203435804701624
2015-03-22 13:50:00,3.3028933092224193
2015-03-22 13:55:00,3.2730560578661807
2015-03-22 14:00:00,3.1934900542495446
2015-03-22 14:05:00,3.3824593128390563
2015-03-22 14:10:00,3.710669077757682
2015-03-22 14:15:00,3.949367088607592
2015-03-22 14:20:00,3.8300180831826367
2015-03-22 14:25:00,3.541591320072329
2015-03-22 14:30:00,3.1039783001808283
2015-03-22 14:35:00,2.9647377938517145
2015-03-22 14:40:00,3.1636528028933055
2015-03-22 14:45:00,3.5117540687160904
2015-03-22 14:50:00,3.8001808318263977
2015-03-22 14:55:00,3.720614828209761
2015-03-22 15:00:00,3.6808318264014432
2015-03-22 15:05:00,3.5415913200723295
2015-03-22 15:10:00,3.621157323688966
2015-03-22 15:15:00,3.6808318264014437
2015-03-22 15:20:00,3.7206148282097615
2015-03-22 15:25:00,3.710669077757682
2015-03-22 15:30:00,3.700723327305602
2015-03-22 15:35:00,3.7305605786618408
2015-03-22 15:40:00,3.5117540687160904
2015-03-22 15:45:00,3.3426763110307376
2015-03-22 15:50:00,3.173598553345385
2015-03-22 15:55:00,3.561482820976488
2015-03-22 16:00:00,4.217902350813739
2015-03-22 16:05:00,4.884267631103071
2015-03-22 16:10:00,5.272151898734174
2015-03-22 16:15:00,5.13291139240506
2015-03-22 16:20:00,4.854430379746832
2015-03-22 16:25:00,4.546112115732365
2015-03-22 16:30:00,4.396925858951172
2015-03-22 16:35:00,4.377034358047013
2015-03-22 16:40:00,4.317359855334535
2015-03-22 16:45:00,4.297468354430377
2015-03-22 16:50:00,4.168173598553342
2015-03-22 16:55:00,4.058770343580466
2015-03-22 17:00:00,4.088607594936706
2015-03-22 17:05:00,4.158227848101262
2015-03-22 17:10:00,4.287522603978297
2015-03-22 17:15:00,4.337251356238695
2015-03-22 17:20:00,4.297468354430377
2015-03-22 17:25:00,4.168173598553343
2015-03-22 17:30:00,3.9792043399638306
2015-03-22 17:35:00,3.8300180831826367
2015-03-22 17:40:00,3.5614828209764884
2015-03-22 17:45:00,3.233273056057863
2015-03-22 17:50:00,3.2531645569620213
2015-03-22 17:55:00,3.4719710669077717
2015-03-22 18:00:00,3.919529837251353
2015-03-22 18:05:00,4.21790235081374
2015-03-22 18:10:00,4.337251356238695
2015-03-22 18:15:00,4.44665461121157
2015-03-22 18:20:00,4.804701627486435
2015-03-22 18:25:00,5.441229656419527
2015-03-22 18:30:00,5.9882459312839025
2015-03-22 18:35:00,6.097649186256778
2015-03-22 18:40:00,5.650090415913197
2015-03-22 18:45:00,5.043399638336344
2015-03-22 18:50:00,4.585895117540684
2015-03-22 18:55:00,4.486437613019889
2015-03-22 19:00:00,4.6754068716094
2015-03-22 19:05:00,4.784810126582276
2015-03-22 19:10:00,4.754972875226036
2015-03-22 19:15:00,4.615732368896922
2015-03-22 19:20:00,4.695298372513559
2015-03-22 19:25:00,5.202531645569617
2015-03-22 19:30:00,5.679927667269435
2015-03-22 19:35:00,6.1374321880650955
2015-03-22 19:40:00,6.226943942133812
2015-03-22 19:45:00,6.087703435804698
2015-03-22 19:50:00,5.689873417721516
2015-03-22 19:55:00,5.272151898734174
2015-03-22 20:00:00,4.814647377938514
2015-03-22 20:05:00,4.357142857142854
2015-03-22 20:10:00,4.158227848101263
2015-03-22 20:15:00,4.088607594936706
2015-03-22 20:20:00,4.168173598553342
2015-03-22 20:25:00,4.038878842676308
2015-03-22 20:30:00,3.959312839059671
2015-03-22 20:35:00,3.8598553345388753
2015-03-22 20:40:00,3.8001808318263977
2015-03-22 20:45:00,3.8200723327305566
2015-03-22 20:50:00,3.8300180831826367
2015-03-22 20:55:00,3.800180831826397
2015-03-22 21:00:00,6.674502712477391
2015-03-22 21:05:00,9.648282097649183
2015-03-22 21:10:00,12.552441229656415
2015-03-22 21:15:00,12.403254972875223
2015-03-22 21:20:00,9.091320072332726
2015-03-22 21:25:00,5.689873417721515
2015-03-22 21:30:00,2.4475587703435764
2015-03-22 21:35:00,2.487341772151895
2015-03-22 21:40:00,2.666365280289327
2015-03-22 21:45:00,2.8056057866184414
2015-03-22 21:50:00,2.9547920433996344
2015-03-22 21:55:00,3.034358047016271
2015-03-22 22:00:00,3.193490054249544
2015-03-22 22:05:00,3.2034358047016234
2015-03-22 22:10:00,3.1039783001808274
2015-03-22 22:15:00,2.895117540687157
2015-03-22 22:20:00,2.7061482820976455
2015-03-22 22:25:00,2.7757685352622024
2015-03-22 22:30:00,2.915009041591316
2015-03-22 22:35:00,2.8155515370705206
2015-03-22 22:40:00,2.9647377938517137
2015-03-22 22:45:00,3.094032549728748
2015-03-22 22:50:00,3.422242314647374
2015-03-22 22:55:00,3.7802893309222387
2015-03-22 23:00:00,3.9195298372513525
2015-03-22 23:05:00,4.227848101265819
2015-03-22 23:10:00,4.4764918625678085
2015-03-22 23:15:00,5.043399638336344
2015-03-22 23:20:00,5.391500904159129
2015-03-22 23:25:00,5.2323688969258555
2015-03-22 23:30:00,4.745027124773956
2015-03-22 23:35:00,3.929475587703432
2015-03-22 23:40:00,3.263110307414101
2015-03-22 23:45:00,2.924954792043396
2015-03-22 23:50:00,3.1735985533453848
2015-03-22 23:55:00,3.830018083182636
2015-03-23 00:00:00,4.645569620253161
2015-03-23 00:05:00,5.172694394213378
2015-03-23 00:10:00,5.152802893309219
2015-03-23 00:15:00,4.715189873417717
2015-03-23 00:20:00,4.148282097649182
2015-03-23 00:25:00,3.8200723327305566
2015-03-23 00:30:00,3.581374321880647
2015-03-23 00:35:00,3.5415913200723286
2015-03-23 00:40:00,3.591320072332727
2015-03-23 00:45:00,3.8300180831826363
2015-03-23 00:50:00,4.178119349005421
2015-03-23 00:55:00,4.5759493670886044
2015-03-23 01:00:00,4.834538878842672
2015-03-23 01:05:00,4.754972875226036
2015-03-23 01:10:00,4.486437613019888
2015-03-23 01:15:00,4.058770343580466
2015-03-23 01:20:00,3.720614828209761
2015-03-23 01:25:00,3.462025316455692
2015-03-23 01:30:00,3.2730560578661803
2015-03-23 01:35:00,3.2034358047016234
2015-03-23 01:40:00,3.0443037974683507
2015-03-23 01:45:00,3.0045207956600324
2015-03-23 01:50:00,3.0244122965641913
2015-03-23 01:55:00,3.432188065099454
2015-03-23 02:00:00,3.9195298372513525
2015-03-23 02:05:00,4.357142857142854
2015-03-23 02:10:00,4.386980108499093
2015-03-23 02:15:00,4.009041591320068
2015-03-23 02:20:00,3.5117540687160904
2015-03-23 02:25:00,3.074141048824589
2015-03-23 02:30:00,3.0244122965641917
2015-03-23 02:35:00,3.233273056057862
2015-03-23 02:40:00,3.5117540687160895
2015-03-23 02:45:00,3.929475587703432
2015-03-23 02:50:00,4.22784810126582
2015-03-23 02:55:00,4.317359855334535
2015-03-23 03:00:00,4.307414104882456
2015-03-23 03:05:00,4.257685352622057
2015-03-23 03:10:00,4.1880650994575
2015-03-23 03:15:00,3.989150090415909
2015-03-23 03:20:00,3.6112115732368855
2015-03-23 03:25:00,3.382459312839056
2015-03-23 03:30:00,3.2531645569620213
2015-03-23 03:35:00,3.2233273056057827
2015-03-23 03:40:00,3.2631103074141006
2015-03-23 03:45:00,3.034358047016271
2015-03-23 03:50:00,2.785714285714282
2015-03-23 03:55:00,2.6166365280289288
2015-03-23 04:00:00,2.6663652802893267
2015-03-23 04:05:00,3.382459312839056
2015-03-23 04:10:00,4.188065099457501
2015-03-23 04:15:00,4.844484629294753
2015-03-23 04:20:00,4.90415913200723
2015-03-23 04:25:00,4.267631103074137
2015-03-23 04:30:00,3.6112115732368855
2015-03-23 04:35:00,3.432188065099453
2015-03-23 04:40:00,3.670886075949363
2015-03-23 04:45:00,3.9990958408679886
2015-03-23 04:50:00,3.859855334538875
2015-03-23 04:55:00,3.5913200723327265
2015-03-23 05:00:00,3.4918625678119306
2015-03-23 05:05:00,3.3526220614828164
2015-03-23 05:10:00,3.4719710669077717
2015-03-23 05:15:00,3.2531645569620213
2015-03-23 05:20:00,2.885171790235077
2015-03-23 05:25:00,2.4475587703435764
2015-03-23 05:30:00,2.2386980108499053
2015-03-23 05:35:00,2.0497287522603935
2015-03-23 05:40:00,2.0
2015-03-23 05:45:00,3.929475587703431
2015-03-23 05:50:00,7.877938517179018
2015-03-23 05:55:00,12.035262206148277
2015-03-23 06:00:00,14.173598553345382
2015-03-23 06:05:00,12.512658227848096
2015-03-23 06:10:00,8.653707052441225
2015-03-23 06:15:00,4.675406871609399
2015-03-23 06:20:00,6.982820976491858
2015-03-23 06:25:00,12.21428571428571
2015-03-23 06:30:00,17.62477396021699
2015-03-23 06:35:00,21.563291139240498
2015-03-23 06:40:00,19.92224231464737
2015-03-23 06:45:00,16.669981916817353
2015-03-23 06:50:00,12.8508137432188
2015-03-23 06:55:00,10.11573236889692
2015-03-23 07:00:00,8.55424954792043
2015-03-23 07:05:00,7.4005424954792
2015-03-23 07:10:00,6.773960216998187
2015-03-23 07:15:00,6.4755877034358
2015-03-23 07:20:00,6.226943942133811
2015-03-23 07:25:00,6.067811934900538
2015-03-23 07:30:00,5.769439421338151
2015-03-23 07:35:00,5.411392405063287
2015-03-23 07:40:00,4.983725135623866
2015-03-23 07:45:00,4.585895117540683
2015-03-23 07:50:00,4.3173598553345345
2015-03-23 07:55:00,4.148282097649182
2015-03-23 08:00:00,4.028933092224228
2015-03-23 08:05:00,3.949367088607591
2015-03-23 08:10:00,3.770343580470159
2015-03-23 08:15:00,3.5316455696202484
2015-03-23 08:20:00,3.3725135623869757
2015-03-23 08:25:00,3.362567811934896
2015-03-23 08:30:00,3.6907775768535216
2015-03-23 08:35:00,4.009041591320068
2015-03-23 08:40:00,4.327305605786614
2015-03-23 08:45:00,4.247739602169977
2015-03-23 08:50:00,4.038878842676307
2015-03-23 08:55:00,3.9493670886075907
2015-03-23 09:00:00,3.939421338155511
2015-03-23 09:05:00,4.128390596745023
2015-03-23 09:10:00,4.108499095840864
2015-03-23 09:15:00,4.098553345388784
2015-03-23 09:20:00,4.148282097649182
2015-03-23 09:25:00,4.207956600361659
2015-03-23 09:30:00,4.486437613019888
2015-03-23 09:35:00,4.546112115732365
2015-03-23 09:40:00,4.605786618444842
2015-03-23 09:45:00,4.476491862567808
2015-03-23 09:50:00,4.1880650994575
2015-03-23 09:55:00,3.9990958408679886
2015-03-23 10:00:00,3.7405063291139196
2015-03-23 10:05:00,4.118444846292943
2015-03-23 10:10:00,4.8743218806509905
2015-03-23 10:15:00,5.620253164556958
2015-03-23 10:20:00,6.306509945750447
2015-03-23 10:25:00,6.435804701627482
2015-03-23 10:30:00,6.216998191681732
2015-03-23 10:35:00,5.689873417721515
2015-03-23 10:40:00,4.993670886075945
2015-03-23 10:45:00,4.526220614828206
2015-03-23 10:50:00,4.207956600361659
2015-03-23 10:55:00,4.128390596745023
2015-03-23 11:00:00,4.188065099457501
2015-03-23 11:05:00,4.148282097649182
2015-03-23 11:10:00,4.088607594936706
2015-03-23 11:15:00,4.148282097649183
2015-03-23 11:20:00,4.217902350813739
2015-03-23 11:25:00,4.277576853526217
2015-03-23 11:30:00,4.357142857142852
2015-03-23 11:35:00,4.396925858951171
2015-03-23 11:40:00,4.506329113924046
2015-03-23 11:45:00,4.506329113924046
2015-03-23 11:50:00,4.456600361663649
2015-03-23 11:55:00,4.645569620253161
2015-03-23 12:00:00,4.844484629294752
2015-03-23 12:05:00,5.272151898734173
2015-03-23 12:10:00,5.56057866184448
2015-03-23 12:15:00,5.600361663652799
2015-03-23 12:20:00,5.500904159132004
2015-03-23 12:25:00,5.10307414104882
2015-03-23 12:30:00,4.8245931283905925
2015-03-23 12:35:00,4.546112115732364
2015-03-23 12:40:00,4.496383363471967
2015-03-23 12:45:00,4.784810126582274
2015-03-23 12:50:00,5.043399638336343
2015-03-23 12:55:00,5.301989150090412
2015-03-23 13:00:00,5.590415913200719
2015-03-23 13:05:00,5.809222423146469
2015-03-23 13:10:00,6.077757685352617
2015-03-23 13:15:00,6.266726943942129
2015-03-23 13:20:00,6.376130198915005
2015-03-23 13:25:00,6.744122965641949
2015-03-23 13:30:00,7.16184448462929
2015-03-23 13:35:00,7.788426763110302
2015-03-23 13:40:00,8.206148282097644
2015-03-23 13:45:00,8.494575045207952
2015-03-23 13:50:00,8.594032549728748
2015-03-23 13:55:00,8.743218806509942
2015-03-23 14:00:00,9.031645569620249
2015-03-23 14:05:00,9.42947558770343
2015-03-23 14:10:00,9.528933092224227
2015-03-23 14:15:00,9.42947558770343
2015-03-23 14:20:00,9.111211573236885
2015-03-23 14:25:00,8.892405063291136
2015-03-23 14:30:00,8.852622061482815
2015-03-23 14:35:00,9.19077757685352
2015-03-23 14:40:00,9.648282097649181
2015-03-23 14:45:00,10.195298372513557
2015-03-23 14:50:00,11.160036166365273
2015-03-23 14:55:00,12.065099457504516
2015-03-23 15:00:00,12.64195298372513
2015-03-23 15:05:00,12.264014466546106
2015-03-23 15:10:00,11.349005424954786
2015-03-23 15:15:00,10.424050632911387
2015-03-23 15:20:00,9.807414104882454
2015-03-23 15:25:00,9.956600361663646
2015-03-23 15:30:00,10.155515370705238
2015-03-23 15:35:00,9.976491862567807
2015-03-23 15:40:00,9.409584086799272
2015-03-23 15:45:00,8.484629294755873
2015-03-23 15:50:00,7.8481012658227804
2015-03-23 15:55:00,7.579566003616632
2015-03-23 16:00:00,7.679023508137428
2015-03-23 16:05:00,7.7486437613019845
2015-03-23 16:10:00,7.440325497287518
2015-03-23 16:15:00,6.783905967450266
2015-03-23 16:20:00,6.376130198915005
2015-03-23 16:25:00,5.998191681735981
2015-03-23 16:30:00,5.8291139240506284
2015-03-23 16:35:00,5.610307414104877
2015-03-23 16:40:00,5.361663652802889
2015-03-23 16:45:00,5.7793851717902305
2015-03-23 16:50:00,6.366184448462925
2015-03-23 16:55:00,7.161844484629291
2015-03-23 17:00:00,8.3254972875226
2015-03-23 17:05:00,9.787522603978296
2015-03-23 17:10:00,11.647377938517174
2015-03-23 17:15:00,12.930379746835438
2015-03-23 17:20:00,13.258589511754064
2015-03-23 17:25:00,12.363471971066902
2015-03-23 17:30:00,10.632911392405058
2015-03-23 17:35:00,9.200723327305601
2015-03-23 17:40:00,8.345388788426758
2015-03-23 17:45:00,9.101265822784805
2015-03-23 17:50:00,10.901446654611206
2015-03-23 17:55:00,13.34810126582278
2015-03-23 18:00:00,14.889692585895112
2015-03-23 18:05:00,15.068716094032546
2015-03-23 18:10:00,14.402350813743215
2015-03-23 18:15:00,13.35804701627486
2015-03-23 18:20:00,12.65189873417721
2015-03-23 18:25:00,11.657323688969253
2015-03-23 18:30:00,10.463833634719705
2015-03-23 18:35:00,8.862567811934895
2015-03-23 18:40:00,8.027124773960212
2015-03-23 18:45:00,7.509945750452075
2015-03-23 18:50:00,7.420433996383359
2015-03-23 18:55:00,7.460216998191678
2015-03-23 19:00:00,7.320976491862563
2015-03-23 19:05:00,7.430379746835438
2015-03-23 19:10:00,7.370705244122961
2015-03-23 19:15:00,7.490054249547916
2015-03-23 19:20:00,7.808318264014462
2015-03-23 19:25:00,8.196202531645564
2015-03-23 19:30:00,8.733273056057861
2015-03-23 19:35:00,8.80289330922242
2015-03-23 19:40:00,8.773056057866182
2015-03-23 19:45:00,8.484629294755873
2015-03-23 19:50:00,8.703435804701623
2015-03-23 19:55:00,9.310126582278476
2015-03-23 20:00:00,9.777576853526215
2015-03-23 20:05:00,9.717902350813738
2015-03-23 20:10:00,8.733273056057861
2015-03-23 20:15:00,7.708860759493666
2015-03-23 20:20:00,6.913200723327301
2015-03-23 20:25:00,6.704339963833631
2015-03-23 20:30:00,6.883363471971062
2015-03-23 20:35:00,6.982820976491858
2015-03-23 20:40:00,6.704339963833631
2015-03-23 20:45:00,7.221518987341767
2015-03-23 20:50:00,8.255877034358042
2015-03-23 20:55:00,10.016274864376125
2015-03-23 21:00:00,11.259493670886071
2015-03-23 21:05:00,11.736889692585889
2015-03-23 21:10:00,12.303797468354425
2015-03-23 21:15:00,12.492766726943936
2015-03-23 21:20:00,12.840867992766722
2015-03-23 21:25:00,12.184448462929469
2015-03-23 21:30:00,10.593128390596739
2015-03-23 21:35:00,8.633815551537065
2015-03-23 21:40:00,6.982820976491858
2015-03-23 21:45:00,6.127486437613015
2015-03-23 21:50:00,5.669981916817356
2015-03-23 21:55:00,5.5506329113924
2015-03-23 22:00:00,5.839059674502709
2015-03-23 22:05:00,6.25678119349005
2015-03-23 22:10:00,6.565099457504517
2015-03-23 22:15:00,6.714285714285711
2015-03-23 22:20:00,6.903254972875222
2015-03-23 22:25:00,7.082278481012654
2015-03-23 22:30:00,7.251356238698007
2015-03-23 22:35:00,7.251356238698007
2015-03-23 22:40:00,7.191681735985529
2015-03-23 22:45:00,7.320976491862563
2015-03-23 22:50:00,7.38065099457504
2015-03-23 22:55:00,7.420433996383359
2015-03-23 23:00:00,6.972875226039778
2015-03-23 23:05:00,6.207052441229652
2015-03-23 23:10:00,5.471066907775764
2015-03-23 23:15:00,4.814647377938513
2015-03-23 23:20:00,4.526220614828206
2015-03-23 23:25:00,4.297468354430375
2015-03-23 23:30:00,4.237793851717898
2015-03-23 23:35:00,4.1880650994575
2015-03-23 23:40:00,4.028933092224227
2015-03-23 23:45:00,3.9095840867992724
2015-03-23 23:50:00,3.800180831826397
2015-03-23 23:55:00,4.009041591320068
2015-03-24 00:00:00,4.287522603978296
2015-03-24 00:05:00,4.595840867992763
2015-03-24 00:10:00,4.7748643761301945
2015-03-24 00:15:00,4.64556962025316
2015-03-24 00:20:00,4.506329113924046
2015-03-24 00:25:00,4.377034358047013
2015-03-24 00:30:00,4.357142857142852
2015-03-24 00:35:00,4.566003616636523
2015-03-24 00:40:00,4.526220614828205
2015-03-24 00:45:00,4.585895117540683
2015-03-24 00:50:00,4.645569620253161
2015-03-24 00:55:00,4.814647377938513
2015-03-24 01:00:00,5.063291139240502
2015-03-24 01:05:00,5.063291139240502
2015-03-24 01:10:00,4.983725135623866
2015-03-24 01:15:00,4.814647377938513
2015-03-24 01:20:00,4.804701627486433
2015-03-24 01:25:00,4.904159132007228
2015-03-24 01:30:00,5.083182640144661
2015-03-24 01:35:00,5.461121157323684
2015-03-24 01:40:00,5.650090415913197
2015-03-24 01:45:00,5.8887884267631065
2015-03-24 01:50:00,5.858951175406867
2015-03-24 01:55:00,5.689873417721515
2015-03-24 02:00:00,5.421338155515366
2015-03-24 02:05:00,4.914104882459308
2015-03-24 02:10:00,4.615732368896921
2015-03-24 02:15:00,4.19801084990958
2015-03-24 02:20:00,4.158227848101261
2015-03-24 02:25:00,4.337251356238694
2015-03-24 02:30:00,4.575949367088604
2015-03-24 02:35:00,4.615732368896921
2015-03-24 02:40:00,4.44665461121157
2015-03-24 02:45:00,4.267631103074137
2015-03-24 02:50:00,4.018987341772148
2015-03-24 02:55:00,3.859855334538875
2015-03-24 03:00:00,3.8399638336347155
2015-03-24 03:05:00,4.048824593128386
2015-03-24 03:10:00,4.625678119349001
2015-03-24 03:15:00,5.232368896925855
2015-03-24 03:20:00,5.76943942133815
2015-03-24 03:25:00,5.819168173598549
2015-03-24 03:30:00,10.284810126582274
2015-03-24 03:35:00,14.790235081374316
2015-03-24 03:40:00,19.275768535262202
2015-03-24 03:45:00,22.050632911392402
2015-03-24 03:50:00,19.106690777576848
2015-03-24 03:55:00,15.277576853526217
2015-03-24 04:00:00,11.269439421338152
2015-03-24 04:05:00,9.528933092224227
2015-03-24 04:10:00,8.822784810126578
2015-03-24 04:15:00,8.80289330922242
2015-03-24 04:20:00,8.584086799276669
2015-03-24 04:25:00,7.997287522603974
2015-03-24 04:30:00,7.350813743218802
2015-03-24 04:35:00,6.764014466546108
2015-03-24 04:40:00,6.2368896925858905
2015-03-24 04:45:00,5.689873417721515
2015-03-24 04:50:00,5.242314647377935
2015-03-24 04:55:00,4.993670886075945
2015-03-24 05:00:00,5.023508137432184
2015-03-24 05:05:00,4.953887884267626
2015-03-24 05:10:00,4.566003616636523
2015-03-24 05:15:00,4.396925858951171
2015-03-24 05:20:00,4.88426763110307
2015-03-24 05:25:00,6.316455696202526
2015-03-24 05:30:00,8.255877034358042
2015-03-24 05:35:00,9.41952983725135
2015-03-24 05:40:00,9.320072332730554
2015-03-24 05:45:00,7.967450271247734
2015-03-24 05:50:00,6.296564195298368
2015-03-24 05:55:00,5.113019891500899
2015-03-24 06:00:00,4.4168173598553295
2015-03-24 06:05:00,4.118444846292943
2015-03-24 06:10:00,3.8399638336347146
2015-03-24 06:15:00,3.4421338155515318
2015-03-24 06:20:00,3.1437613019891453
2015-03-24 06:25:00,3.0443037974683493
2015-03-24 06:30:00,3.173598553345384
2015-03-24 06:35:00,3.5614828209764875
2015-03-24 06:40:00,3.889692585895113
2015-03-24 06:45:00,4.009041591320067
2015-03-24 06:50:00,3.8698010849909537
2015-03-24 06:55:00,3.6012658227848053
2015-03-24 07:00:00,3.4520795660036114
2015-03-24 07:05:00,3.5614828209764866
2015-03-24 07:10:00,3.7603978300180785
2015-03-24 07:15:00,3.999095840867988
2015-03-24 07:20:00,4.028933092224227
2015-03-24 07:25:00,3.9294755877034317
2015-03-24 07:30:00,3.690777576853521
2015-03-24 07:35:00,3.4520795660036114
2015-03-24 07:40:00,3.2034358047016225
2015-03-24 07:45:00,2.8453887884267584
2015-03-24 07:50:00,2.596745027124769
2015-03-24 07:55:00,2.3580470162748597
2015-03-24 08:00:00,2.477396021699814
2015-03-24 08:05:00,2.566907775768531
2015-03-24 08:10:00,2.57685352622061
2015-03-24 08:15:00,2.467450271247735
2015-03-24 08:20:00,2.3083182640144617
2015-03-24 08:25:00,2.2884267631103024
2015-03-24 08:30:00,2.3679927667269394
2015-03-24 08:35:00,3.1139240506329067
2015-03-24 08:40:00,3.8698010849909537
2015-03-24 08:45:00,4.6654611211573185
2015-03-24 08:50:00,4.794755877034353
2015-03-24 08:55:00,4.337251356238693
2015-03-24 09:00:00,3.601265822784805
2015-03-24 09:05:00,2.79566003616636
2015-03-24 09:10:00,2.5171790235081324
2015-03-24 09:15:00,2.3182640144665414
2015-03-24 09:20:00,2.4376130198914963
2015-03-24 09:25:00,2.6464737793851674
2015-03-24 09:30:00,3.04430379746835
2015-03-24 09:35:00,3.2034358047016225
2015-03-24 09:40:00,3.153707052441225
2015-03-24 09:45:00,2.984629294755872
2015-03-24 09:50:00,2.825497287522599
2015-03-24 09:55:00,3.0940325497287477
2015-03-24 10:00:00,3.5316455696202484
2015-03-24 10:05:00,3.969258589511749
2015-03-24 10:10:00,4.247739602169977
2015-03-24 10:15:00,4.1880650994575
2015-03-24 10:20:00,4.058770343580465
2015-03-24 10:25:00,3.8101265822784764
2015-03-24 10:30:00,3.6311030741410444
2015-03-24 10:35:00,3.531645569620248
2015-03-24 10:40:00,3.402350813743214
2015-03-24 10:45:00,3.422242314647373
2015-03-24 10:50:00,3.452079566003612
2015-03-24 10:55:00,3.710669077757681
2015-03-24 11:00:00,4.247739602169977
2015-03-24 11:05:00,4.705244122965638
2015-03-24 11:10:00,4.8743218806509905
2015-03-24 11:15:00,4.575949367088603
2015-03-24 11:20:00,3.999095840867988
2015-03-24 11:25:00,3.7007233273056013
2015-03-24 11:30:00,3.790235081374317
2015-03-24 11:35:00,4.247739602169977
2015-03-24 11:40:00,4.794755877034353
2015-03-24 11:45:00,4.943942133815547
2015-03-24 11:50:00,4.963833634719705
2015-03-24 11:55:00,4.745027124773955
2015-03-24 12:00:00,4.566003616636523
2015-03-24 12:05:00,4.556057866184444
2015-03-24 12:10:00,4.386980108499092
2015-03-24 12:15:00,4.227848101265818
2015-03-24 12:20:00,3.8698010849909537
2015-03-24 12:25:00,3.690777576853521
2015-03-24 12:30:00,3.7703435804701586
2015-03-24 12:35:00,3.9195298372513516
2015-03-24 12:40:00,4.128390596745023
2015-03-24 12:45:00,4.237793851717898
2015-03-24 12:50:00,4.804701627486433
2015-03-24 12:55:00,5.9285714285714235
2015-03-24 13:00:00,7.728752260397824
2015-03-24 13:05:00,9.489150090415908
2015-03-24 13:10:00,10.225135623869797
2015-03-24 13:15:00,9.707956600361658
2015-03-24 13:20:00,7.9972875226039735
2015-03-24 13:25:00,6.127486437613015
2015-03-24 13:30:00,4.715189873417717
2015-03-24 13:35:00,4.128390596745023
2015-03-24 13:40:00,4.307414104882454
2015-03-24 13:45:00,4.745027124773955
2015-03-24 13:50:00,5.8788426763110255
2015-03-24 13:55:00,6.972875226039778
2015-03-24 14:00:00,7.788426763110302
2015-03-24 14:05:00,7.867992766726939
2015-03-24 14:10:00,7.132007233273051
2015-03-24 14:15:00,6.764014466546108
2015-03-24 14:20:00,6.744122965641949
2015-03-24 14:25:00,7.629294755877029
2015-03-24 14:30:00,8.355334538878838
2015-03-24 14:35:00,8.584086799276667
2015-03-24 14:40:00,8.226039783001802
2015-03-24 14:45:00,7.4403254972875175
2015-03-24 14:50:00,10.931283905967446
2015-03-24 14:55:00,14.909584086799272
2015-03-24 15:00:00,19.166365280289327
2015-03-24 15:05:00,22.209764918625673
2015-03-24 15:10:00,19.96202531645569
2015-03-24 15:15:00,16.76943942133815
2015-03-24 15:20:00,13.437613019891494
2015-03-24 15:25:00,10.951175406871604
2015-03-24 15:30:00,9.807414104882453
2015-03-24 15:35:00,10.642857142857137
2015-03-24 15:40:00,12.17450271247739
2015-03-24 15:45:00,14.382459312839053
2015-03-24 15:50:00,15.277576853526213
2015-03-24 15:55:00,14.730560578661837
2015-03-24 16:00:00,13.676311030741404
2015-03-24 16:05:00,13.129294755877028
2015-03-24 16:10:00,14.332730560578655
2015-03-24 16:15:00,15.53616636528028
2015-03-24 16:20:00,16.03345388788426
2015-03-24 16:25:00,15.695298372513555
2015-03-24 16:30:00,15.237793851717896
2015-03-24 16:35:00,14.800180831826395
2015-03-24 16:40:00,14.233273056057861
2015-03-24 16:45:00,13.407775768535256
2015-03-24 16:50:00,12.890596745027118
2015-03-24 16:55:00,13.676311030741404
2015-03-24 17:00:00,15.556057866184442
2015-03-24 17:05:00,17.386075949367083
2015-03-24 17:10:00,17.704339963833625
2015-03-24 17:15:00,16.570524412296557
2015-03-24 17:20:00,15.37703435804701
2015-03-24 17:25:00,14.45207956600361
2015-03-24 17:30:00,14.054249547920428
2015-03-24 17:35:00,13.129294755877028
2015-03-24 17:40:00,11.756781193490049
2015-03-24 17:45:00,10.941229656419523
2015-03-24 17:50:00,12.42314647377938
2015-03-24 17:55:00,15.566003616636522
2015-03-24 18:00:00,19.176311030741402
2015-03-24 18:05:00,21.30470162748643
2015-03-24 18:10:00,21.603074141048822
2015-03-24 18:15:00,21.87160940325497
2015-03-24 18:20:00,21.87160940325497
2015-03-24 18:25:00,22.63743218806509
2015-03-24 18:30:00,21.433996383363464
2015-03-24 18:35:00,18.430379746835435
2015-03-24 18:40:00,15.009041591320065
2015-03-24 18:45:00,11.826401446654604
2015-03-24 18:50:00,10.79204339963833
2015-03-24 18:55:00,10.652802893309214
2015-03-24 19:00:00,11.040687160940319
2015-03-24 19:05:00,11.010849909584081
2015-03-24 19:10:00,10.503616636528022
2015-03-24 19:15:00,9.767631103074134
2015-03-24 19:20:00,8.812839059674497
2015-03-24 19:25:00,8.345388788426757
2015-03-24 19:30:00,8.056962025316452
2015-03-24 19:35:00,7.907775768535258
2015-03-24 19:40:00,8.096745027124769
2015-03-24 19:45:00,8.395117540687156
2015-03-24 19:50:00,8.862567811934895
2015-03-24 19:55:00,8.942133815551532
2015-03-24 20:00:00,8.52441229656419
2015-03-24 20:05:00,8.235985533453881
2015-03-24 20:10:00,8.693490054249544
2015-03-24 20:15:00,9.757685352622056
2015-03-24 20:20:00,10.951175406871602
2015-03-24 20:25:00,11.169981916817354
2015-03-24 20:30:00,10.394213381555147
2015-03-24 20:35:00,9.797468354430373
2015-03-24 20:40:00,9.628390596745021
2015-03-24 20:45:00,10.374321880650989
2015-03-24 20:50:00,10.55334538878842
2015-03-24 20:55:00,10.225135623869797
2015-03-24 21:00:00,9.548824593128383
2015-03-24 21:05:00,8.802893309222418
2015-03-24 21:10:00,9.180831826401441
2015-03-24 21:15:00,9.320072332730554
2015-03-24 21:20:00,9.558770343580465
2015-03-24 21:25:00,8.882459312839053
2015-03-24 21:30:00,8.126582278481008
2015-03-24 21:35:00,7.5895117540687105
2015-03-24 21:40:00,7.15189873417721
2015-03-24 21:45:00,7.420433996383358
2015-03-24 21:50:00,7.509945750452074
2015-03-24 21:55:00,7.768535262206143
2015-03-24 22:00:00,7.748643761301984
2015-03-24 22:05:00,7.718806509945744
2015-03-24 22:10:00,7.291139240506324
2015-03-24 22:15:00,6.972875226039777
2015-03-24 22:20:00,6.754068716094027
2015-03-24 22:25:00,6.833634719710664
2015-03-24 22:30:00,6.853526220614823
2015-03-24 22:35:00,7.092224231464733
2015-03-24 22:40:00,7.350813743218802
2015-03-24 22:45:00,7.649186256781189
2015-03-24 22:50:00,7.967450271247734
2015-03-24 22:55:00,7.808318264014461
2015-03-24 23:00:00,7.529837251356232
2015-03-24 23:05:00,7.37070524412296
2015-03-24 23:10:00,7.579566003616631
2015-03-24 23:15:00,7.967450271247734
2015-03-24 23:20:00,7.85804701627486
2015-03-24 23:25:00,7.3905967450271195
2015-03-24 23:30:00,6.744122965641948
2015-03-24 23:35:00,6.00813743218806
2015-03-24 23:40:00,5.660036166365276
2015-03-24 23:45:00,5.31193490054249
2015-03-24 23:50:00,4.914104882459308
2015-03-24 23:55:00,4.914104882459308
2015-03-25 00:00:00,5.083182640144661
2015-03-25 00:05:00,5.381555153707048
2015-03-25 00:10:00,5.471066907775763
2015-03-25 00:15:00,5.2224231464737745
2015-03-25 00:20:00,5.292043399638331
2015-03-25 00:25:00,5.411392405063286
2015-03-25 00:30:00,5.76943942133815
2015-03-25 00:35:00,6.00813743218806
2015-03-25 00:40:00,5.8788426763110255
2015-03-25 00:45:00,5.858951175406866
2015-03-25 00:50:00,6.067811934900537
2015-03-25 00:55:00,6.674502712477391
2015-03-25 01:00:00,7.569620253164552
2015-03-25 01:05:00,8.226039783001804
2015-03-25 01:10:00,8.544303797468348
2015-03-25 01:15:00,8.315551537070519
2015-03-25 01:20:00,8.017179023508133
2015-03-25 01:25:00,7.967450271247734
2015-03-25 01:30:00,8.245931283905962
2015-03-25 01:35:00,8.613924050632907
2015-03-25 01:40:00,8.763110307414099
2015-03-25 01:45:00,8.603978300180826
2015-03-25 01:50:00,8.186256781193483
2015-03-25 01:55:00,7.768535262206142
2015-03-25 02:00:00,7.231464737793846
2015-03-25 02:05:00,6.724231464737788
2015-03-25 02:10:00,6.0777576853526165
2015-03-25 02:15:00,5.580470162748639
2015-03-25 02:20:00,5.073236889692581
2015-03-25 02:25:00,4.894213381555148
2015-03-25 02:30:00,5.1726943942133765
2015-03-25 02:35:00,5.849005424954788
2015-03-25 02:40:00,6.614828209764914
2015-03-25 02:45:00,7.1916817359855285
2015-03-25 02:50:00,7.261301989150086
2015-03-25 02:55:00,6.893309222423142
2015-03-25 03:00:00,6.226943942133811
2015-03-25 03:05:00,5.451175406871604
2015-03-25 03:10:00,4.814647377938512
2015-03-25 03:15:00,4.327305605786613
2015-03-25 03:20:00,4.138336347197101
2015-03-25 03:25:00,3.9095840867992715
2015-03-25 03:30:00,3.6609403254972817
2015-03-25 03:35:00,3.422242314647373
2015-03-25 03:40:00,3.3426763110307363
2015-03-25 03:45:00,3.3924050632911342
2015-03-25 03:50:00,3.452079566003611
2015-03-25 03:55:00,3.501808318264009
2015-03-25 04:00:00,3.750452079565998
2015-03-25 04:05:00,4.138336347197101
2015-03-25 04:10:00,4.625678119349001
2015-03-25 04:15:00,4.943942133815547
2015-03-25 04:20:00,5.043399638336343
2015-03-25 04:25:00,5.053345388788422
2015-03-25 04:30:00,4.784810126582274
2015-03-25 04:35:00,4.4665461121157275
2015-03-25 04:40:00,3.959312839059669
2015-03-25 04:45:00,3.4918625678119297
2015-03-25 04:50:00,3.223327305605782
2015-03-25 04:55:00,3.3526220614828155
2015-03-25 05:00:00,3.6012658227848053
2015-03-25 05:05:00,3.641048824593123
2015-03-25 05:10:00,3.5216998191681683
2015-03-25 05:15:00,3.113924050632906
2015-03-25 05:20:00,2.8951175406871554
2015-03-25 05:25:00,2.56690777576853
2015-03-25 05:30:00,2.447558770343575
2015-03-25 05:35:00,2.3083182640144613
2015-03-25 05:40:00,2.159132007233268
2015-03-25 05:45:00,2.2088607594936653
2015-03-25 05:50:00,2.2585895117540633
2015-03-25 05:55:00,2.2585895117540633
2015-03-25 06:00:00,2.3083182640144613
2015-03-25 06:05:00,2.32820976491862
2015-03-25 06:10:00,2.4376130198914954
2015-03-25 06:15:00,2.467450271247734
2015-03-25 06:20:00,2.367992766726939
2015-03-25 06:25:00,2.318264014466541
2015-03-25 06:30:00,2.198915009041586
2015-03-25 06:35:00,2.3481012658227796
2015-03-25 06:40:00,2.407775768535257
2015-03-25 06:45:00,2.5768535262206096
2015-03-25 06:50:00,2.6862567811934848
2015-03-25 06:55:00,2.726039783001803
2015-03-25 07:00:00,2.676311030741405
2015-03-25 07:05:00,2.497287522603973
2015-03-25 07:10:00,2.3481012658227796
2015-03-25 07:15:00,2.149186256781188
2015-03-25 07:20:00,2.1889692585895064
2015-03-25 07:25:00,2.218806509945745
2015-03-25 07:30:00,2.2386980108499044
2015-03-25 07:35:00,2.218806509945745
2015-03-25 07:40:00,2.1392405063291084
2015-03-25 07:45:00,2.019891500904154
2015-03-25 07:50:00,2.0
2015-03-25 07:55:00,2.0
2015-03-25 08:00:00,2.0
2015-03-25 08:05:00,2.0
2015-03-25 08:10:00,2.0
2015-03-25 08:15:00,2.0
2015-03-25 08:20:00,2.0
2015-03-25 08:25:00,2.0
2015-03-25 08:30:00,2.0
2015-03-25 08:35:00,2.0
2015-03-25 08:40:00,2.0
2015-03-25 08:45:00,2.0
2015-03-25 08:50:00,2.0
2015-03-25 08:55:00,2.0298372513562333
2015-03-25 09:00:00,2.0696202531645516
2015-03-25 09:05:00,2.1392405063291084
2015-03-25 09:10:00,2.1392405063291084
2015-03-25 09:15:00,2.1193490054249495
2015-03-25 09:20:00,2.089511754068711
2015-03-25 09:25:00,2.2486437613019836
2015-03-25 09:30:00,2.427667269439416
2015-03-25 09:35:00,2.6464737793851665
2015-03-25 09:40:00,2.6365280289330872
2015-03-25 09:45:00,2.4177215189873364
2015-03-25 09:50:00,2.318264014466541
2015-03-25 09:55:00,2.4177215189873364
2015-03-25 10:00:00,2.7061482820976437
2015-03-25 10:05:00,2.8752260397829965
2015-03-25 10:10:00,2.7956600361663604
2015-03-25 10:15:00,2.606690777576848
2015-03-25 10:20:00,2.56690777576853
2015-03-25 10:25:00,2.6862567811934848
2015-03-25 10:30:00,3.034358047016269
2015-03-25 10:35:00,3.183544303797463
2015-03-25 10:40:00,3.1537070524412245
2015-03-25 10:45:00,3.094032549728747
2015-03-25 10:50:00,3.004520795660031
2015-03-25 10:55:00,3.0045207956600306
2015-03-25 11:00:00,3.133815551537065
2015-03-25 11:05:00,3.3625678119348947
2015-03-25 11:10:00,3.680831826401441
2015-03-25 11:15:00,3.790235081374316
2015-03-25 11:20:00,3.670886075949362
2015-03-25 11:25:00,3.352622061482816
2015-03-25 11:30:00,2.974683544303792
2015-03-25 11:35:00,2.815551537070519
2015-03-25 11:40:00,2.8056057866184396
2015-03-25 11:45:00,2.8752260397829965
2015-03-25 11:50:00,2.865280289330917
2015-03-25 11:55:00,2.954792043399633
2015-03-25 12:00:00,3.273056057866179
2015-03-25 12:05:00,3.780289330922237
2015-03-25 12:10:00,4.297468354430375
2015-03-25 12:15:00,4.655515370705239
2015-03-25 12:20:00,4.725135623869797
2015-03-25 12:25:00,4.506329113924045
2015-03-25 12:30:00,4.1582278481012604
2015-03-25 12:35:00,3.9294755877034304
2015-03-25 12:40:00,3.839963833634714
2015-03-25 12:45:00,3.8101265822784756
2015-03-25 12:50:00,3.8399638336347146
2015-03-25 12:55:00,3.8101265822784756
2015-03-25 13:00:00,3.810126582278476
2015-03-25 13:05:00,3.869801084990953
2015-03-25 13:10:00,3.989150090415908
2015-03-25 13:15:00,3.9990958408679873
2015-03-25 13:20:00,4.148282097649181
2015-03-25 13:25:00,4.585895117540682
2015-03-25 13:30:00,5.30198915009041
2015-03-25 13:35:00,5.938517179023503
2015-03-25 13:40:00,6.266726943942129
2015-03-25 13:45:00,6.24683544303797
2015-03-25 13:50:00,6.336347197106686
2015-03-25 13:55:00,6.6347197106690725
2015-03-25 14:00:00,6.982820976491857
2015-03-25 14:05:00,6.982820976491857
2015-03-25 14:10:00,6.45569620253164
2015-03-25 14:15:00,5.78933092224231
2015-03-25 14:20:00,5.142857142857138
2015-03-25 14:25:00,4.983725135623865
2015-03-25 14:30:00,5.0235081374321835
2015-03-25 14:35:00,5.142857142857138
2015-03-25 14:40:00,5.09312839059674
2015-03-25 14:45:00,4.9737793851717855
2015-03-25 14:50:00,4.993670886075945
2015-03-25 14:55:00,5.510849909584081
2015-03-25 15:00:00,6.594936708860755
2015-03-25 15:05:00,7.8381555153707
2015-03-25 15:10:00,8.673598553345384
2015-03-25 15:15:00,9.180831826401441
2015-03-25 15:20:00,9.270343580470158
2015-03-25 15:25:00,9.131103074141043
2015-03-25 15:30:00,8.713381555153703
2015-03-25 15:35:00,7.937613019891495
2015-03-25 15:40:00,7.112115732368891
2015-03-25 15:45:00,6.3363471971066865
2015-03-25 15:50:00,6.097649186256776
2015-03-25 15:55:00,6.346292947558766
2015-03-25 16:00:00,6.565099457504516
2015-03-25 16:05:00,6.724231464737788
2015-03-25 16:10:00,6.565099457504516
2015-03-25 16:15:00,6.187160940325492
2015-03-25 16:20:00,5.928571428571423
2015-03-25 16:25:00,5.689873417721513
2015-03-25 16:30:00,5.75949367088607
2015-03-25 16:35:00,5.829113924050628
2015-03-25 16:40:00,5.898734177215185
2015-03-25 16:45:00,6.008137432188059
2015-03-25 16:50:00,6.1772151898734124
2015-03-25 16:55:00,6.624773960216993
2015-03-25 17:00:00,7.122061482820971
2015-03-25 17:05:00,7.519891500904154
2015-03-25 17:10:00,7.60940325497287
2015-03-25 17:15:00,7.38065099457504
2015-03-25 17:20:00,7.002712477396017
2015-03-25 17:25:00,6.644665461121152
2015-03-25 17:30:00,6.316455696202526
2015-03-25 17:35:00,5.99819168173598
2015-03-25 17:40:00,5.650090415913196
2015-03-25 17:45:00,5.530741410488241
2015-03-25 17:50:00,5.471066907775763
2015-03-25 17:55:00,5.481012658227844
2015-03-25 18:00:00,5.461121157323683
2015-03-25 18:05:00,5.212477396021695
2015-03-25 18:10:00,5.1229656419529785
2015-03-25 18:15:00,4.953887884267626
2015-03-25 18:20:00,5.1726943942133765
2015-03-25 18:25:00,5.341772151898729
2015-03-25 18:30:00,5.719710669077752
2015-03-25 18:35:00,6.047920433996378
2015-03-25 18:40:00,6.266726943942128
2015-03-25 18:45:00,6.7341772151898684
2015-03-25 18:50:00,7.062386980108494
2015-03-25 18:55:00,7.480108499095836
2015-03-25 19:00:00,7.669077757685347
2015-03-25 19:05:00,8.056962025316452
2015-03-25 19:10:00,8.33544303797468
2015-03-25 19:15:00,8.574141048824588
2015-03-25 19:20:00,8.564195298372509
2015-03-25 19:25:00,8.255877034358043
2015-03-25 19:30:00,8.156419529837247
2015-03-25 19:35:00,8.126582278481008
2015-03-25 19:40:00,8.504520795660031
2015-03-25 19:45:00,8.464737793851713
2015-03-25 19:50:00,8.196202531645564
2015-03-25 19:55:00,7.897830018083177
2015-03-25 20:00:00,7.738698010849904
2015-03-25 20:05:00,7.9475587703435755
2015-03-25 20:10:00,7.947558770343576
2015-03-25 20:15:00,7.788426763110302
2015-03-25 20:20:00,7.360759493670881
2015-03-25 20:25:00,7.122061482820971
2015-03-25 20:30:00,6.962929475587698
2015-03-25 20:35:00,6.803797468354425
2015-03-25 20:40:00,6.604882459312834
2015-03-25 20:45:00,6.306509945750447
2015-03-25 20:50:00,6.465641952983719
2015-03-25 20:55:00,6.843580470162744
2015-03-25 21:00:00,7.5397830018083125
2015-03-25 21:05:00,7.937613019891495
2015-03-25 21:10:00,7.977396021699814
2015-03-25 21:15:00,7.867992766726938
2015-03-25 21:20:00,7.569620253164551
2015-03-25 21:25:00,7.470162748643755
2015-03-25 21:30:00,7.281193490054244
2015-03-25 21:35:00,7.062386980108494
2015-03-25 21:40:00,6.664556962025311
2015-03-25 21:45:00,6.21699819168173
2015-03-25 21:50:00,5.888788426763105
2015-03-25 21:55:00,5.988245931283901
2015-03-25 22:00:00,6.197106690777572
2015-03-25 22:05:00,6.336347197106685
2015-03-25 22:10:00,6.177215189873413
2015-03-25 22:15:00,5.590415913200719
2015-03-25 22:20:00,5.490958408679923
2015-03-25 22:25:00,5.481012658227844
2015-03-25 22:30:00,6.167269439421333
2015-03-25 22:35:00,7.161844484629289
2015-03-25 22:40:00,7.8978300180831775
2015-03-25 22:45:00,8.544303797468348
2015-03-25 22:50:00,8.29566003616636
2015-03-25 22:55:00,7.967450271247734
2015-03-25 23:00:00,7.450271247739597
2015-03-25 23:05:00,7.171790235081369
2015-03-25 23:10:00,7.0822784810126524
2015-03-25 23:15:00,6.624773960216993
2015-03-25 23:20:00,5.908679927667263
2015-03-25 23:25:00,5.0135623869801025
2015-03-25 23:30:00,4.456600361663647
2015-03-25 23:35:00,4.068716094032545
2015-03-25 23:40:00,4.17811934900542
2015-03-25 23:45:00,4.4168173598553295
2015-03-25 23:50:00,4.695298372513557
2015-03-25 23:55:00,4.953887884267626
2015-03-26 00:00:00,5.003616636528024
2015-03-26 00:05:00,5.152802893309217
2015-03-26 00:10:00,5.063291139240501
2015-03-26 00:15:00,4.844484629294751
2015-03-26 00:20:00,4.645569620253159
2015-03-26 00:25:00,4.436708860759489
2015-03-26 00:30:00,4.486437613019887
2015-03-26 00:35:00,4.5162748643761255
2015-03-26 00:40:00,4.287522603978295
2015-03-26 00:45:00,3.929475587703431
2015-03-26 00:50:00,3.9394213381555105
2015-03-26 00:55:00,4.377034358047011
2015-03-26 01:00:00,5.043399638336343
2015-03-26 01:05:00,5.361663652802889
2015-03-26 01:10:00,5.103074141048819
2015-03-26 01:15:00,4.506329113924045
2015-03-26 01:20:00,3.8001808318263963
2015-03-26 01:25:00,3.5415913200723272
2015-03-26 01:30:00,3.342676311030736
2015-03-26 01:35:00,3.2929475587703383
2015-03-26 01:40:00,3.103978300180826
2015-03-26 01:45:00,3.0641952983725083
2015-03-26 01:50:00,3.2332730560578606
2015-03-26 01:55:00,3.611211573236884
2015-03-26 02:00:00,4.227848101265817
2015-03-26 02:05:00,4.377034358047011
2015-03-26 02:10:00,4.267631103074136
2015-03-26 02:15:00,3.7703435804701577
2015-03-26 02:20:00,3.4023508137432135
2015-03-26 02:25:00,3.3924050632911342
2015-03-26 02:30:00,4.078661844484625
2015-03-26 02:35:00,4.914104882459307
2015-03-26 02:40:00,5.5506329113924
2015-03-26 02:45:00,5.610307414104877
2015-03-26 02:50:00,5.162748643761297
2015-03-26 02:55:00,4.914104882459307
2015-03-26 03:00:00,4.725135623869797
2015-03-26 03:05:00,5.003616636528024
2015-03-26 03:10:00,5.1229656419529785
2015-03-26 03:15:00,5.0235081374321835
2015-03-26 03:20:00,4.794755877034353
2015-03-26 03:25:00,4.367088607594932
2015-03-26 03:30:00,3.9692585895117487
2015-03-26 03:35:00,3.631103074141044
2015-03-26 03:40:00,3.49186256781193
2015-03-26 03:45:00,3.5913200723327257
2015-03-26 03:50:00,8.792947558770338
2015-03-26 03:55:00,13.924954792043394
2015-03-26 04:00:00,18.997287522603973
2015-03-26 04:05:00,20.548824593128383
2015-03-26 04:10:00,16.351717902350806
2015-03-26 04:15:00,11.786618444846287
2015-03-26 04:20:00,7.002712477396016
2015-03-26 04:25:00,5.669981916817354
2015-03-26 04:30:00,5.222423146473774
2015-03-26 04:35:00,5.192585895117535
2015-03-26 04:40:00,5.4213381555153655
2015-03-26 04:45:00,5.272151898734172
2015-03-26 04:50:00,4.943942133815547
2015-03-26 04:55:00,4.585895117540682
2015-03-26 05:00:00,4.476491862567807
2015-03-26 05:05:00,4.675406871609399
2015-03-26 05:10:00,4.685352622061478
2015-03-26 05:15:00,4.4168173598553295
2015-03-26 05:20:00,3.7902350813743166
2015-03-26 05:25:00,3.531645569620248
2015-03-26 05:30:00,3.5117540687160886
2015-03-26 05:35:00,3.7703435804701577
2015-03-26 05:40:00,3.830018083182635
2015-03-26 05:45:00,3.571428571428566
2015-03-26 05:50:00,3.3426763110307363
2015-03-26 05:55:00,3.2432188065099403
2015-03-26 06:00:00,3.5018083182640094
2015-03-26 06:05:00,3.93942133815551
2015-03-26 06:10:00,4.297468354430374
2015-03-26 06:15:00,4.496383363471966
2015-03-26 06:20:00,4.406871609403249
2015-03-26 06:25:00,4.118444846292943
2015-03-26 06:30:00,3.690777576853521
2015-03-26 06:35:00,3.292947558770338
2015-03-26 06:40:00,2.9945750452079514
2015-03-26 06:45:00,2.726039783001803
2015-03-26 06:50:00,2.686256781193485
2015-03-26 06:55:00,2.726039783001803
2015-03-26 07:00:00,2.9249547920433945
2015-03-26 07:05:00,3.0343580470162697
2015-03-26 07:10:00,3.02441229656419
2015-03-26 07:15:00,2.8752260397829965
2015-03-26 07:20:00,2.5867992766726893
2015-03-26 07:25:00,2.4177215189873364
2015-03-26 07:30:00,2.367992766726939
2015-03-26 07:35:00,2.4376130198914954
2015-03-26 07:40:00,2.5072332730560527
2015-03-26 07:45:00,2.5072332730560527
2015-03-26 07:50:00,2.3978300180831775
2015-03-26 07:55:00,2.2784810126582227
2015-03-26 08:00:00,2.2287522603978247
2015-03-26 08:05:00,2.2983725135623816
2015-03-26 08:10:00,2.4077757685352568
2015-03-26 08:15:00,2.4077757685352568
2015-03-26 08:20:00,2.427667269439416
2015-03-26 08:25:00,2.3381555153707003
2015-03-26 08:30:00,2.4575045207956547
2015-03-26 08:35:00,2.527124773960212
2015-03-26 08:40:00,2.5072332730560527
2015-03-26 08:45:00,2.4575045207956547
2015-03-26 08:50:00,2.218806509945745
2015-03-26 08:55:00,2.198915009041586
2015-03-26 09:00:00,2.208860759493666
2015-03-26 09:05:00,2.288426763110302
2015-03-26 09:10:00,2.288426763110302
2015-03-26 09:15:00,2.2088607594936653
2015-03-26 09:20:00,2.2088607594936653
2015-03-26 09:25:00,2.1790235081374267
2015-03-26 09:30:00,2.2983725135623816
2015-03-26 09:35:00,2.367992766726939
2015-03-26 09:40:00,2.497287522603973
2015-03-26 09:45:00,2.5370705244122913
2015-03-26 09:50:00,2.6464737793851665
2015-03-26 09:55:00,2.7857142857142803
2015-03-26 10:00:00,3.0542495479204286
2015-03-26 10:05:00,3.322784810126577
2015-03-26 10:10:00,3.501808318264009
2015-03-26 10:15:00,3.382459312839054
2015-03-26 10:20:00,3.1934900542495424
2015-03-26 10:25:00,3.0542495479204286
2015-03-26 10:30:00,2.8951175406871554
2015-03-26 10:35:00,2.9448462929475534
2015-03-26 10:40:00,2.8354430379746782
2015-03-26 10:45:00,2.9647377938517128
2015-03-26 10:50:00,2.9746835443037924
2015-03-26 10:55:00,3.203435804701622
2015-03-26 11:00:00,3.382459312839054
2015-03-26 11:05:00,3.5117540687160886
2015-03-26 11:10:00,3.7405063291139187
2015-03-26 11:15:00,3.8598553345388735
2015-03-26 11:20:00,3.979204339963829
2015-03-26 11:25:00,3.9792043399638284
2015-03-26 11:30:00,3.869801084990953
2015-03-26 11:35:00,3.6808318264014415
2015-03-26 11:40:00,3.3128390596744977
2015-03-26 11:45:00,2.9448462929475534
2015-03-26 11:50:00,2.6862567811934848
2015-03-26 11:55:00,2.6663652802893254
2015-03-26 12:00:00,2.8254972875225985
2015-03-26 12:05:00,3.0840867992766676
2015-03-26 12:10:00,3.412296564195293
2015-03-26 12:15:00,3.6609403254972825
2015-03-26 12:20:00,3.8896925858951126
2015-03-26 12:25:00,3.899638336347192
2015-03-26 12:30:00,3.7802893309222374
2015-03-26 12:35:00,3.5216998191681683
2015-03-26 12:40:00,3.3426763110307363
2015-03-26 12:45:00,3.3526220614828155
2015-03-26 12:50:00,3.3526220614828155
2015-03-26 12:55:00,3.5216998191681688
2015-03-26 13:00:00,3.8001808318263963
2015-03-26 13:05:00,4.148282097649181
2015-03-26 13:10:00,4.436708860759489
2015-03-26 13:15:00,4.377034358047012
2015-03-26 13:20:00,4.198010849909579
2015-03-26 13:25:00,4.018987341772147
2015-03-26 13:30:00,4.0587703435804645
2015-03-26 13:35:00,4.506329113924046
2015-03-26 13:40:00,4.904159132007228
2015-03-26 13:45:00,5.361663652802888
2015-03-26 13:50:00,5.660036166365274
2015-03-26 13:55:00,5.829113924050628
2015-03-26 14:00:00,5.829113924050628
2015-03-26 14:05:00,5.490958408679923
2015-03-26 14:10:00,4.953887884267626
2015-03-26 14:15:00,4.297468354430374
2015-03-26 14:20:00,3.859855334538874
2015-03-26 14:25:00,3.7007233273056004
2015-03-26 14:30:00,4.078661844484624
2015-03-26 14:35:00,4.556057866184442
2015-03-26 14:40:00,5.033453887884262
2015-03-26 14:45:00,5.292043399638331
2015-03-26 14:50:00,5.142857142857137
2015-03-26 14:55:00,5.2224231464737745
2015-03-26 15:00:00,5.202531645569614
2015-03-26 15:05:00,5.411392405063285
2015-03-26 15:10:00,5.5506329113924
2015-03-26 15:15:00,5.252260397830012
2015-03-26 15:20:00,4.973779385171785
2015-03-26 15:25:00,4.506329113924045
2015-03-26 15:30:00,4.357142857142852
2015-03-26 15:35:00,4.377034358047011
2015-03-26 15:40:00,4.526220614828205
2015-03-26 15:45:00,4.665461121157319
2015-03-26 15:50:00,5.09312839059674
2015-03-26 15:55:00,5.5506329113924
2015-03-26 16:00:00,6.087703435804697
2015-03-26 16:05:00,6.485533453887879
2015-03-26 16:10:00,6.296564195298367
2015-03-26 16:15:00,6.037974683544299
2015-03-26 16:20:00,5.411392405063286
2015-03-26 16:25:00,5.4213381555153655
2015-03-26 16:30:00,5.799276672694388
2015-03-26 16:35:00,6.654611211573231
2015-03-26 16:40:00,7.639240506329109
2015-03-26 16:45:00,8.146473779385166
2015-03-26 16:50:00,8.29566003616636
2015-03-26 16:55:00,8.017179023508133
2015-03-26 17:00:00,7.60940325497287
2015-03-26 17:05:00,7.3905967450271195
2015-03-26 17:10:00,7.161844484629289
2015-03-26 17:15:00,7.1419529837251305
2015-03-26 17:20:00,7.13200723327305
2015-03-26 17:25:00,6.744122965641948
2015-03-26 17:30:00,6.3363471971066865
2015-03-26 17:35:00,5.471066907775764
2015-03-26 17:40:00,4.9737793851717855
2015-03-26 17:45:00,4.585895117540683
2015-03-26 17:50:00,4.377034358047012
2015-03-26 17:55:00,5.162748643761297
2015-03-26 18:00:00,9.976491862567809
2015-03-26 18:05:00,14.899638336347191
2015-03-26 18:10:00,19.842676311030736
2015-03-26 18:15:00,24.0
2015-03-26 18:20:00,22.508137432188057
2015-03-26 18:25:00,19.96202531645569
2015-03-26 18:30:00,16.928571428571423
2015-03-26 18:35:00,13.686256781193485
2015-03-26 18:40:00,11.607594936708857
2015-03-26 18:45:00,10.762206148282093
2015-03-26 18:50:00,10.971066907775763
2015-03-26 18:55:00,12.035262206148277
2015-03-26 19:00:00,13.447558770343575
2015-03-26 19:05:00,14.352622061482815
2015-03-26 19:10:00,14.24321880650994
2015-03-26 19:15:00,13.367992766726939
2015-03-26 19:20:00,12.433092224231459
2015-03-26 19:25:00,11.786618444846287
2015-03-26 19:30:00,11.567811934900536
2015-03-26 19:35:00,11.23960216998191
2015-03-26 19:40:00,10.792043399638331
2015-03-26 19:45:00,10.304701627486432
2015-03-26 19:50:00,9.65822784810126
2015-03-26 19:55:00,9.21066907775768
2015-03-26 20:00:00,8.643761301989146
2015-03-26 20:05:00,8.245931283905964
2015-03-26 20:10:00,7.8481012658227804
2015-03-26 20:15:00,7.599457504520791
2015-03-26 20:20:00,7.4502712477395985
2015-03-26 20:25:00,7.132007233273052
2015-03-26 20:30:00,6.813743218806506
2015-03-26 20:35:00,6.505424954792039
2015-03-26 20:40:00,6.5352622061482775
2015-03-26 20:45:00,6.873417721518982
2015-03-26 20:50:00,7.62929475587703
2015-03-26 20:55:00,8.285714285714281
2015-03-26 21:00:00,8.872513562386976
2015-03-26 21:05:00,9.01175406871609
2015-03-26 21:10:00,8.832730560578657
2015-03-26 21:15:00,8.643761301989146
2015-03-26 21:20:00,8.245931283905964
2015-03-26 21:25:00,7.957504520795656
2015-03-26 21:30:00,7.370705244122961
2015-03-26 21:35:00,7.858047016274861
2015-03-26 21:40:00,8.802893309222418
2015-03-26 21:45:00,10.046112115732363
2015-03-26 21:50:00,10.473779385171785
2015-03-26 21:55:00,9.459312839059669
2015-03-26 22:00:00,8.454792043399634
2015-03-26 22:05:00,7.559674502712474
2015-03-26 22:10:00,7.86799276672694
2015-03-26 22:15:00,7.937613019891497
2015-03-26 22:20:00,7.698915009041587
2015-03-26 22:25:00,7.221518987341768
2015-03-26 22:30:00,6.92314647377938
2015-03-26 22:35:00,7.072332730560573
2015-03-26 22:40:00,6.93309222423146
2015-03-26 22:45:00,6.545207956600358
2015-03-26 22:50:00,5.858951175406867
2015-03-26 22:55:00,5.481012658227844
2015-03-26 23:00:00,5.411392405063287
2015-03-26 23:05:00,5.8291139240506284
2015-03-26 23:10:00,6.207052441229652
2015-03-26 23:15:00,6.306509945750448
2015-03-26 23:20:00,5.958408679927663
2015-03-26 23:25:00,6.028028933092219
2015-03-26 23:30:00,6.793851717902346
2015-03-26 23:35:00,8.027124773960212
2015-03-26 23:40:00,9.170886075949362
2015-03-26 23:45:00,9.16094032549728
2015-03-26 23:50:00,8.106690777576848
2015-03-26 23:55:00,6.584990958408676
2015-03-27 00:00:00,5.500904159132003
2015-03-27 00:05:00,5.0732368896925815
2015-03-27 00:10:00,5.103074141048821
2015-03-27 00:15:00,5.301989150090412
2015-03-27 00:20:00,5.481012658227844
2015-03-27 00:25:00,5.431283905967446
2015-03-27 00:30:00,5.361663652802889
2015-03-27 00:35:00,5.113019891500899
2015-03-27 00:40:00,5.043399638336343
2015-03-27 00:45:00,5.033453887884264
2015-03-27 00:50:00,5.1130198915009
2015-03-27 00:55:00,5.192585895117537
2015-03-27 01:00:00,4.993670886075945
2015-03-27 01:05:00,4.794755877034354
2015-03-27 01:10:00,4.675406871609399
2015-03-27 01:15:00,4.914104882459309
2015-03-27 01:20:00,5.411392405063287
2015-03-27 01:25:00,5.968354430379743
2015-03-27 01:30:00,6.3363471971066865
2015-03-27 01:35:00,6.376130198915004
2015-03-27 01:40:00,5.988245931283901
2015-03-27 01:45:00,5.262206148282093
2015-03-27 01:50:00,4.64556962025316
2015-03-27 01:55:00,4.327305605786615
2015-03-27 02:00:00,4.556057866184444
2015-03-27 02:05:00,4.904159132007229
2015-03-27 02:10:00,5.13291139240506
2015-03-27 02:15:00,5.13291139240506
2015-03-27 02:20:00,4.943942133815548
2015-03-27 02:25:00,5.222423146473775
2015-03-27 02:30:00,5.689873417721515
2015-03-27 02:35:00,6.316455696202527
2015-03-27 02:40:00,6.674502712477391
2015-03-27 02:45:00,6.565099457504517
2015-03-27 02:50:00,6.216998191681732
2015-03-27 02:55:00,5.550632911392401
2015-03-27 03:00:00,5.103074141048821
2015-03-27 03:05:00,4.715189873417717
2015-03-27 03:10:00,4.357142857142852
2015-03-27 03:15:00,4.018987341772148
2015-03-27 03:20:00,3.770343580470158
2015-03-27 03:25:00,3.531645569620249
2015-03-27 03:30:00,3.3028933092224184
2015-03-27 03:35:00,3.153707052441225
2015-03-27 03:40:00,5.858951175406867
2015-03-27 03:45:00,9.578661844484625
2015-03-27 03:50:00,14.352622061482815
2015-03-27 03:55:00,16.81916817359855
2015-03-27 04:00:00,15.685352622061476
2015-03-27 04:05:00,12.681735985533448
2015-03-27 04:10:00,8.395117540687156
2015-03-27 04:15:00,6.356238698010845
2015-03-27 04:20:00,4.914104882459308
2015-03-27 04:25:00,4.327305605786615
2015-03-27 04:30:00,4.009041591320068
2015-03-27 04:35:00,3.8399638336347155
2015-03-27 04:40:00,3.889692585895113
2015-03-27 04:45:00,4.1184448462929435
2015-03-27 04:50:00,4.3670886075949324
2015-03-27 04:55:00,4.506329113924046
2015-03-27 05:00:00,4.506329113924046
2015-03-27 05:05:00,4.3670886075949324
2015-03-27 05:10:00,4.168173598553341
2015-03-27 05:15:00,3.839963833634715
2015-03-27 05:20:00,3.471971066907771
2015-03-27 05:25:00,3.173598553345384
2015-03-27 05:30:00,3.0940325497287477
2015-03-27 05:35:00,3.551537070524408
2015-03-27 05:40:00,3.979204339963829
2015-03-27 05:45:00,4.307414104882454
2015-03-27 05:50:00,4.237793851717898
2015-03-27 05:55:00,3.8101265822784764
2015-03-27 06:00:00,3.4918625678119306
2015-03-27 06:05:00,3.2830018083182595
2015-03-27 06:10:00,3.51175406871609
2015-03-27 06:15:00,3.74050632911392
2015-03-27 06:20:00,3.959312839059671
2015-03-27 06:25:00,4.038878842676307
2015-03-27 06:30:00,3.899638336347193
2015-03-27 06:35:00,3.74050632911392
2015-03-27 06:40:00,3.442133815551532
2015-03-27 06:45:00,3.322784810126578
2015-03-27 06:50:00,3.292947558770339
2015-03-27 06:55:00,3.50180831826401
2015-03-27 07:00:00,3.72061482820976
2015-03-27 07:05:00,3.8698010849909545
2015-03-27 07:10:00,3.8698010849909545
2015-03-27 07:15:00,3.73056057866184
2015-03-27 07:20:00,3.5614828209764875
2015-03-27 07:25:00,3.1835443037974636
2015-03-27 07:30:00,2.8652802893309177
2015-03-27 07:35:00,2.517179023508133
2015-03-27 07:40:00,2.417721518987338
2015-03-27 07:45:00,2.5171790235081333
2015-03-27 07:50:00,2.656419529837247
2015-03-27 07:55:00,2.726039783001804
2015-03-27 08:00:00,2.606690777576849
2015-03-27 08:05:00,2.4177215189873373
2015-03-27 08:10:00,2.2486437613019845
2015-03-27 08:15:00,3.8996383363471923
2015-03-27 08:20:00,9.339963833634716
2015-03-27 08:25:00,14.810126582278475
2015-03-27 08:30:00,20.280289330922237
2015-03-27 08:35:00,22.398734177215186
2015-03-27 08:40:00,19.733273056057865
2015-03-27 08:45:00,16.550632911392402
2015-03-27 08:50:00,13.397830018083178
2015-03-27 08:55:00,11.836347197106685
2015-03-27 09:00:00,11.21971066907775
2015-03-27 09:05:00,10.921338155515365
2015-03-27 09:10:00,10.175406871609397
2015-03-27 09:15:00,9.548824593128385
2015-03-27 09:20:00,8.96202531645569
2015-03-27 09:25:00,8.574141048824588
2015-03-27 09:30:00,8.434900542495473
2015-03-27 09:35:00,8.136528028933087
2015-03-27 09:40:00,7.768535262206144
2015-03-27 09:45:00,7.311030741410484
2015-03-27 09:50:00,6.923146473779381
2015-03-27 09:55:00,6.634719710669073
2015-03-27 10:00:00,6.565099457504516
2015-03-27 10:05:00,6.575045207956596
2015-03-27 10:10:00,6.744122965641949
2015-03-27 10:15:00,6.95298372513562
2015-03-27 10:20:00,7.012658227848097
2015-03-27 10:25:00,7.012658227848097
2015-03-27 10:30:00,6.913200723327302
2015-03-27 10:35:00,6.883363471971062
2015-03-27 10:40:00,7.052441229656416
2015-03-27 10:45:00,7.390596745027121
2015-03-27 10:50:00,7.62929475587703
2015-03-27 10:55:00,7.768535262206144
2015-03-27 11:00:00,7.738698010849905
2015-03-27 11:05:00,7.499999999999996
2015-03-27 11:10:00,7.291139240506325
2015-03-27 11:15:00,6.833634719710664
2015-03-27 11:20:00,6.584990958408675
2015-03-27 11:25:00,6.445750452079562
2015-03-27 11:30:00,6.48553345388788
2015-03-27 11:35:00,6.664556962025312
2015-03-27 11:40:00,6.724231464737789
2015-03-27 11:45:00,6.8435804701627445
2015-03-27 11:50:00,6.843580470162745
2015-03-27 11:55:00,7.072332730560574
2015-03-27 12:00:00,7.241410488245927
2015-03-27 12:05:00,7.539783001808314
2015-03-27 12:10:00,7.539783001808314
2015-03-27 12:15:00,7.360759493670882
2015-03-27 12:20:00,7.012658227848098
2015-03-27 12:25:00,6.624773960216994
2015-03-27 12:30:00,6.584990958408676
2015-03-27 12:35:00,6.674502712477391
2015-03-27 12:40:00,6.843580470162744
2015-03-27 12:45:00,6.833634719710664
2015-03-27 12:50:00,6.803797468354425
2015-03-27 12:55:00,6.883363471971062
2015-03-27 13:00:00,7.231464737793846
2015-03-27 13:05:00,7.649186256781189
2015-03-27 13:10:00,8.255877034358043
2015-03-27 13:15:00,8.673598553345384
2015-03-27 13:20:00,8.882459312839055
2015-03-27 13:25:00,8.75316455696202
2015-03-27 13:30:00,8.275768535262202
2015-03-27 13:35:00,7.818264014466541
2015-03-27 13:40:00,7.519891500904155
2015-03-27 13:45:00,7.62929475587703
2015-03-27 13:50:00,7.8381555153707
2015-03-27 13:55:00,8.30560578661844
2015-03-27 14:00:00,8.733273056057861
2015-03-27 14:05:00,9.260397830018078
2015-03-27 14:10:00,12.840867992766722
2015-03-27 14:15:00,16.53074141048824
2015-03-27 14:20:00,20.150994575045203
2015-03-27 14:25:00,23.562386980108492
2015-03-27 14:30:00,22.26943942133815
2015-03-27 14:35:00,22.26943942133815
2015-03-27 14:40:00,22.26943942133815
2015-03-27 14:45:00,22.26943942133815
2015-03-27 14:50:00,24.0
2015-03-27 14:55:00,24.0
2015-03-27 15:00:00,24.0
2015-03-27 15:05:00,22.99547920433996
2015-03-27 15:10:00,21.38426763110307
2015-03-27 15:15:00,20.02169981916817
2015-03-27 15:20:00,19.196202531645568
2015-03-27 15:25:00,19.73327305605786
2015-03-27 15:30:00,20.320072332730557
2015-03-27 15:35:00,20.419529837251353
2015-03-27 15:40:00,19.28571428571428
2015-03-27 15:45:00,17.5253164556962
2015-03-27 15:50:00,15.695298372513557
2015-03-27 15:55:00,13.915009041591313
2015-03-27 16:00:00,12.771247739602165
2015-03-27 16:05:00,11.886075949367083
2015-03-27 16:10:00,12.850813743218803
2015-03-27 16:15:00,14.820072332730556
2015-03-27 16:20:00,17.047920433996378
2015-03-27 16:25:00,18.13200723327305
2015-03-27 16:30:00,17.26672694394213
2015-03-27 16:35:00,16.24231464737793
2015-03-27 16:40:00,14.989150090415908
2015-03-27 16:45:00,14.889692585895112
2015-03-27 16:50:00,14.849909584086793
2015-03-27 16:55:00,14.24321880650994
2015-03-27 17:00:00,13.825497287522598
2015-03-27 17:05:00,13.596745027124769
2015-03-27 17:10:00,13.974683544303794
2015-03-27 17:15:00,13.785714285714281
2015-03-27 17:20:00,16.331826401446648
2015-03-27 17:25:00,18.68896925858951
2015-03-27 17:30:00,21.105786618444842
2015-03-27 17:35:00,23.47287522603978
2015-03-27 17:40:00,21.732368896925855
2015-03-27 17:45:00,19.434900542495477
2015-03-27 17:50:00,16.739602169981914
2015-03-27 17:55:00,14.491862567811932
2015-03-27 18:00:00,13.3878842676311
2015-03-27 18:05:00,12.940325497287517
2015-03-27 18:10:00,12.91048824593128
2015-03-27 18:15:00,12.94032549728752
2015-03-27 18:20:00,12.552441229656415
2015-03-27 18:25:00,11.73688969258589
2015-03-27 18:30:00,10.881555153707048
2015-03-27 18:35:00,10.026220614828205
2015-03-27 18:40:00,9.767631103074137
2015-03-27 18:45:00,9.668173598553341
2015-03-27 18:50:00,9.628390596745025
2015-03-27 18:55:00,9.48915009041591
2015-03-27 19:00:00,9.727848101265819
2015-03-27 19:05:00,10.264918625678115
2015-03-27 19:10:00,10.831826401446651
2015-03-27 19:15:00,10.881555153707048
2015-03-27 19:20:00,10.38426763110307
2015-03-27 19:25:00,9.588607594936706
2015-03-27 19:30:00,8.812839059674499
2015-03-27 19:35:00,8.514466546112113
2015-03-27 19:40:00,8.245931283905964
2015-03-27 19:45:00,8.235985533453883
2015-03-27 19:50:00,8.156419529837247
2015-03-27 19:55:00,8.524412296564192
2015-03-27 20:00:00,8.763110307414102
2015-03-27 20:05:00,8.633815551537069
2015-03-27 20:10:00,8.037070524412293
2015-03-27 20:15:00,7.211573236889689
2015-03-27 20:20:00,6.674502712477393
2015-03-27 20:25:00,6.6943942133815515
2015-03-27 20:30:00,7.0027124773960185
2015-03-27 20:35:00,7.161844484629292
2015-03-27 20:40:00,7.082278481012655
2015-03-27 20:45:00,7.082278481012654
2015-03-27 20:50:00,7.559674502712474
2015-03-27 20:55:00,8.206148282097645
2015-03-27 21:00:00,8.842676311030738
2015-03-27 21:05:00,8.842676311030738
2015-03-27 21:10:00,8.216094032549726
2015-03-27 21:15:00,9.717902350813741
2015-03-27 21:20:00,13.477396021699816
2015-03-27 21:25:00,17.51537070524412
2015-03-27 21:30:00,21.86166365280289
2015-03-27 21:35:00,24.0
2015-03-27 21:40:00,24.0
2015-03-27 21:45:00,22.836347197106686
2015-03-27 21:50:00,18.151898734177212
2015-03-27 21:55:00,13.765822784810123
2015-03-27 22:00:00,9.528933092224229
2015-03-27 22:05:00,6.435804701627483
2015-03-27 22:10:00,6.565099457504518
2015-03-27 22:15:00,6.246835443037971
2015-03-27 22:20:00,5.858951175406868
2015-03-27 22:25:00,5.371609403254969
2015-03-27 22:30:00,5.35171790235081
2015-03-27 22:35:00,5.500904159132004
2015-03-27 22:40:00,5.640144665461117
2015-03-27 22:45:00,5.779385171790231
2015-03-27 22:50:00,5.6301989150090375
2015-03-27 22:55:00,5.660036166365277
2015-03-27 23:00:00,5.650090415913197
2015-03-27 23:05:00,6.0379746835443004
2015-03-27 23:10:00,6.405967450271245
2015-03-27 23:15:00,6.455696202531642
2015-03-27 23:20:00,6.27667269439421
2015-03-27 23:25:00,5.829113924050629
2015-03-27 23:30:00,5.759493670886073
2015-03-27 23:35:00,5.958408679927664
2015-03-27 23:40:00,6.535262206148278
2015-03-27 23:45:00,6.923146473779381
2015-03-27 23:50:00,6.9629294755877
2015-03-27 23:55:00,6.6943942133815515
2015-03-28 00:00:00,6.366184448462926
2015-03-28 00:05:00,6.306509945750449
2015-03-28 00:10:00,6.396021699819164
2015-03-28 00:15:00,6.754068716094029
2015-03-28 00:20:00,6.903254972875223
2015-03-28 00:25:00,6.883363471971063
2015-03-28 00:30:00,6.6943942133815515
2015-03-28 00:35:00,6.326401446654607
2015-03-28 00:40:00,6.008137432188061
2015-03-28 00:45:00,6.415913200723324
2015-03-28 00:50:00,7.221518987341768
2015-03-28 00:55:00,9.001808318264011
2015-03-28 01:00:00,10.056057866184444
2015-03-28 01:05:00,10.215189873417717
2015-03-28 01:10:00,9.131103074141045
2015-03-28 01:15:00,7.161844484629291
2015-03-28 01:20:00,5.849005424954789
2015-03-28 01:25:00,4.715189873417718
2015-03-28 01:30:00,4.566003616636525
2015-03-28 01:35:00,4.377034358047013
2015-03-28 01:40:00,4.357142857142854
2015-03-28 01:45:00,4.287522603978297
2015-03-28 01:50:00,4.406871609403252
2015-03-28 01:55:00,4.715189873417718
2015-03-28 02:00:00,5.809222423146471
2015-03-28 02:05:00,6.853526220614825
2015-03-28 02:10:00,7.539783001808315
2015-03-28 02:15:00,7.509945750452077
2015-03-28 02:20:00,6.73417721518987
2015-03-28 02:25:00,6.1871609403254935
2015-03-28 02:30:00,5.749547920433994
2015-03-28 02:35:00,5.719710669077754
2015-03-28 02:40:00,5.610307414104879
2015-03-28 02:45:00,5.371609403254969
2015-03-28 02:50:00,5.12296564195298
2015-03-28 02:55:00,4.983725135623867
2015-03-28 03:00:00,4.655515370705241
2015-03-28 03:05:00,4.406871609403252
2015-03-28 03:10:00,4.22784810126582
2015-03-28 03:15:00,4.158227848101262
2015-03-28 03:20:00,4.386980108499093
2015-03-28 03:25:00,4.496383363471968
2015-03-28 03:30:00,4.68535262206148
2015-03-28 03:35:00,4.8345388788426735
2015-03-28 03:40:00,5.053345388788423
2015-03-28 03:45:00,5.212477396021696
2015-03-28 03:50:00,5.113019891500901
2015-03-28 03:55:00,4.834538878842673
2015-03-28 04:00:00,4.327305605786615
2015-03-28 04:05:00,3.97920433996383
2015-03-28 04:10:00,3.6708860759493636
2015-03-28 04:15:00,3.4520795660036128
2015-03-28 04:20:00,3.243218806509942
2015-03-28 04:25:00,3.113924050632908
2015-03-28 04:30:00,3.173598553345385
2015-03-28 04:35:00,3.1537070524412263
2015-03-28 04:40:00,2.974683544303794
2015-03-28 04:45:00,2.6663652802893276
2015-03-28 04:50:00,2.4077757685352585
2015-03-28 04:55:00,2.3679927667269403
2015-03-28 05:00:00,2.626582278481009
2015-03-28 05:05:00,2.974683544303794
2015-03-28 05:10:00,3.2830018083182604
2015-03-28 05:15:00,3.6012658227848062
2015-03-28 05:20:00,3.710669077757682
2015-03-28 05:25:00,3.6609403254972843
2015-03-28 05:30:00,3.3327305605786584
2015-03-28 05:35:00,2.905063291139237
2015-03-28 05:40:00,2.4972875226039752
2015-03-28 05:45:00,2.198915009041588
2015-03-28 05:50:00,2.1094032549728716
2015-03-28 05:55:00,2.0397830018083147
2015-03-28 06:00:00,2.129294755877031
2015-03-28 06:05:00,2.2685352622061448
2015-03-28 06:10:00,2.5171790235081337
2015-03-28 06:15:00,2.785714285714282
2015-03-28 06:20:00,2.895117540687157
2015-03-28 06:25:00,2.8254972875226008
2015-03-28 06:30:00,2.576853526220611
2015-03-28 06:35:00,2.4177215189873382
2015-03-28 06:40:00,2.487341772151895
2015-03-28 06:45:00,2.7956600361663617
2015-03-28 06:50:00,3.193490054249544
2015-03-28 06:55:00,3.3426763110307376
2015-03-28 07:00:00,3.3924050632911356
2015-03-28 07:05:00,3.2929475587703396
2015-03-28 07:10:00,3.253164556962022
2015-03-28 07:15:00,3.193490054249544
2015-03-28 07:20:00,3.1139240506329076
2015-03-28 07:25:00,2.944846292947555
2015-03-28 07:30:00,2.805605786618441
2015-03-28 07:35:00,2.7061482820976455
2015-03-28 07:40:00,2.5669077757685317
2015-03-28 07:45:00,2.487341772151895
2015-03-28 07:50:00,2.2685352622061448
2015-03-28 07:55:00,2.1491862567811904
2015-03-28 08:00:00,2.029837251356235
2015-03-28 08:05:00,2.0497287522603944
2015-03-28 08:10:00,2.0497287522603944
2015-03-28 08:15:00,2.0497287522603944
2015-03-28 08:20:00,2.0497287522603944
2015-03-28 08:25:00,2.079566003616633
2015-03-28 08:30:00,2.258589511754065
2015-03-28 08:35:00,2.397830018083179
2015-03-28 08:40:00,2.437613019891497
2015-03-28 08:45:00,2.3978300180831793
2015-03-28 08:50:00,2.2685352622061448
2015-03-28 08:55:00,2.3083182640144635
2015-03-28 09:00:00,2.298372513562384
2015-03-28 09:05:00,2.4177215189873387
2015-03-28 09:10:00,2.467450271247736
2015-03-28 09:15:00,2.4575045207956565
2015-03-28 09:20:00,2.5569620253164524
2015-03-28 09:25:00,2.467450271247736
2015-03-28 09:30:00,2.4077757685352585
2015-03-28 09:35:00,2.238698010849906
2015-03-28 09:40:00,2.3679927667269403
2015-03-28 09:45:00,2.735985533453884
2015-03-28 09:50:00,3.084086799276669
2015-03-28 09:55:00,3.253164556962022
2015-03-28 10:00:00,3.044303797468351
2015-03-28 10:05:00,2.8254972875226008
2015-03-28 10:10:00,2.7956600361663617
2015-03-28 10:15:00,2.954792043399635
2015-03-28 10:20:00,3.1238698010849877
2015-03-28 10:25:00,3.014466546112112
2015-03-28 10:30:00,2.7956600361663617
2015-03-28 10:35:00,2.6166365280289297
2015-03-28 10:40:00,2.5072332730560545
2015-03-28 10:45:00,2.447558770343577
2015-03-28 10:50:00,2.308318264014463
2015-03-28 10:55:00,2.218806509945747
2015-03-28 11:00:00,2.1690777576853493
2015-03-28 11:05:00,2.188969258589508
2015-03-28 11:10:00,2.288426763110304
2015-03-28 11:15:00,2.3878842676310996
2015-03-28 11:20:00,2.5470162748643723
2015-03-28 11:25:00,2.6862567811934865
2015-03-28 11:30:00,2.8652802893309186
2015-03-28 11:35:00,2.895117540687157
2015-03-28 11:40:00,2.8553345388788394
2015-03-28 11:45:00,2.7061482820976455
2015-03-28 11:50:00,2.5569620253164524
2015-03-28 11:55:00,2.5669077757685317
2015-03-28 12:00:00,2.924954792043396
2015-03-28 12:05:00,3.442133815551534
2015-03-28 12:10:00,3.9692585895117505
2015-03-28 12:15:00,4.267631103074137
2015-03-28 12:20:00,4.257685352622058
2015-03-28 12:25:00,4.078661844484626
2015-03-28 12:30:00,3.820072332730557
2015-03-28 12:35:00,3.770343580470159
2015-03-28 12:40:00,3.680831826401443
2015-03-28 12:45:00,3.810126582278477
2015-03-28 12:50:00,3.879746835443034
2015-03-28 12:55:00,4.1184448462929435
2015-03-28 13:00:00,4.546112115732365
2015-03-28 13:05:00,4.88426763110307
2015-03-28 13:10:00,5.083182640144662
2015-03-28 13:15:00,5.043399638336343
2015-03-28 13:20:00,4.735081374321877
2015-03-28 13:25:00,4.556057866184444
2015-03-28 13:30:00,4.386980108499093
2015-03-28 13:35:00,4.43670886075949
2015-03-28 13:40:00,4.357142857142853
2015-03-28 13:45:00,3.999095840867989
2015-03-28 13:50:00,3.700723327305602
2015-03-28 13:55:00,3.312839059674499
2015-03-28 14:00:00,3.3824593128390563
2015-03-28 14:05:00,3.660940325497284
2015-03-28 14:10:00,3.98915009041591
2015-03-28 14:15:00,4.058770343580466
2015-03-28 14:20:00,4.018987341772148
2015-03-28 14:25:00,4.038878842676307
2015-03-28 14:30:00,4.038878842676307
2015-03-28 14:35:00,4.138336347197103
2015-03-28 14:40:00,4.148282097649183
2015-03-28 14:45:00,4.108499095840864
2015-03-28 14:50:00,4.128390596745024
2015-03-28 14:55:00,4.43670886075949
2015-03-28 15:00:00,4.705244122965638
2015-03-28 15:05:00,5.122965641952979
2015-03-28 15:10:00,5.2721518987341724
2015-03-28 15:15:00,5.073236889692582
2015-03-28 15:20:00,4.615732368896922
2015-03-28 15:25:00,4.22784810126582
2015-03-28 15:30:00,4.287522603978297
2015-03-28 15:35:00,4.43670886075949
2015-03-28 15:40:00,4.705244122965638
2015-03-28 15:45:00,4.754972875226036
2015-03-28 15:50:00,4.715189873417717
2015-03-28 15:55:00,5.13291139240506
2015-03-28 16:00:00,5.709764918625674
2015-03-28 16:05:00,6.226943942133811
2015-03-28 16:10:00,6.197106690777574
2015-03-28 16:15:00,5.6003616636528
2015-03-28 16:20:00,5.152802893309219
2015-03-28 16:25:00,4.914104882459309
2015-03-28 16:30:00,5.679927667269435
2015-03-28 16:35:00,6.614828209764915
2015-03-28 16:40:00,7.539783001808314
2015-03-28 16:45:00,8.007233273056054
2015-03-28 16:50:00,8.037070524412293
2015-03-28 16:55:00,8.812839059674499
2015-03-28 17:00:00,12.472875226039779
2015-03-28 17:05:00,16.56057866184448
2015-03-28 17:10:00,20.170886075949362
2015-03-28 17:15:00,20.071428571428566
2015-03-28 17:20:00,16.64014466546112
2015-03-28 17:25:00,12.990054249547917
2015-03-28 17:30:00,9.489150090415908
2015-03-28 17:35:00,8.713381555153703
2015-03-28 17:40:00,8.047016274864372
2015-03-28 17:45:00,7.470162748643757
2015-03-28 17:50:00,7.301084990958405
2015-03-28 17:55:00,7.141952983725131
2015-03-28 18:00:00,7.301084990958405
2015-03-28 18:05:00,7.022603978300177
2015-03-28 18:10:00,6.803797468354427
2015-03-28 18:15:00,6.644665461121153
2015-03-28 18:20:00,6.624773960216993
2015-03-28 18:25:00,6.614828209764914
2015-03-28 18:30:00,6.356238698010846
2015-03-28 18:35:00,6.008137432188061
2015-03-28 18:40:00,5.650090415913197
2015-03-28 18:45:00,5.610307414104878
2015-03-28 18:50:00,5.888788426763106
2015-03-28 18:55:00,6.276672694394208
2015-03-28 19:00:00,6.555153707052437
2015-03-28 19:05:00,6.793851717902346
2015-03-28 19:10:00,6.893309222423142
2015-03-28 19:15:00,6.94303797468354
2015-03-28 19:20:00,6.624773960216993
2015-03-28 19:25:00,6.22694394213381
2015-03-28 19:30:00,5.938517179023503
2015-03-28 19:35:00,6.0877034358046975
2015-03-28 19:40:00,6.49547920433996
2015-03-28 19:45:00,6.773960216998187
2015-03-28 19:50:00,6.4457504520795625
2015-03-28 19:55:00,5.829113924050629
2015-03-28 20:00:00,5.282097649186253
2015-03-28 20:05:00,5.152802893309219
2015-03-28 20:10:00,5.202531645569616
2015-03-28 20:15:00,5.1726943942133765
2015-03-28 20:20:00,4.894213381555149
2015-03-28 20:25:00,4.4665461121157275
2015-03-28 20:30:00,4.148282097649181
2015-03-28 20:35:00,3.7206148282097606
2015-03-28 20:40:00,3.541591320072328
2015-03-28 20:45:00,3.382459312839055
2015-03-28 20:50:00,3.382459312839055
2015-03-28 20:55:00,3.49186256781193
2015-03-28 21:00:00,3.4122965641952936
2015-03-28 21:05:00,3.3526220614828164
2015-03-28 21:10:00,3.4520795660036123
2015-03-28 21:15:00,3.690777576853522
2015-03-28 21:20:00,3.9593128390596704
2015-03-28 21:25:00,4.078661844484625
2015-03-28 21:30:00,3.8996383363471927
2015-03-28 21:35:00,3.919529837251352
2015-03-28 21:40:00,4.048824593128386
2015-03-28 21:45:00,4.575949367088604
2015-03-28 21:50:00,5.063291139240502
2015-03-28 21:55:00,5.033453887884264
2015-03-28 22:00:00,4.804701627486434
2015-03-28 22:05:00,4.247739602169978
2015-03-28 22:10:00,3.800180831826397
2015-03-28 22:15:00,3.5714285714285667
2015-03-28 22:20:00,3.4520795660036123
2015-03-28 22:25:00,3.641048824593124
2015-03-28 22:30:00,4.088607594936704
2015-03-28 22:35:00,5.053345388788422
2015-03-28 22:40:00,9.111211573236885
2015-03-28 22:45:00,13.815551537070519
2015-03-28 22:50:00,18.4005424954792
2015-03-28 22:55:00,19.73327305605786
2015-03-28 23:00:00,17.077757685352616
2015-03-28 23:05:00,13.30831826401446
2015-03-28 23:10:00,9.230560578661839
2015-03-28 23:15:00,8.017179023508133
2015-03-28 23:20:00,7.529837251356234
2015-03-28 23:25:00,7.032549728752255
2015-03-28 23:30:00,6.50542495479204
2015-03-28 23:35:00,5.739602169981913
2015-03-28 23:40:00,5.182640144665457
2015-03-28 23:45:00,4.8245931283905925
2015-03-28 23:50:00,4.963833634719706
2015-03-28 23:55:00,5.311934900542491
2015-03-29 00:00:00,5.520795660036161
2015-03-29 00:05:00,5.490958408679924
2015-03-29 00:10:00,5.490958408679923
2015-03-29 00:15:00,5.550632911392401
2015-03-29 00:20:00,5.769439421338151
2015-03-29 00:25:00,5.928571428571424
2015-03-29 00:30:00,5.819168173598549
2015-03-29 00:35:00,5.769439421338151
2015-03-29 00:40:00,5.590415913200719
2015-03-29 00:45:00,5.669981916817355
2015-03-29 00:50:00,5.600361663652798
2015-03-29 00:55:00,5.570524412296559
2015-03-29 01:00:00,5.620253164556957
2015-03-29 01:05:00,5.650090415913197
2015-03-29 01:10:00,5.610307414104878
2015-03-29 01:15:00,5.202531645569616
2015-03-29 01:20:00,4.735081374321876
2015-03-29 01:25:00,4.3173598553345345
2015-03-29 01:30:00,4.1681735985533415
2015-03-29 01:35:00,4.028933092224227
2015-03-29 01:40:00,3.8698010849909537
2015-03-29 01:45:00,3.7305605786618403
2015-03-29 01:50:00,3.551537070524408
2015-03-29 01:55:00,3.7007233273056013
2015-03-29 02:00:00,4.038878842676307
2015-03-29 02:05:00,4.496383363471967
2015-03-29 02:10:00,4.575949367088604
2015-03-29 02:15:00,4.237793851717898
2015-03-29 02:20:00,3.6509945750452033
2015-03-29 02:25:00,3.0542495479204295
2015-03-29 02:30:00,2.9349005424954746
2015-03-29 02:35:00,3.2133815551537026
2015-03-29 02:40:00,3.631103074141045
2015-03-29 02:45:00,3.849909584086795
2015-03-29 02:50:00,3.74050632911392
2015-03-29 02:55:00,3.4918625678119306
2015-03-29 03:00:00,3.253164556962021
2015-03-29 03:05:00,3.1636528028933046
2015-03-29 03:10:00,3.173598553345384
2015-03-29 03:15:00,3.332730560578657
2015-03-29 03:20:00,3.591320072332726
2015-03-29 03:25:00,4.018987341772148
2015-03-29 03:30:00,4.287522603978296
2015-03-29 03:35:00,4.496383363471967
2015-03-29 03:40:00,4.456600361663648
2015-03-29 03:45:00,4.138336347197103
2015-03-29 03:50:00,3.830018083182636
2015-03-29 03:55:00,3.322784810126578
2015-03-29 04:00:00,3.2332730560578615
2015-03-29 04:05:00,3.4520795660036123
2015-03-29 04:10:00,4.018987341772148
2015-03-29 04:15:00,4.5162748643761255
2015-03-29 04:20:00,4.486437613019887
2015-03-29 04:25:00,4.148282097649182
2015-03-29 04:30:00,3.660940325497283
2015-03-29 04:35:00,3.3924050632911347
2015-03-29 04:40:00,3.3526220614828164
2015-03-29 04:45:00,3.292947558770339
2015-03-29 04:50:00,3.1934900542495437
2015-03-29 04:55:00,3.1039783001808274
2015-03-29 05:00:00,3.1139240506329067
2015-03-29 05:05:00,3.322784810126578
2015-03-29 05:10:00,3.452079566003612
2015-03-29 05:15:00,3.4719710669077712
2015-03-29 05:20:00,3.2332730560578615
2015-03-29 05:25:00,2.9746835443037933
2015-03-29 05:30:00,2.775768535262202
2015-03-29 05:35:00,2.6166365280289288
2015-03-29 05:40:00,2.686256781193486
2015-03-29 05:45:00,2.775768535262202
2015-03-29 05:50:00,2.8951175406871568
2015-03-29 05:55:00,3.004520795660032
2015-03-29 06:00:00,2.994575045207952
2015-03-29 06:05:00,2.8652802893309177
2015-03-29 06:10:00,2.6365280289330877
2015-03-29 06:15:00,2.497287522603974
2015-03-29 06:20:00,2.566907775768531
2015-03-29 06:25:00,2.5967450271247694
2015-03-29 06:30:00,2.5967450271247694
2015-03-29 06:35:00,2.477396021699815
2015-03-29 06:40:00,2.2287522603978256
2015-03-29 06:45:00,2.039783001808314
2015-03-29 06:50:00,2.0
2015-03-29 06:55:00,2.029837251356234
2015-03-29 07:00:00,2.2486437613019845
2015-03-29 07:05:00,2.517179023508133
2015-03-29 07:10:00,2.7359855334538836
2015-03-29 07:15:00,2.8553345388788385
2015-03-29 07:20:00,2.775768535262202
2015-03-29 07:25:00,2.58679927667269
2015-03-29 07:30:00,2.397830018083178
2015-03-29 07:35:00,2.2486437613019845
2015-03-29 07:40:00,2.1889692585895073
2015-03-29 07:45:00,2.198915009041587
2015-03-29 07:50:00,2.2088607594936667
2015-03-29 07:55:00,2.218806509945746
2015-03-29 08:00:00,2.1392405063291093
2015-03-29 08:05:00,2.0696202531645524
2015-03-29 08:10:00,2.029837251356234
2015-03-29 08:15:00,2.1094032549728707
2015-03-29 08:20:00,2.427667269439417
2015-03-29 08:25:00,2.8056057866184405
2015-03-29 08:30:00,3.1735985533453843
2015-03-29 08:35:00,3.3327305605786575
2015-03-29 08:40:00,3.2631103074141006
2015-03-29 08:45:00,3.0443037974683502
2015-03-29 08:50:00,2.875226039782998
2015-03-29 08:55:00,2.785714285714281
2015-03-29 09:00:00,2.7658227848101222
2015-03-29 09:05:00,2.6862567811934857
2015-03-29 09:10:00,2.636528028933088
2015-03-29 09:15:00,2.7061482820976446
2015-03-29 09:20:00,2.775768535262202
2015-03-29 09:25:00,2.865280289330918
2015-03-29 09:30:00,2.81555153707052
2015-03-29 09:35:00,2.58679927667269
2015-03-29 09:40:00,2.288426763110303
2015-03-29 09:45:00,2.099457504520791
2015-03-29 09:50:00,2.069620253164553
2015-03-29 09:55:00,2.2287522603978256
2015-03-29 10:00:00,2.2784810126582236
2015-03-29 10:05:00,2.2784810126582236
2015-03-29 10:10:00,2.2088607594936667
2015-03-29 10:15:00,2.0497287522603935
2015-03-29 10:20:00,2.0
2015-03-29 10:25:00,2.0
2015-03-29 10:30:00,2.0
2015-03-29 10:35:00,2.0
2015-03-29 10:40:00,2.019891500904155
2015-03-29 10:45:00,2.0596745027124728
2015-03-29 10:50:00,2.198915009041587
2015-03-29 10:55:00,2.3679927667269394
2015-03-29 11:00:00,2.4873417721518942
2015-03-29 11:05:00,2.57685352622061
2015-03-29 11:10:00,2.4376130198914963
2015-03-29 11:15:00,2.268535262206144
2015-03-29 11:20:00,2.12929475587703
2015-03-29 11:25:00,2.0
2015-03-29 11:30:00,2.079566003616632
2015-03-29 11:35:00,2.2386980108499053
2015-03-29 11:40:00,2.377938517179019
2015-03-29 11:45:00,2.4773960216998145
2015-03-29 11:50:00,2.4575045207956556
2015-03-29 11:55:00,2.5072332730560536
2015-03-29 12:00:00,2.566907775768531
2015-03-29 12:05:00,2.8652802893309177
2015-03-29 12:10:00,3.0443037974683502
2015-03-29 12:15:00,3.203435804701623
2015-03-29 12:20:00,3.1437613019891453
2015-03-29 12:25:00,2.8951175406871568
2015-03-29 12:30:00,2.656419529837247
2015-03-29 12:35:00,2.3282097649186215
2015-03-29 12:40:00,2.248643761301985
2015-03-29 12:45:00,2.2188065099457464
2015-03-29 12:50:00,2.3481012658227804
2015-03-29 12:55:00,2.8354430379746796
2015-03-29 13:00:00,3.7504520795659997
2015-03-29 13:05:00,5.053345388788423
2015-03-29 13:10:00,6.396021699819165
2015-03-29 13:15:00,7.072332730560575
2015-03-29 13:20:00,7.022603978300177
2015-03-29 13:25:00,6.26672694394213
2015-03-29 13:30:00,5.381555153707048
2015-03-29 13:35:00,4.635623869801081
2015-03-29 13:40:00,4.018987341772148
2015-03-29 13:45:00,3.6509945750452037
2015-03-29 13:50:00,3.462025316455692
2015-03-29 13:55:00,3.462025316455692
2015-03-29 14:00:00,3.7106690777576814
2015-03-29 14:05:00,3.909584086799273
2015-03-29 14:10:00,4.048824593128387
2015-03-29 14:15:00,3.949367088607591
2015-03-29 14:20:00,3.7902350813743175
2015-03-29 14:25:00,3.7007233273056013
2015-03-29 14:30:00,3.5714285714285667
2015-03-29 14:35:00,3.7007233273056013
2015-03-29 14:40:00,3.780289330922238
2015-03-29 14:45:00,3.939421338155511
2015-03-29 14:50:00,3.869801084990954
2015-03-29 14:55:00,3.8001808318263968
2015-03-29 15:00:00,3.869801084990954
2015-03-29 15:05:00,4.078661844484625
2015-03-29 15:10:00,4.446654611211569
2015-03-29 15:15:00,4.645569620253161
2015-03-29 15:20:00,4.605786618444842
2015-03-29 15:25:00,4.357142857142853
2015-03-29 15:30:00,4.158227848101262
2015-03-29 15:35:00,4.009041591320068
2015-03-29 15:40:00,3.9593128390596704
2015-03-29 15:45:00,3.839963833634715
2015-03-29 15:50:00,3.6907775768535216
2015-03-29 15:55:00,3.5714285714285667
2015-03-29 16:00:00,3.8797468354430333
2015-03-29 16:05:00,4.575949367088604
2015-03-29 16:10:00,5.461121157323685
2015-03-29 16:15:00,6.24683544303797
2015-03-29 16:20:00,6.376130198915005
2015-03-29 16:25:00,6.0379746835443
2015-03-29 16:30:00,5.401446654611207
2015-03-29 16:35:00,4.844484629294752
2015-03-29 16:40:00,4.764918625678115
2015-03-29 16:45:00,4.924050632911388
2015-03-29 16:50:00,5.162748643761298
2015-03-29 16:55:00,5.292043399638332
2015-03-29 17:00:00,5.401446654611208
2015-03-29 17:05:00,5.500904159132004
2015-03-29 17:10:00,5.759493670886071
2015-03-29 17:15:00,5.888788426763106
2015-03-29 17:20:00,5.839059674502708
2015-03-29 17:25:00,5.461121157323685
2015-03-29 17:30:00,4.89421338155515
2015-03-29 17:35:00,4.635623869801081
2015-03-29 17:40:00,4.456600361663648
2015-03-29 17:45:00,4.347197106690773
2015-03-29 17:50:00,4.446654611211569
2015-03-29 17:55:00,4.496383363471967
2015-03-29 18:00:00,4.6256781193490015
2015-03-29 18:05:00,4.9240506329113884
2015-03-29 18:10:00,5.053345388788422
2015-03-29 18:15:00,5.192585895117537
2015-03-29 18:20:00,5.093128390596741
2015-03-29 18:25:00,5.033453887884264
2015-03-29 18:30:00,5.073236889692582
2015-03-29 18:35:00,5.033453887884264
2015-03-29 18:40:00,5.063291139240501
2015-03-29 18:45:00,4.834538878842672
2015-03-29 18:50:00,4.506329113924046
2015-03-29 18:55:00,4.138336347197102
2015-03-29 19:00:00,3.760397830018079
2015-03-29 19:05:00,3.551537070524408
2015-03-29 19:10:00,3.412296564195294
2015-03-29 19:15:00,3.3725135623869757
2015-03-29 19:20:00,3.322784810126578
2015-03-29 19:25:00,3.243218806509941
2015-03-29 19:30:00,3.1537070524412254
2015-03-29 19:35:00,3.2531645569620204
2015-03-29 19:40:00,3.680831826401442
2015-03-29 19:45:00,4.496383363471967
2015-03-29 19:50:00,5.709764918625674
2015-03-29 19:55:00,7.211573236889688
2015-03-29 20:00:00,8.405063291139236
2015-03-29 20:05:00,8.932188065099453
2015-03-29 20:10:00,8.653707052441225
2015-03-29 20:15:00,7.6989150090415865
2015-03-29 20:20:00,6.604882459312835
2015-03-29 20:25:00,5.699819168173594
2015-03-29 20:30:00,5.391500904159128
2015-03-29 20:35:00,5.35171790235081
2015-03-29 20:40:00,5.689873417721515
2015-03-29 20:45:00,5.958408679927663
2015-03-29 20:50:00,5.8291139240506284
2015-03-29 20:55:00,5.242314647377934
2015-03-29 21:00:00,4.506329113924046
2015-03-29 21:05:00,4.42676311030741
2015-03-29 21:10:00,4.446654611211569
2015-03-29 21:15:00,4.894213381555149
2015-03-29 21:20:00,4.904159132007228
2015-03-29 21:25:00,4.685352622061478
2015-03-29 21:30:00,4.446654611211569
2015-03-29 21:35:00,4.217902350813739
2015-03-29 21:40:00,4.307414104882456
2015-03-29 21:45:00,4.1681735985533415
2015-03-29 21:50:00,4.058770343580466
2015-03-29 21:55:00,3.790235081374318
2015-03-29 22:00:00,3.6311030741410444
2015-03-29 22:05:00,3.4719710669077717
2015-03-29 22:10:00,3.5316455696202484
2015-03-29 22:15:00,3.6112115732368855
2015-03-29 22:20:00,3.6509945750452037
2015-03-29 22:25:00,3.7007233273056013
2015-03-29 22:30:00,3.690777576853522
2015-03-29 22:35:00,3.790235081374317
2015-03-29 22:40:00,3.8996383363471927
2015-03-29 22:45:00,3.989150090415909
2015-03-29 22:50:00,4.1184448462929435
2015-03-29 22:55:00,3.999095840867988
2015-03-29 23:00:00,3.859855334538874
2015-03-29 23:05:00,3.710669077757681
2015-03-29 23:10:00,3.471971066907771
2015-03-29 23:15:00,3.382459312839055
2015-03-29 23:20:00,3.123869801084987
2015-03-29 23:25:00,3.1039783001808274
2015-03-29 23:30:00,3.0343580470162705
2015-03-29 23:35:00,3.113924050632907
2015-03-29 23:40:00,3.1636528028933046
2015-03-29 23:45:00,3.1636528028933046
2015-03-29 23:50:00,3.332730560578657
2015-03-29 23:55:00,3.4520795660036123
2015-03-30 00:00:00,3.879746835443034
2015-03-30 00:05:00,3.979204339963829
2015-03-30 00:10:00,4.148282097649181
2015-03-30 00:15:00,4.148282097649181
2015-03-30 00:20:00,3.9792043399638293
2015-03-30 00:25:00,4.1880650994575
2015-03-30 00:30:00,4.237793851717898
2015-03-30 00:35:00,4.506329113924046
2015-03-30 00:40:00,4.566003616636523
2015-03-30 00:45:00,4.446654611211569
2015-03-30 00:50:00,4.337251356238694
2015-03-30 00:55:00,4.078661844484625
2015-03-30 01:00:00,3.9294755877034317
2015-03-30 01:05:00,3.790235081374317
2015-03-30 01:10:00,3.7007233273056013
2015-03-30 01:15:00,3.710669077757681
2015-03-30 01:20:00,3.7305605786618403
2015-03-30 01:25:00,3.6708860759493627
2015-03-30 01:30:00,3.591320072332726
2015-03-30 01:35:00,3.571428571428567
2015-03-30 01:40:00,3.541591320072328
2015-03-30 01:45:00,3.6509945750452037
2015-03-30 01:50:00,3.6708860759493627
2015-03-30 01:55:00,3.7902350813743175
2015-03-30 02:00:00,3.9493670886075902
2015-03-30 02:05:00,4.048824593128386
2015-03-30 02:10:00,4.088607594936705
2015-03-30 02:15:00,4.009041591320068
2015-03-30 02:20:00,3.9990958408679886
2015-03-30 02:25:00,3.9195298372513516
2015-03-30 02:30:00,3.8101265822784764
2015-03-30 02:35:00,3.561482820976487
2015-03-30 02:40:00,3.2631103074141006
2015-03-30 02:45:00,3.014466546112111
2015-03-30 02:50:00,2.8652802893309177
2015-03-30 02:55:00,2.845388788426759
2015-03-30 03:00:00,2.9150090415913157
2015-03-30 03:05:00,3.084086799276668
2015-03-30 03:10:00,3.322784810126578
2015-03-30 03:15:00,4.227848101265819
2015-03-30 03:20:00,5.391500904159128
2015-03-30 03:25:00,6.604882459312835
2015-03-30 03:30:00,7.141952983725131
2015-03-30 03:35:00,6.6446654611211535
2015-03-30 03:40:00,5.699819168173595
2015-03-30 03:45:00,4.446654611211569
2015-03-30 03:50:00,3.7603978300180785
2015-03-30 03:55:00,3.4719710669077712
2015-03-30 04:00:00,3.342676311030737
2015-03-30 04:05:00,3.4222423146473737
2015-03-30 04:10:00,3.4222423146473733
2015-03-30 04:15:00,3.3327305605786575
2015-03-30 04:20:00,3.2133815551537026
2015-03-30 04:25:00,3.1238698010849864
2015-03-30 04:30:00,3.27305605786618
2015-03-30 04:35:00,3.4620253164556916
2015-03-30 04:40:00,3.6211573236889647
2015-03-30 04:45:00,3.5216998191681688
2015-03-30 04:50:00,3.1735985533453843
2015-03-30 04:55:00,2.835443037974679
2015-03-30 05:00:00,2.785714285714281
2015-03-30 05:05:00,2.9249547920433954
2015-03-30 05:10:00,3.024412296564191
2015-03-30 05:15:00,2.9647377938517137
2015-03-30 05:20:00,2.6862567811934857
2015-03-30 05:25:00,2.6066907775768486
2015-03-30 05:30:00,2.696202531645565
2015-03-30 05:35:00,3.084086799276668
2015-03-30 05:40:00,3.362567811934896
2015-03-30 05:45:00,3.5614828209764875
2015-03-30 05:50:00,3.591320072332726
2015-03-30 05:55:00,3.4222423146473737
2015-03-30 06:00:00,3.1437613019891457
2015-03-30 06:05:00,3.004520795660032
2015-03-30 06:10:00,3.1537070524412254
2015-03-30 06:15:00,3.2830018083182595
2015-03-30 06:20:00,3.531645569620249
2015-03-30 06:25:00,3.382459312839055
2015-03-30 06:30:00,3.183544303797464
2015-03-30 06:35:00,3.1537070524412254
2015-03-30 06:40:00,3.1735985533453843
2015-03-30 06:45:00,3.173598553345384
2015-03-30 06:50:00,2.9150090415913157
2015-03-30 06:55:00,2.5470162748643714
2015-03-30 07:00:00,2.1989150090415865
2015-03-30 07:05:00,2.0
2015-03-30 07:10:00,2.0
2015-03-30 07:15:00,2.0
2015-03-30 07:20:00,2.0
2015-03-30 07:25:00,2.0
2015-03-30 07:30:00,2.0
2015-03-30 07:35:00,2.0
2015-03-30 07:40:00,2.0
2015-03-30 07:45:00,2.0
2015-03-30 07:50:00,2.0
2015-03-30 07:55:00,2.0099457504520752
2015-03-30 08:00:00,2.0994575045207915
2015-03-30 08:05:00,2.328209764918621
2015-03-30 08:10:00,2.566907775768531
2015-03-30 08:15:00,2.8453887884267584
2015-03-30 08:20:00,2.8951175406871568
2015-03-30 08:25:00,2.7658227848101222
2015-03-30 08:30:00,2.5271247739602125
2015-03-30 08:35:00,2.427667269439417
2015-03-30 08:40:00,2.606690777576849
2015-03-30 08:45:00,2.785714285714281
2015-03-30 08:50:00,3.0741410488245884
2015-03-30 08:55:00,3.2332730560578615
2015-03-30 09:00:00,3.2830018083182595
2015-03-30 09:05:00,3.223327305605782
2015-03-30 09:10:00,3.2233273056057823
2015-03-30 09:15:00,3.1238698010849864
2015-03-30 09:20:00,2.934900542495475
2015-03-30 09:25:00,2.8951175406871568
2015-03-30 09:30:00,2.81555153707052
2015-03-30 09:35:00,2.8254972875226
2015-03-30 09:40:00,2.6464737793851674
2015-03-30 09:45:00,3.2830018083182595
2015-03-30 09:50:00,3.9692585895117496
2015-03-30 09:55:00,4.685352622061479
2015-03-30 10:00:00,4.914104882459308
2015-03-30 10:05:00,4.3670886075949324
2015-03-30 10:10:00,3.720614828209761
2015-03-30 10:15:00,3.123869801084987
2015-03-30 10:20:00,3.133815551537066
2015-03-30 10:25:00,3.153707052441225
2015-03-30 10:30:00,3.074141048824589
2015-03-30 10:35:00,2.855334538878838
2015-03-30 10:40:00,2.686256781193485
2015-03-30 10:45:00,2.785714285714281
2015-03-30 10:50:00,3.2034358047016234
2015-03-30 10:55:00,3.899638336347193
2015-03-30 11:00:00,4.386980108499092
2015-03-30 11:05:00,4.506329113924046
2015-03-30 11:10:00,4.19801084990958
2015-03-30 11:15:00,3.7405063291139196
2015-03-30 11:20:00,3.7504520795659992
2015-03-30 11:25:00,4.048824593128386
2015-03-30 11:30:00,4.4267631103074105
2015-03-30 11:35:00,4.42676311030741
2015-03-30 11:40:00,4.1681735985533415
2015-03-30 11:45:00,3.859855334538875
2015-03-30 11:50:00,3.7504520795659997
2015-03-30 11:55:00,3.9095840867992733
2015-03-30 12:00:00,4.665461121157319
2015-03-30 12:05:00,5.162748643761298
2015-03-30 12:10:00,5.451175406871605
2015-03-30 12:15:00,5.142857142857138
2015-03-30 12:20:00,4.3670886075949324
2015-03-30 12:25:00,3.8499095840867947
2015-03-30 12:30:00,3.6311030741410444
2015-03-30 12:35:00,4.108499095840863
2015-03-30 12:40:00,4.486437613019887
2015-03-30 12:45:00,4.486437613019888
2015-03-30 12:50:00,4.237793851717898
2015-03-30 12:55:00,4.1184448462929435
2015-03-30 13:00:00,4.665461121157319
2015-03-30 13:05:00,5.481012658227844
2015-03-30 13:10:00,6.396021699819164
2015-03-30 13:15:00,6.49547920433996
2015-03-30 13:20:00,5.998191681735981
2015-03-30 13:25:00,5.242314647377935
2015-03-30 13:30:00,4.605786618444842
2015-03-30 13:35:00,4.844484629294751
2015-03-30 13:40:00,5.033453887884264
2015-03-30 13:45:00,5.918625678119344
2015-03-30 13:50:00,6.604882459312835
2015-03-30 13:55:00,7.499999999999996
2015-03-30 14:00:00,8.255877034358043
2015-03-30 14:05:00,8.504520795660031
2015-03-30 14:10:00,8.7631103074141
2015-03-30 14:15:00,8.196202531645564
2015-03-30 14:20:00,7.639240506329109
2015-03-30 14:25:00,6.754068716094027
2015-03-30 14:30:00,6.216998191681732
2015-03-30 14:35:00,6.047920433996378
2015-03-30 14:40:00,5.858951175406867
2015-03-30 14:45:00,6.057866184448458
2015-03-30 14:50:00,5.829113924050628
2015-03-30 14:55:00,6.0379746835443
2015-03-30 15:00:00,6.107594936708857
2015-03-30 15:05:00,6.24683544303797
2015-03-30 15:10:00,6.535262206148278
2015-03-30 15:15:00,6.48553345388788
2015-03-30 15:20:00,6.644665461121153
2015-03-30 15:25:00,6.535262206148278
2015-03-30 15:30:00,6.266726943942129
2015-03-30 15:35:00,5.968354430379742
2015-03-30 15:40:00,5.530741410488242
2015-03-30 15:45:00,5.172694394213377
2015-03-30 15:50:00,4.89421338155515
2015-03-30 15:55:00,4.635623869801082
2015-03-30 16:00:00,4.7748643761301945
2015-03-30 16:05:00,5.35171790235081
2015-03-30 16:10:00,6.197106690777573
2015-03-30 16:15:00,6.93309222423146
2015-03-30 16:20:00,7.291139240506325
2015-03-30 16:25:00,7.012658227848097
2015-03-30 16:30:00,6.256781193490051
2015-03-30 16:35:00,5.34177215189873
2015-03-30 16:40:00,4.6754068716093995
2015-03-30 16:45:00,4.41681735985533
2015-03-30 16:50:00,5.013562386980104
2015-03-30 16:55:00,5.878842676311026
2015-03-30 17:00:00,6.744122965641949
2015-03-30 17:05:00,6.923146473779381
2015-03-30 17:10:00,6.584990958408676
2015-03-30 17:15:00,5.9783001808318215
2015-03-30 17:20:00,5.809222423146469
2015-03-30 17:25:00,6.057866184448459
2015-03-30 17:30:00,6.49547920433996
2015-03-30 17:35:00,6.813743218806505
2015-03-30 17:40:00,6.803797468354426
2015-03-30 17:45:00,6.853526220614823
2015-03-30 17:50:00,6.396021699819164
2015-03-30 17:55:00,10.792043399638331
2015-03-30 18:00:00,15.068716094032546
2015-03-30 18:05:00,19.395117540687156
2015-03-30 18:10:00,24.0
2015-03-30 18:15:00,24.0
2015-03-30 18:20:00,24.0
2015-03-30 18:25:00,24.0
2015-03-30 18:30:00,24.0
2015-03-30 18:35:00,24.0
2015-03-30 18:40:00,24.0
2015-03-30 18:45:00,24.0
2015-03-30 18:50:00,24.0
2015-03-30 18:55:00,24.0
2015-03-30 19:00:00,24.0
2015-03-30 19:05:00,24.0
2015-03-30 19:10:00,24.0
2015-03-30 19:15:00,24.0
2015-03-30 19:20:00,24.0
2015-03-30 19:25:00,24.0
2015-03-30 19:30:00,24.0
2015-03-30 19:35:00,24.0
2015-03-30 19:40:00,24.0
2015-03-30 19:45:00,24.0
2015-03-30 19:50:00,24.0
2015-03-30 19:55:00,24.0
2015-03-30 20:00:00,24.0
2015-03-30 20:05:00,24.0
2015-03-30 20:10:00,24.0
2015-03-30 20:15:00,24.0
2015-03-30 20:20:00,23.930379746835435
2015-03-30 20:25:00,23.930379746835435
2015-03-30 20:30:00,23.930379746835435
2015-03-30 20:35:00,23.930379746835435
2015-03-30 20:40:00,23.88065099457504
2015-03-30 20:45:00,23.88065099457504
2015-03-30 20:50:00,23.88065099457504
2015-03-30 20:55:00,23.88065099457504
2015-03-30 21:00:00,24.0
2015-03-30 21:05:00,24.0
2015-03-30 21:10:00,24.0
2015-03-30 21:15:00,24.0
2015-03-30 21:20:00,24.0
2015-03-30 21:25:00,24.0
2015-03-30 21:30:00,23.731464737793846
2015-03-30 21:35:00,22.99547920433996
2015-03-30 21:40:00,22.74683544303797
2015-03-30 21:45:00,22.697106690777574
2015-03-30 21:50:00,22.96564195298372
2015-03-30 21:55:00,23.70162748643761
2015-03-30 22:00:00,23.950271247739597
2015-03-30 22:05:00,24.0
2015-03-30 22:10:00,24.0
2015-03-30 22:15:00,22.448462929475582
2015-03-30 22:20:00,21.15551537070524
2015-03-30 22:25:00,19.872513562386974
2015-03-30 22:30:00,18.499999999999996
2015-03-30 22:35:00,18.3508137432188
2015-03-30 22:40:00,18.18173598553345
2015-03-30 22:45:00,18.102169981916813
2015-03-30 22:50:00,17.98282097649186
2015-03-30 22:55:00,17.813743218806508
2015-03-30 23:00:00,17.316455696202528
2015-03-30 23:05:00,16.75949367088607
2015-03-30 23:10:00,16.28209764918625
2015-03-30 23:15:00,15.884267631103066
2015-03-30 23:20:00,15.33725135623869
2015-03-30 23:25:00,14.830018083182633
2015-03-30 23:30:00,14.531645569620247
2015-03-30 23:35:00,14.49186256781193
2015-03-30 23:40:00,14.47197106690777
2015-03-30 23:45:00,14.2133815551537
2015-03-30 23:50:00,13.974683544303792
2015-03-30 23:55:00,13.924954792043394
2015-03-31 00:00:00,14.233273056057861
2015-03-31 00:05:00,14.879746835443033
2015-03-31 00:10:00,15.516274864376124
2015-03-31 00:15:00,16.02350813743218
2015-03-31 00:20:00,16.172694394213377
2015-03-31 00:25:00,16.053345388788422
2015-03-31 00:30:00,15.735081374321876
2015-03-31 00:35:00,15.277576853526215
2015-03-31 00:40:00,15.506329113924046
2015-03-31 00:45:00,16.043399638336343
2015-03-31 00:50:00,17.0379746835443
2015-03-31 00:55:00,17.624773960216995
2015-03-31 01:00:00,17.386075949367086
2015-03-31 01:05:00,16.262206148282093
2015-03-31 01:10:00,14.312839059674499
2015-03-31 01:15:00,13.169077757685349
2015-03-31 01:20:00,13.636528028933089
2015-03-31 01:25:00,15.436708860759492
2015-03-31 01:30:00,17.803797468354425
2015-03-31 01:35:00,19.50452079566003
2015-03-31 01:40:00,19.643761301989144
2015-03-31 01:45:00,18.559674502712475
2015-03-31 01:50:00,16.660036166365277
2015-03-31 01:55:00,15.138336347197102
2015-03-31 02:00:00,14.302893309222418
2015-03-31 02:05:00,14.46202531645569
2015-03-31 02:10:00,15.088607594936704
2015-03-31 02:15:00,15.476491862567809
2015-03-31 02:20:00,15.138336347197102
2015-03-31 02:25:00,14.233273056057861
2015-03-31 02:30:00,13.188969258589507
2015-03-31 02:35:00,12.015370705244118
2015-03-31 02:40:00,11.04068716094032
2015-03-31 02:45:00,10.16546112115732
2015-03-31 02:50:00,9.538878842676308
2015-03-31 02:55:00,9.499095840867989
2015-03-31 03:00:00,13.11934900542495
2015-03-31 03:05:00,16.769439421338152
2015-03-31 03:10:00,20.48915009041591
2015-03-31 03:15:00,24.0
2015-03-31 03:20:00,24.0
2015-03-31 03:25:00,24.0
2015-03-31 03:30:00,24.0
2015-03-31 03:35:00,24.0
2015-03-31 03:40:00,24.0
2015-03-31 03:45:00,24.0
2015-03-31 03:50:00,24.0
2015-03-31 03:55:00,24.0
2015-03-31 04:00:00,24.0
2015-03-31 04:05:00,24.0
2015-03-31 04:10:00,24.0
2015-03-31 04:15:00,24.0
2015-03-31 04:20:00,24.0
2015-03-31 04:25:00,24.0
2015-03-31 04:30:00,24.0
2015-03-31 04:35:00,24.0
2015-03-31 04:40:00,23.124773960216995
2015-03-31 04:45:00,21.772151898734172
2015-03-31 04:50:00,19.90235081374321
2015-03-31 04:55:00,18.211573236889688
2015-03-31 05:00:00,17.336347197106683
2015-03-31 05:05:00,16.411392405063285
2015-03-31 05:10:00,15.247739602169977
2015-03-31 05:15:00,13.507233273056052
2015-03-31 05:20:00,11.597649186256778
2015-03-31 05:25:00,10.066003616636523
2015-03-31 05:30:00,9.101265822784805
2015-03-31 05:35:00,8.385171790235077
2015-03-31 05:40:00,7.947558770343576
2015-03-31 05:45:00,7.867992766726941
2015-03-31 05:50:00,7.718806509945747
2015-03-31 05:55:00,7.688969258589508
2015-03-31 06:00:00,7.509945750452076
2015-03-31 06:05:00,7.231464737793848
2015-03-31 06:10:00,6.853526220614825
2015-03-31 06:15:00,9.429475587703433
2015-03-31 06:20:00,13.706148282097647
2015-03-31 06:25:00,17.873417721518983
2015-03-31 06:30:00,21.19529837251356
2015-03-31 06:35:00,20.2007233273056
2015-03-31 06:40:00,16.64014466546112
2015-03-31 06:45:00,13.019891500904155
2015-03-31 06:50:00,10.742314647377935
2015-03-31 06:55:00,9.94665461121157
2015-03-31 07:00:00,9.538878842676308
2015-03-31 07:05:00,8.842676311030738
2015-03-31 07:10:00,7.867992766726941
2015-03-31 07:15:00,6.783905967450268
2015-03-31 07:20:00,6.2965641952983695
2015-03-31 07:25:00,6.028028933092221
2015-03-31 07:30:00,5.729656419529833
2015-03-31 07:35:00,5.341772151898731
2015-03-31 07:40:00,4.983725135623866
2015-03-31 07:45:00,4.794755877034355
2015-03-31 07:50:00,4.5262206148282065
2015-03-31 07:55:00,4.546112115732366
2015-03-31 08:00:00,4.496383363471968
2015-03-31 08:05:00,4.506329113924047
2015-03-31 08:10:00,4.66546112115732
2015-03-31 08:15:00,4.6754068716094
2015-03-31 08:20:00,4.695298372513559
2015-03-31 08:25:00,4.516274864376127
2015-03-31 08:30:00,4.536166365280286
2015-03-31 08:35:00,4.5759493670886044
2015-03-31 08:40:00,4.585895117540685
2015-03-31 08:45:00,4.506329113924048
2015-03-31 08:50:00,4.357142857142854
2015-03-31 08:55:00,4.317359855334535
2015-03-31 09:00:00,4.456600361663649
2015-03-31 09:05:00,4.834538878842673
2015-03-31 09:10:00,5.063291139240503
2015-03-31 09:15:00,4.993670886075946
2015-03-31 09:20:00,4.715189873417718
2015-03-31 09:25:00,4.43670886075949
2015-03-31 09:30:00,4.337251356238695
2015-03-31 09:35:00,4.446654611211571
2015-03-31 09:40:00,4.68535262206148
2015-03-31 09:45:00,4.953887884267628
2015-03-31 09:50:00,5.013562386980105
2015-03-31 09:55:00,5.202531645569617
2015-03-31 10:00:00,5.262206148282095
2015-03-31 10:05:00,5.431283905967447
2015-03-31 10:10:00,5.709764918625675
2015-03-31 10:15:00,5.84900542495479
2015-03-31 10:20:00,6.107594936708858
2015-03-31 10:25:00,6.167269439421336
2015-03-31 10:30:00,6.386075949367085
2015-03-31 10:35:00,6.465641952983721
2015-03-31 10:40:00,6.26672694394213
2015-03-31 10:45:00,5.849005424954788
2015-03-31 10:50:00,5.262206148282094
2015-03-31 10:55:00,5.003616636528026
2015-03-31 11:00:00,5.908679927667266
2015-03-31 11:05:00,7.41048824593128
2015-03-31 11:10:00,9.041591320072328
2015-03-31 11:15:00,9.767631103074137
2015-03-31 11:20:00,9.389692585895114
2015-03-31 11:25:00,8.544303797468352
2015-03-31 11:30:00,7.460216998191679
2015-03-31 11:35:00,6.923146473779382
2015-03-31 11:40:00,6.455696202531643
2015-03-31 11:45:00,6.04792043399638
2015-03-31 11:50:00,5.868896925858948
2015-03-31 11:55:00,6.0379746835443004
2015-03-31 12:00:00,7.241410488245927
2015-03-31 12:05:00,9.131103074141045
2015-03-31 12:10:00,11.100361663652798
2015-03-31 12:15:00,12.999999999999996
2015-03-31 12:20:00,13.487341772151893
2015-03-31 12:25:00,13.13924050632911
2015-03-31 12:30:00,11.73688969258589
2015-03-31 12:35:00,10.473779385171786
2015-03-31 12:40:00,9.698010849909581
2015-03-31 12:45:00,9.24050632911392
2015-03-31 12:50:00,9.757685352622058
2015-03-31 12:55:00,10.085895117540684
2015-03-31 13:00:00,10.732368896925854
2015-03-31 13:05:00,11.51808318264014
2015-03-31 13:10:00,13.556962025316452
2015-03-31 13:15:00,15.605786618444842
2015-03-31 13:20:00,17.177215189873415
2015-03-31 13:25:00,17.326401446654607
2015-03-31 13:30:00,16.083182640144663
2015-03-31 13:35:00,14.641048824593124
2015-03-31 13:40:00,13.218806509945747
2015-03-31 13:45:00,12.820976491862563
2015-03-31 13:50:00,12.18444846292947
2015-03-31 13:55:00,12.67179023508137
2015-03-31 14:00:00,15.516274864376125
2015-03-31 14:05:00,18.490054249547917
2015-03-31 14:10:00,21.772151898734172
2015-03-31 14:15:00,23.612115732368895
2015-03-31 14:20:00,22.160036166365277
2015-03-31 14:25:00,20.190777576853524
2015-03-31 14:30:00,17.90325497287522
2015-03-31 14:35:00,15.983725135623866
2015-03-31 14:40:00,14.591320072332726
2015-03-31 14:45:00,13.735985533453883
2015-03-31 14:50:00,12.89059674502712
2015-03-31 14:55:00,12.373417721518981
2015-03-31 15:00:00,12.18444846292947
2015-03-31 15:05:00,11.96564195298372
2015-03-31 15:10:00,12.234177215189868
2015-03-31 15:15:00,15.058770343580466
2015-03-31 15:20:00,18.092224231464733
2015-03-31 15:25:00,21.13562386980108
2015-03-31 15:30:00,23.43309222423146
2015-03-31 15:35:00,22.199819168173594
2015-03-31 15:40:00,20.23056057866184
2015-03-31 15:45:00,18.927667269439418
2015-03-31 15:50:00,18.291139240506325
2015-03-31 15:55:00,18.301084990958405
2015-03-31 16:00:00,18.768535262206143
2015-03-31 16:05:00,18.281193490054246
2015-03-31 16:10:00,17.764014466546108
2015-03-31 16:15:00,16.878842676311027
2015-03-31 16:20:00,16.043399638336343
2015-03-31 16:25:00,15.327305605786615
2015-03-31 16:30:00,14.372513562386974
2015-03-31 16:35:00,13.895117540687156
2015-03-31 16:40:00,13.477396021699814
2015-03-31 16:45:00,13.477396021699814
2015-03-31 16:50:00,13.79566003616636
2015-03-31 16:55:00,14.78028933092224
2015-03-31 17:00:00,17.53526220614828
2015-03-31 17:05:00,20.04159132007233
2015-03-31 17:10:00,22.39873417721519
2015-03-31 17:15:00,24.0
2015-03-31 17:20:00,24.0
2015-03-31 17:25:00,24.0
2015-03-31 17:30:00,24.0
2015-03-31 17:35:00,24.0
2015-03-31 17:40:00,24.0
2015-03-31 17:45:00,24.0
2015-03-31 17:50:00,24.0
2015-03-31 17:55:00,23.43309222423146
2015-03-31 18:00:00,22.637432188065095
2015-03-31 18:05:00,21.284810126582272
2015-03-31 18:10:00,19.444846292947553
2015-03-31 18:15:00,18.221518987341767
2015-03-31 18:20:00,17.555153707052437
2015-03-31 18:25:00,18.87793851717902
2015-03-31 18:30:00,20.71790235081374
2015-03-31 18:35:00,22.508137432188065
2015-03-31 18:40:00,23.97016274864376
2015-03-31 18:45:00,24.0
2015-03-31 18:50:00,24.0
2015-03-31 18:55:00,23.811030741410484
2015-03-31 19:00:00,23.293851717902346
2015-03-31 19:05:00,22.886075949367083
2015-03-31 19:10:00,22.27938517179023
2015-03-31 19:15:00,21.971066907775764
2015-03-31 19:20:00,22.488245931283902
2015-03-31 19:25:00,22.896021699819165
2015-03-31 19:30:00,23.502712477396017
2015-03-31 19:35:00,24.0
2015-03-31 19:40:00,24.0
2015-03-31 19:45:00,24.0
2015-03-31 19:50:00,24.0
2015-03-31 19:55:00,24.0
2015-03-31 20:00:00,24.0
2015-03-31 20:05:00,24.0
2015-03-31 20:10:00,24.0
2015-03-31 20:15:00,24.0
2015-03-31 20:20:00,24.0
2015-03-31 20:25:00,24.0
2015-03-31 20:30:00,24.0
2015-03-31 20:35:00,24.0
2015-03-31 20:40:00,24.0
2015-03-31 20:45:00,24.0
2015-03-31 20:50:00,24.0
2015-03-31 20:55:00,24.0
2015-03-31 21:00:00,24.0
2015-03-31 21:05:00,24.0
2015-03-31 21:10:00,24.0
2015-03-31 21:15:00,23.860759493670884
2015-03-31 21:20:00,23.860759493670884
2015-03-31 21:25:00,23.860759493670884
2015-03-31 21:30:00,23.860759493670884
2015-03-31 21:35:00,24.0
2015-03-31 21:40:00,24.0
2015-03-31 21:45:00,24.0
2015-03-31 21:50:00,24.0
2015-03-31 21:55:00,24.0
2015-03-31 22:00:00,24.0
2015-03-31 22:05:00,24.0
2015-03-31 22:10:00,24.0
2015-03-31 22:15:00,24.0
2015-03-31 22:20:00,24.0
2015-03-31 22:25:00,24.0
2015-03-31 22:30:00,24.0
2015-03-31 22:35:00,23.92043399638336
2015-03-31 22:40:00,23.840867992766725
2015-03-31 22:45:00,22.995479204339958
2015-03-31 22:50:00,21.971066907775764
2015-03-31 22:55:00,20.97649186256781
2015-03-31 23:00:00,20.389692585895112
2015-03-31 23:05:00,21.235081374321876
2015-03-31 23:10:00,21.792043399638334
2015-03-31 23:15:00,22.189873417721515
2015-03-31 23:20:00,21.16546112115732
2015-03-31 23:25:00,19.484629294755873
2015-03-31 23:30:00,18.12206148282097
2015-03-31 23:35:00,17.396021699819162
2015-03-31 23:40:00,18.47016274864376
2015-03-31 23:45:00,19.38517179023508
2015-03-31 23:50:00,19.942133815551536
2015-03-31 23:55:00,19.812839059674502
2015-04-01 00:00:00,18.768535262206143
2015-04-01 00:05:00,17.604882459312833
2015-04-01 00:10:00,15.90415913200723
2015-04-01 00:15:00,14.422242314647374
2015-04-01 00:20:00,13.039783001808313
2015-04-01 00:25:00,12.930379746835438
2015-04-01 00:30:00,14.700723327305601
2015-04-01 00:35:00,16.73960216998191
2015-04-01 00:40:00,18.12206148282097
2015-04-01 00:45:00,17.813743218806504
2015-04-01 00:50:00,16.421338155515368
2015-04-01 00:55:00,14.501808318264011
2015-04-01 01:00:00,13.10940325497287
2015-04-01 01:05:00,12.65189873417721
2015-04-01 01:10:00,12.572332730560575
2015-04-01 01:15:00,12.801084990958405
2015-04-01 01:20:00,12.890596745027121
2015-04-01 01:25:00,12.40325497287522
2015-04-01 01:30:00,11.667269439421334
2015-04-01 01:35:00,10.712477396021695
2015-04-01 01:40:00,10.066003616636525
2015-04-01 01:45:00,9.92676311030741
2015-04-01 01:50:00,10.075949367088604
2015-04-01 01:55:00,11.04068716094032
2015-04-01 02:00:00,12.075045207956595
2015-04-01 02:05:00,12.801084990958405
2015-04-01 02:10:00,12.741410488245926
2015-04-01 02:15:00,11.667269439421334
2015-04-01 02:20:00,10.652802893309218
2015-04-01 02:25:00,10.085895117540684
2015-04-01 02:30:00,10.503616636528026
2015-04-01 02:35:00,11.229656419529832
2015-04-01 02:40:00,11.528028933092218
2015-04-01 02:45:00,10.871609403254967
2015-04-01 02:50:00,9.747739602169977
2015-04-01 02:55:00,9.280289330922237
2015-04-01 03:00:00,9.280289330922237
2015-04-01 03:05:00,9.847197106690773
2015-04-01 03:10:00,10.026220614828205
2015-04-01 03:15:00,9.528933092224227
2015-04-01 03:20:00,8.932188065099453
2015-04-01 03:25:00,8.255877034358043
2015-04-01 03:30:00,7.778481012658224
2015-04-01 03:35:00,7.22151898734177
2015-04-01 03:40:00,7.480108499095837
2015-04-01 03:45:00,8.34538878842676
2015-04-01 03:50:00,9.6880650994575
2015-04-01 03:55:00,10.344484629294751
2015-04-01 04:00:00,9.787522603978296
2015-04-01 04:05:00,8.872513562386976
2015-04-01 04:10:00,7.679023508137428
2015-04-01 04:15:00,7.430379746835439
2015-04-01 04:20:00,11.617540687160936
2015-04-01 04:25:00,15.705244122965638
2015-04-01 04:30:00,19.882459312839057
2015-04-01 04:35:00,22.219710669077756
2015-04-01 04:40:00,18.947558770343576
2015-04-01 04:45:00,15.327305605786615
2015-04-01 04:50:00,11.597649186256778
2015-04-01 04:55:00,9.558770343580466
2015-04-01 05:00:00,9.001808318264011
2015-04-01 05:05:00,8.78300180831826
2015-04-01 05:10:00,8.733273056057861
2015-04-01 05:15:00,8.534358047016271
2015-04-01 05:20:00,8.31555153707052
2015-04-01 05:25:00,8.017179023508135
2015-04-01 05:30:00,7.698915009041587
2015-04-01 05:35:00,7.6491862567811895
2015-04-01 05:40:00,7.291139240506325
2015-04-01 05:45:00,6.903254972875223
2015-04-01 05:50:00,6.614828209764916
2015-04-01 05:55:00,6.366184448462927
2015-04-01 06:00:00,6.415913200723324
2015-04-01 06:05:00,6.505424954792041
2015-04-01 06:10:00,6.415913200723324
2015-04-01 06:15:00,6.346292947558767
2015-04-01 06:20:00,6.236889692585892
2015-04-01 06:25:00,6.147377938517176
2015-04-01 06:30:00,5.928571428571425
2015-04-01 06:35:00,5.451175406871606
2015-04-01 06:40:00,4.933996383363469
2015-04-01 06:45:00,4.4764918625678085
2015-04-01 06:50:00,4.188065099457501
2015-04-01 06:55:00,4.247739602169979
2015-04-01 07:00:00,4.367088607594933
2015-04-01 07:05:00,4.406871609403252
2015-04-01 07:10:00,4.436708860759491
2015-04-01 07:15:00,4.307414104882456
2015-04-01 07:20:00,4.367088607594933
2015-04-01 07:25:00,4.496383363471968
2015-04-01 07:30:00,4.715189873417718
2015-04-01 07:35:00,4.973779385171787
2015-04-01 07:40:00,5.113019891500901
2015-04-01 07:45:00,5.252260397830015
2015-04-01 07:50:00,5.252260397830015
2015-04-01 07:55:00,5.1329113924050604
2015-04-01 08:00:00,5.162748643761299
2015-04-01 08:05:00,5.272151898734174
2015-04-01 08:10:00,5.471066907775766
2015-04-01 08:15:00,5.530741410488242
2015-04-01 08:20:00,5.292043399638333
2015-04-01 08:25:00,4.973779385171787
2015-04-01 08:30:00,4.715189873417718
2015-04-01 08:35:00,4.625678119349002
2015-04-01 08:40:00,4.585895117540685
2015-04-01 08:45:00,4.605786618444844
2015-04-01 08:50:00,4.585895117540684
2015-04-01 08:55:00,4.745027124773957
2015-04-01 09:00:00,5.083182640144662
2015-04-01 09:05:00,5.321880650994571
2015-04-01 09:10:00,5.391500904159129
2015-04-01 09:15:00,5.073236889692582
2015-04-01 09:20:00,4.615732368896922
2015-04-01 09:25:00,4.198010849909581
2015-04-01 09:30:00,3.919529837251353
2015-04-01 09:35:00,4.068716094032546
2015-04-01 09:40:00,4.22784810126582
2015-04-01 09:45:00,4.416817359855331
2015-04-01 09:50:00,4.66546112115732
2015-04-01 09:55:00,4.864376130198911
2015-04-01 10:00:00,5.242314647377935
2015-04-01 10:05:00,5.570524412296561
2015-04-01 10:10:00,5.9882459312839025
2015-04-01 10:15:00,6.306509945750449
2015-04-01 10:20:00,6.445750452079563
2015-04-01 10:25:00,6.4457504520795625
2015-04-01 10:30:00,6.366184448462927
2015-04-01 10:35:00,6.266726943942131
2015-04-01 10:40:00,6.326401446654608
2015-04-01 10:45:00,6.435804701627483
2015-04-01 10:50:00,6.455696202531642
2015-04-01 10:55:00,6.356238698010847
2015-04-01 11:00:00,6.157323688969255
2015-04-01 11:05:00,6.207052441229653
2015-04-01 11:10:00,6.167269439421335
2015-04-01 11:15:00,6.336347197106687
2015-04-01 11:20:00,6.396021699819165
2015-04-01 11:25:00,6.505424954792041
2015-04-01 11:30:00,6.7441229656419495
2015-04-01 11:35:00,6.823688969258586
2015-04-01 11:40:00,7.022603978300178
2015-04-01 11:45:00,6.933092224231461
2015-04-01 11:50:00,6.7441229656419495
2015-04-01 11:55:00,6.823688969258586
2015-04-01 12:00:00,6.903254972875223
2015-04-01 12:05:00,7.360759493670883
2015-04-01 12:10:00,7.798372513562383
2015-04-01 12:15:00,8.11663652802893
2015-04-01 12:20:00,8.10669077757685
2015-04-01 12:25:00,8.166365280289327
2015-04-01 12:30:00,8.216094032549725
2015-04-01 12:35:00,8.285714285714283
2015-04-01 12:40:00,8.265822784810123
2015-04-01 12:45:00,7.858047016274861
2015-04-01 12:50:00,7.4999999999999964
2015-04-01 12:55:00,6.98282097649186
2015-04-01 13:00:00,6.903254972875223
2015-04-01 13:05:00,6.923146473779382
2015-04-01 13:10:00,6.873417721518984
2015-04-01 13:15:00,6.873417721518983
2015-04-01 13:20:00,6.674502712477393
2015-04-01 13:25:00,6.435804701627482
2015-04-01 13:30:00,6.28661844484629
2015-04-01 13:35:00,6.455696202531643
2015-04-01 13:40:00,6.823688969258585
2015-04-01 13:45:00,7.340867992766723
2015-04-01 13:50:00,7.728752260397827
2015-04-01 13:55:00,8.156419529837247
2015-04-01 14:00:00,8.723327305605782
2015-04-01 14:05:00,9.180831826401443
2015-04-01 14:10:00,9.6880650994575
2015-04-01 14:15:00,9.648282097649183
2015-04-01 14:20:00,9.538878842676308
2015-04-01 14:25:00,9.558770343580466
2015-04-01 14:30:00,9.6880650994575
2015-04-01 14:35:00,10.225135623869797
2015-04-01 14:40:00,10.692585895117535
2015-04-01 14:45:00,10.891500904159129
2015-04-01 14:50:00,11.199819168173594
2015-04-01 14:55:00,11.687160940325494
2015-04-01 15:00:00,12.482820976491858
2015-04-01 15:05:00,15.745027124773955
2015-04-01 15:10:00,18.887884267631097
2015-04-01 15:15:00,21.62296564195298
2015-04-01 15:20:00,24.0
2015-04-01 15:25:00,22.985533453887882
2015-04-01 15:30:00,20.797468354430375
2015-04-01 15:35:00,18.141952983725133
2015-04-01 15:40:00,15.068716094032546
2015-04-01 15:45:00,13.029837251356234
2015-04-01 15:50:00,12.025316455696196
2015-04-01 15:55:00,11.448462929475582
2015-04-01 16:00:00,11.209764918625673
2015-04-01 16:05:00,10.921338155515366
2015-04-01 16:10:00,10.543399638336343
2015-04-01 16:15:00,9.996383363471967
2015-04-01 16:20:00,9.439421338155512
2015-04-01 16:25:00,9.02169981916817
2015-04-01 16:30:00,8.713381555153703
2015-04-01 16:35:00,8.54430379746835
2015-04-01 16:40:00,8.623869801084988
2015-04-01 16:45:00,8.912296564195294
2015-04-01 16:50:00,9.69801084990958
2015-04-01 16:55:00,10.414104882459307
2015-04-01 17:00:00,11.428571428571425
2015-04-01 17:05:00,12.622061482820971
2015-04-01 17:10:00,13.865280289330919
2015-04-01 17:15:00,14.790235081374318
2015-04-01 17:20:00,15.028933092224227
2015-04-01 17:25:00,14.710669077757682
2015-04-01 17:30:00,14.004520795660031
2015-04-01 17:35:00,13.646473779385168
2015-04-01 17:40:00,13.755877034358043
2015-04-01 17:45:00,14.30289330922242
2015-04-01 17:50:00,14.999095840867987
2015-04-01 17:55:00,15.615732368896921
2015-04-01 18:00:00,16.04339963833634
2015-04-01 18:05:00,15.86437613019891
2015-04-01 18:10:00,14.919529837251352
2015-04-01 18:15:00,14.094032549728746
2015-04-01 18:20:00,12.960216998191678
2015-04-01 18:25:00,12.572332730560573
2015-04-01 18:30:00,12.701627486437609
2015-04-01 18:35:00,12.999999999999995
2015-04-01 18:40:00,13.785714285714281
2015-04-01 18:45:00,14.193490054249542
2015-04-01 18:50:00,14.481916817359851
2015-04-01 18:55:00,17.057866184448457
2015-04-01 19:00:00,19.405063291139236
2015-04-01 19:05:00,21.6130198915009
2015-04-01 19:10:00,23.552441229656417
2015-04-01 19:15:00,21.563291139240505
2015-04-01 19:20:00,19.444846292947556
2015-04-01 19:25:00,17.216998191681732
2015-04-01 19:30:00,15.566003616636523
2015-04-01 19:35:00,15.148282097649181
2015-04-01 19:40:00,14.959312839059669
2015-04-01 19:45:00,14.641048824593124
2015-04-01 19:50:00,13.954792043399634
2015-04-01 19:55:00,13.13924050632911
2015-04-01 20:00:00,12.492766726943938
2015-04-01 20:05:00,12.264014466546108
2015-04-01 20:10:00,12.393309222423142
2015-04-01 20:15:00,12.761301989150086
2015-04-01 20:20:00,12.721518987341767
2015-04-01 20:25:00,12.234177215189868
2015-04-01 20:30:00,11.398734177215186
2015-04-01 20:35:00,10.583182640144662
2015-04-01 20:40:00,13.57685352622061
2015-04-01 20:45:00,16.839059674502707
2015-04-01 20:50:00,20.330018083182637
2015-04-01 20:55:00,24.0
2015-04-01 21:00:00,24.0
2015-04-01 21:05:00,24.0
2015-04-01 21:10:00,24.0
2015-04-01 21:15:00,24.0
2015-04-01 21:20:00,23.363471971066904
2015-04-01 21:25:00,22.557866184448457
2015-04-01 21:30:00,21.06600361663652
2015-04-01 21:35:00,19.36528028933092
2015-04-01 21:40:00,17.843580470162742
2015-04-01 21:45:00,16.490958408679923
2015-04-01 21:50:00,15.615732368896921
2015-04-01 21:55:00,15.844484629294751
2015-04-01 22:00:00,16.829113924050628
2015-04-01 22:05:00,17.714285714285708
2015-04-01 22:10:00,17.69439421338155
2015-04-01 22:15:00,16.451175406871606
2015-04-01 22:20:00,15.287522603978296
2015-04-01 22:25:00,14.312839059674499
2015-04-01 22:30:00,14.342676311030736
2015-04-01 22:35:00,14.113924050632905
2015-04-01 22:40:00,13.169077757685347
2015-04-01 22:45:00,11.667269439421332
2015-04-01 22:50:00,10.066003616636523
2015-04-01 22:55:00,9.011754068716089
2015-04-01 23:00:00,8.405063291139236
2015-04-01 23:05:00,8.385171790235077
2015-04-01 23:10:00,8.932188065099453
2015-04-01 23:15:00,9.548824593128387
2015-04-01 23:20:00,10.424050632911388
2015-04-01 23:25:00,11.06057866184448
2015-04-01 23:30:00,11.428571428571423
2015-04-01 23:35:00,11.4882459312839
2015-04-01 23:40:00,11.130198915009036
2015-04-01 23:45:00,10.851717902350808
2015-04-01 23:50:00,10.722423146473774
2015-04-01 23:55:00,11.339059674502707
2015-04-02 00:00:00,12.42314647377938
2015-04-02 00:05:00,13.895117540687155
2015-04-02 00:10:00,14.999095840867986
2015-04-02 00:15:00,15.884267631103068
2015-04-02 00:20:00,16.849005424954786
2015-04-02 00:25:00,17.276672694394207
2015-04-02 00:30:00,17.4755877034358
2015-04-02 00:35:00,16.75949367088607
2015-04-02 00:40:00,15.377034358047009
2015-04-02 00:45:00,13.895117540687155
2015-04-02 00:50:00,12.811030741410482
2015-04-02 00:55:00,12.37341772151898
2015-04-02 01:00:00,12.293851717902346
2015-04-02 01:05:00,12.164556962025308
2015-04-02 01:10:00,14.243218806509939
2015-04-02 01:15:00,16.96835443037974
2015-04-02 01:20:00,19.75316455696202
2015-04-02 01:25:00,20.86708860759493
2015-04-02 01:30:00,19.594032549728745
2015-04-02 01:35:00,18.659132007233268
2015-04-02 01:40:00,17.41591320072332
2015-04-02 01:45:00,17.565099457504516
2015-04-02 01:50:00,16.54068716094032
2015-04-02 01:55:00,15.078661844484621
2015-04-02 02:00:00,13.94484629294755
2015-04-02 02:05:00,13.576853526220606
2015-04-02 02:10:00,13.885171790235074
2015-04-02 02:15:00,13.30831826401446
2015-04-02 02:20:00,12.303797468354425
2015-04-02 02:25:00,11.090415913200719
2015-04-02 02:30:00,10.513562386980103
2015-04-02 02:35:00,10.175406871609397
2015-04-02 02:40:00,10.095840867992761
2015-04-02 02:45:00,9.996383363471965
2015-04-02 02:50:00,10.125678119348999
2015-04-02 02:55:00,9.877034358047009
2015-04-02 03:00:00,9.489150090415906
2015-04-02 03:05:00,8.892405063291132
2015-04-02 03:10:00,8.474683544303792
2015-04-02 03:15:00,8.395117540687156
2015-04-02 03:20:00,8.554249547920428
2015-04-02 03:25:00,9.011754068716089
2015-04-02 03:30:00,9.071428571428566
2015-04-02 03:35:00,9.290235081374316
2015-04-02 03:40:00,9.200723327305601
2015-04-02 03:45:00,9.091320072332724
2015-04-02 03:50:00,8.822784810126578
2015-04-02 03:55:00,8.325497287522598
2015-04-02 04:00:00,8.265822784810121
2015-04-02 04:05:00,8.444846292947553
2015-04-02 04:10:00,8.862567811934895
2015-04-02 04:15:00,9.449367088607588
2015-04-02 04:20:00,9.89692585895117
2015-04-02 04:25:00,10.016274864376124
2015-04-02 04:30:00,9.568716094032544
2015-04-02 04:35:00,9.22061482820976
2015-04-02 04:40:00,8.663652802893303
2015-04-02 04:45:00,8.603978300180827
2015-04-02 04:50:00,8.872513562386974
2015-04-02 04:55:00,8.932188065099451
2015-04-02 05:00:00,8.822784810126576
2015-04-02 05:05:00,7.947558770343575
2015-04-02 05:10:00,7.271247739602164
2015-04-02 05:15:00,6.664556962025311
2015-04-02 05:20:00,6.087703435804697
2015-04-02 05:25:00,6.117540687160935
2015-04-02 05:30:00,6.46564195298372
2015-04-02 05:35:00,6.943037974683539
2015-04-02 05:40:00,7.3905967450271195
2015-04-02 05:45:00,7.251356238698006
2015-04-02 05:50:00,6.843580470162743
2015-04-02 05:55:00,6.4855334538878795
2015-04-02 06:00:00,6.286618444846288
2015-04-02 06:05:00,6.2766726943942075
2015-04-02 06:10:00,6.386075949367084
2015-04-02 06:15:00,6.664556962025311
2015-04-02 06:20:00,7.112115732368892
2015-04-02 06:25:00,7.5397830018083125
2015-04-02 06:30:00,7.37070524412296
2015-04-02 06:35:00,6.843580470162744
2015-04-02 06:40:00,6.117540687160934
2015-04-02 06:45:00,5.689873417721514
2015-04-02 06:50:00,5.739602169981912
2015-04-02 06:55:00,5.739602169981912
2015-04-02 07:00:00,5.76943942133815
2015-04-02 07:05:00,5.590415913200718
2015-04-02 07:10:00,5.262206148282092
2015-04-02 07:15:00,5.10307414104882
2015-04-02 07:20:00,4.88426763110307
2015-04-02 07:25:00,4.705244122965636
2015-04-02 07:30:00,4.595840867992761
2015-04-02 07:35:00,4.347197106690772
2015-04-02 07:40:00,4.148282097649181
2015-04-02 07:45:00,4.496383363471966
2015-04-02 07:50:00,5.650090415913196
2015-04-02 07:55:00,7.320976491862563
2015-04-02 08:00:00,8.922242314647372
2015-04-02 08:05:00,9.40958408679927
2015-04-02 08:10:00,8.574141048824586
2015-04-02 08:15:00,6.873417721518981
2015-04-02 08:20:00,5.192585895117535
2015-04-02 08:25:00,4.287522603978295
2015-04-02 08:30:00,3.780289330922237
2015-04-02 08:35:00,3.8200723327305557
2015-04-02 08:40:00,4.098553345388783
2015-04-02 08:45:00,4.297468354430374
2015-04-02 08:50:00,4.605786618444841
2015-04-02 08:55:00,4.844484629294751
2015-04-02 09:00:00,5.043399638336342
2015-04-02 09:05:00,5.252260397830013
2015-04-02 09:10:00,5.282097649186252
2015-04-02 09:15:00,5.391500904159127
2015-04-02 09:20:00,5.500904159132002
2015-04-02 09:25:00,5.441229656419525
2015-04-02 09:30:00,5.451175406871605
2015-04-02 09:35:00,5.361663652802888
2015-04-02 09:40:00,5.272151898734172
2015-04-02 09:45:00,5.3218806509945695
2015-04-02 09:50:00,5.351717902350808
2015-04-02 09:55:00,5.4213381555153655
2015-04-02 10:00:00,5.152802893309217
2015-04-02 10:05:00,4.87432188065099
2015-04-02 10:10:00,4.85443037974683
2015-04-02 10:15:00,4.725135623869796
2015-04-02 10:20:00,4.695298372513557
2015-04-02 10:25:00,4.705244122965636
2015-04-02 10:30:00,4.645569620253159
2015-04-02 10:35:00,4.7649186256781135
2015-04-02 10:40:00,4.834538878842671
2015-04-02 10:45:00,4.993670886075944
2015-04-02 10:50:00,5.053345388788421
2015-04-02 10:55:00,5.222423146473774
2015-04-02 11:00:00,5.650090415913196
2015-04-02 11:05:00,5.799276672694389
2015-04-02 11:10:00,5.898734177215185
2015-04-02 11:15:00,5.908679927667265
2015-04-02 11:20:00,5.77938517179023
2015-04-02 11:25:00,5.918625678119343
2015-04-02 11:30:00,6.037974683544299
2015-04-02 11:35:00,6.087703435804696
2015-04-02 11:40:00,6.077757685352616
2015-04-02 11:45:00,6.157323688969253
2015-04-02 11:50:00,6.66455696202531
2015-04-02 11:55:00,7.201627486437609
2015-04-02 12:00:00,7.768535262206144
2015-04-02 12:05:00,8.126582278481006
2015-04-02 12:10:00,7.82820976491862
2015-04-02 12:15:00,7.529837251356234
2015-04-02 12:20:00,7.231464737793846
2015-04-02 12:25:00,6.9132007233273
2015-04-02 12:30:00,6.783905967450266
2015-04-02 12:35:00,6.386075949367083
2015-04-02 12:40:00,6.545207956600356
2015-04-02 12:45:00,6.624773960216993
2015-04-02 12:50:00,6.9927667269439375
2015-04-02 12:55:00,7.728752260397824
2015-04-02 13:00:00,8.514466546112109
2015-04-02 13:05:00,9.349909584086793
2015-04-02 13:10:00,9.588607594936702
2015-04-02 13:15:00,9.081374321880645
2015-04-02 13:20:00,8.186256781193485
2015-04-02 13:25:00,7.907775768535256
2015-04-02 13:30:00,8.763110307414099
2015-04-02 13:35:00,10.473779385171785
2015-04-02 13:40:00,11.597649186256776
2015-04-02 13:45:00,11.965641952983718
2015-04-02 13:50:00,11.518083182640137
2015-04-02 13:55:00,10.981012658227842
2015-04-02 14:00:00,10.931283905967444
2015-04-02 14:05:00,11.408679927667261
2015-04-02 14:10:00,12.244122965641948
2015-04-02 14:15:00,12.62206148282097
2015-04-02 14:20:00,12.492766726943936
2015-04-02 14:25:00,11.647377938517174
2015-04-02 14:30:00,10.603074141048818
2015-04-02 14:35:00,9.797468354430375
2015-04-02 14:40:00,9.86708860759493
2015-04-02 14:45:00,10.424050632911387
2015-04-02 14:50:00,11.010849909584081
2015-04-02 14:55:00,11.736889692585889
2015-04-02 15:00:00,12.313743218806504
2015-04-02 15:05:00,13.069620253164551
2015-04-02 15:10:00,13.417721518987335
2015-04-02 15:15:00,13.427667269439414
2015-04-02 15:20:00,12.900542495479199
2015-04-02 15:25:00,12.353526220614821
2015-04-02 15:30:00,15.028933092224225
2015-04-02 15:35:00,17.93309222423146
2015-04-02 15:40:00,21.125678119349
2015-04-02 15:45:00,23.03526220614828
2015-04-02 15:50:00,20.966546112115726
2015-04-02 15:55:00,18.281193490054243
2015-04-02 16:00:00,15.884267631103068
2015-04-02 16:05:00,14.362567811934895
2015-04-02 16:10:00,13.905063291139234
2015-04-02 16:15:00,13.56690777576853
2015-04-02 16:20:00,12.721518987341765
2015-04-02 16:25:00,11.935804701627479
2015-04-02 16:30:00,11.339059674502705
2015-04-02 16:35:00,11.657323688969253
2015-04-02 16:40:00,11.876130198915003
2015-04-02 16:45:00,12.214285714285708
2015-04-02 16:50:00,11.94575045207956
2015-04-02 16:55:00,11.796564195298366
2015-04-02 17:00:00,12.15461121157323
2015-04-02 17:05:00,12.373417721518981
2015-04-02 17:10:00,12.681735985533448
2015-04-02 17:15:00,12.303797468354425
2015-04-02 17:20:00,11.786618444846287
2015-04-02 17:25:00,11.160036166365273
2015-04-02 17:30:00,10.742314647377931
2015-04-02 17:35:00,10.414104882459306
2015-04-02 17:40:00,10.264918625678114
2015-04-02 17:45:00,9.956600361663646
2015-04-02 17:50:00,9.996383363471965
2015-04-02 17:55:00,9.767631103074136
2015-04-02 18:00:00,13.09945750452079
2015-04-02 18:05:00,16.74954792043399
2015-04-02 18:10:00,20.21066907775768
2015-04-02 18:15:00,24.0
2015-04-02 18:20:00,24.0
2015-04-02 18:25:00,24.0
2015-04-02 18:30:00,24.0
2015-04-02 18:35:00,23.39330922242314
2015-04-02 18:40:00,22.06057866184448
2015-04-02 18:45:00,20.727848101265817
2015-04-02 18:50:00,20.727848101265817
2015-04-02 18:55:00,21.33453887884267
2015-04-02 19:00:00,22.667269439421332
2015-04-02 19:05:00,24.0
2015-04-02 19:10:00,23.114828209764912
2015-04-02 19:15:00,21.891500904159127
2015-04-02 19:20:00,20.638336347197104
2015-04-02 19:25:00,19.544303797468352
2015-04-02 19:30:00,19.385171790235077
2015-04-02 19:35:00,19.693490054249544
2015-04-02 19:40:00,19.713381555153703
2015-04-02 19:45:00,18.90777576853526
2015-04-02 19:50:00,17.346292947558766
2015-04-02 19:55:00,15.446654611211567
2015-04-02 20:00:00,13.79566003616636
2015-04-02 20:05:00,13.029837251356232
2015-04-02 20:10:00,12.86075949367088
2015-04-02 20:15:00,12.741410488245926
2015-04-02 20:20:00,12.64195298372513
2015-04-02 20:25:00,12.154611211573231
2015-04-02 20:30:00,11.746835443037966
2015-04-02 20:35:00,11.199819168173592
2015-04-02 20:40:00,10.712477396021692
2015-04-02 20:45:00,10.453887884267624
2015-04-02 20:50:00,10.314647377938511
2015-04-02 20:55:00,10.503616636528022
2015-04-02 21:00:00,10.642857142857135
2015-04-02 21:05:00,10.493670886075943
2015-04-02 21:10:00,10.10578661844484
2015-04-02 21:15:00,9.399638336347191
2015-04-02 21:20:00,8.97197106690777
2015-04-02 21:25:00,8.693490054249542
2015-04-02 21:30:00,8.922242314647374
2015-04-02 21:35:00,9.121157323688964
2015-04-02 21:40:00,9.160940325497283
2015-04-02 21:45:00,9.717902350813738
2015-04-02 21:50:00,10.235081374321876
2015-04-02 21:55:00,11.408679927667263
2015-04-02 22:00:00,12.114828209764912
2015-04-02 22:05:00,12.42314647377938
2015-04-02 22:10:00,12.11482820976491
2015-04-02 22:15:00,11.209764918625671
2015-04-02 22:20:00,10.931283905967444
2015-04-02 22:25:00,10.622965641952977
2015-04-02 22:30:00,10.782097649186252
2015-04-02 22:35:00,11.03074141048824
2015-04-02 22:40:00,11.0506329113924
2015-04-02 22:45:00,10.941229656419525
2015-04-02 22:50:00,10.433996383363466
2015-04-02 22:55:00,9.837251356238692
2015-04-02 23:00:00,9.389692585895112
2015-04-02 23:05:00,9.180831826401441
2015-04-02 23:10:00,9.131103074141043
2015-04-02 23:15:00,8.96202531645569
2015-04-02 23:20:00,8.50452079566003
2015-04-02 23:25:00,8.28571428571428
2015-04-02 23:30:00,8.176311030741404
2015-04-02 23:35:00,8.444846292947553
2015-04-02 23:40:00,8.832730560578657
2015-04-02 23:45:00,9.230560578661839
2015-04-02 23:50:00,9.966546112115726
2015-04-02 23:55:00,10.593128390596739
2015-04-03 00:00:00,10.911392405063284
2015-04-03 00:05:00,10.424050632911387
2015-04-03 00:10:00,9.847197106690771
2015-04-03 00:15:00,9.946654611211567
2015-04-03 00:20:00,10.722423146473773
2015-04-03 00:25:00,12.234177215189868
2015-04-03 00:30:00,13.198915009041585
2015-04-03 00:35:00,13.566907775768527
2015-04-03 00:40:00,13.556962025316448
2015-04-03 00:45:00,13.258589511754062
2015-04-03 00:50:00,13.07956600361663
2015-04-03 00:55:00,12.701627486437605
2015-04-03 01:00:00,12.104882459312833
2015-04-03 01:05:00,11.388788426763105
2015-04-03 01:10:00,10.463833634719705
2015-04-03 01:15:00,9.737793851717896
2015-04-03 01:20:00,9.200723327305601
2015-04-03 01:25:00,8.812839059674497
2015-04-03 01:30:00,9.260397830018078
2015-04-03 01:35:00,9.91681735985533
2015-04-03 01:40:00,10.473779385171785
2015-04-03 01:45:00,10.722423146473773
2015-04-03 01:50:00,10.424050632911385
2015-04-03 01:55:00,10.135623869801078
2015-04-03 02:00:00,10.473779385171785
2015-04-03 02:05:00,10.81193490054249
2015-04-03 02:10:00,10.881555153707046
2015-04-03 02:15:00,10.254972875226034
2015-04-03 02:20:00,9.518987341772146
2015-04-03 02:25:00,9.568716094032544
2015-04-03 02:30:00,10.254972875226034
2015-04-03 02:35:00,11.577757685352616
2015-04-03 02:40:00,12.154611211573231
2015-04-03 02:45:00,11.816455696202526
2015-04-03 02:50:00,11.040687160940319
2015-04-03 02:55:00,10.14556962025316
2015-04-03 03:00:00,9.46925858951175
2015-04-03 03:05:00,9.041591320072328
2015-04-03 03:10:00,8.613924050632907
2015-04-03 03:15:00,8.245931283905962
2015-04-03 03:20:00,7.967450271247734
2015-04-03 03:25:00,7.758589511754064
2015-04-03 03:30:00,7.4900542495479145
2015-04-03 03:35:00,7.1916817359855285
2015-04-03 03:40:00,6.952983725135619
2015-04-03 03:45:00,6.853526220614824
2015-04-03 03:50:00,7.032549728752255
2015-04-03 03:55:00,7.410488245931279
2015-04-03 04:00:00,8.096745027124769
2015-04-03 04:05:00,8.673598553345382
2015-04-03 04:10:00,8.922242314647372
2015-04-03 04:15:00,8.703435804701622
2015-04-03 04:20:00,8.216094032549723
2015-04-03 04:25:00,7.917721518987336
2015-04-03 04:30:00,7.82820976491862
2015-04-03 04:35:00,7.679023508137426
2015-04-03 04:40:00,7.499999999999995
2015-04-03 04:45:00,7.012658227848096
2015-04-03 04:50:00,6.644665461121152
2015-04-03 04:55:00,6.624773960216993
2015-04-03 05:00:00,6.69439421338155
2015-04-03 05:05:00,6.783905967450266
2015-04-03 05:10:00,6.714285714285709
2015-04-03 05:15:00,6.356238698010845
2015-04-03 05:20:00,5.799276672694389
2015-04-03 05:25:00,5.461121157323684
2015-04-03 05:30:00,5.451175406871604
2015-04-03 05:35:00,5.5207956600361605
2015-04-03 05:40:00,5.630198915009037
2015-04-03 05:45:00,5.5506329113924
2015-04-03 05:50:00,5.292043399638331
2015-04-03 05:55:00,5.043399638336342
2015-04-03 06:00:00,5.003616636528024
2015-04-03 06:05:00,5.053345388788422
2015-04-03 06:10:00,5.053345388788422
2015-04-03 06:15:00,5.212477396021694
2015-04-03 06:20:00,5.182640144665456
2015-04-03 06:25:00,5.252260397830013
2015-04-03 06:30:00,5.3716094032549675
2015-04-03 06:35:00,5.500904159132002
2015-04-03 06:40:00,5.411392405063286
2015-04-03 06:45:00,5.2721518987341724
2015-04-03 06:50:00,5.0235081374321835
2015-04-03 06:55:00,4.933996383363467
2015-04-03 07:00:00,4.943942133815547
2015-04-03 07:05:00,5.282097649186252
2015-04-03 07:10:00,5.630198915009037
2015-04-03 07:15:00,5.9285714285714235
2015-04-03 07:20:00,6.316455696202526
2015-04-03 07:25:00,6.396021699819163
2015-04-03 07:30:00,6.097649186256776
2015-04-03 07:35:00,5.868896925858946
2015-04-03 07:40:00,5.441229656419525
2015-04-03 07:45:00,5.431283905967445
2015-04-03 07:50:00,5.640144665461116
2015-04-03 07:55:00,5.689873417721513
2015-04-03 08:00:00,5.868896925858946
2015-04-03 08:05:00,5.5506329113924
2015-04-03 08:10:00,5.6202531645569564
2015-04-03 08:15:00,5.311934900542491
2015-04-03 08:20:00,5.451175406871604
2015-04-03 08:25:00,5.341772151898729
2015-04-03 08:30:00,4.924050632911388
2015-04-03 08:35:00,4.585895117540682
2015-04-03 08:40:00,4.118444846292943
2015-04-03 08:45:00,3.9593128390596695
2015-04-03 08:50:00,4.018987341772147
2015-04-03 08:55:00,4.5162748643761255
2015-04-03 09:00:00,4.8643761301989095
2015-04-03 09:05:00,4.924050632911388
2015-04-03 09:10:00,4.983725135623865
2015-04-03 09:15:00,5.31193490054249
2015-04-03 09:20:00,5.679927667269434
2015-04-03 09:25:00,6.266726943942128
2015-04-03 09:30:00,6.396021699819163
2015-04-03 09:35:00,6.047920433996378
2015-04-03 09:40:00,5.580470162748638
2015-04-03 09:45:00,5.09312839059674
2015-04-03 09:50:00,4.983725135623865
2015-04-03 09:55:00,4.804701627486432
2015-04-03 10:00:00,4.764918625678114
2015-04-03 10:05:00,4.904159132007228
2015-04-03 10:10:00,5.063291139240501
2015-04-03 10:15:00,5.490958408679923
2015-04-03 10:20:00,5.669981916817354
2015-04-03 10:25:00,5.759493670886071
2015-04-03 10:30:00,5.610307414104877
2015-04-03 10:35:00,5.749547920433992
2015-04-03 10:40:00,6.147377938517174
2015-04-03 10:45:00,6.863471971066902
2015-04-03 10:50:00,7.420433996383357
2015-04-03 10:55:00,7.430379746835438
2015-04-03 11:00:00,7.301084990958404
2015-04-03 11:05:00,6.962929475587698
2015-04-03 11:10:00,6.793851717902346
2015-04-03 11:15:00,6.803797468354425
2015-04-03 11:20:00,6.714285714285708
2015-04-03 11:25:00,6.45569620253164
2015-04-03 11:30:00,6.515370705244118
2015-04-03 11:35:00,6.306509945750447
2015-04-03 11:40:00,6.207052441229651
2015-04-03 11:45:00,5.868896925858946
2015-04-03 11:50:00,5.5307414104882415
2015-04-03 11:55:00,5.381555153707048
2015-04-03 12:00:00,5.341772151898729
2015-04-03 12:05:00,5.660036166365275
2015-04-03 12:10:00,5.7197106690777515
2015-04-03 12:15:00,5.56057866184448
2015-04-03 12:20:00,5.451175406871604
2015-04-03 12:25:00,5.30198915009041
2015-04-03 12:30:00,5.471066907775763
2015-04-03 12:35:00,6.018083182640139
2015-04-03 12:40:00,6.66455696202531
2015-04-03 12:45:00,7.221518987341767
2015-04-03 12:50:00,7.39059674502712
2015-04-03 12:55:00,7.2911392405063244
2015-04-03 13:00:00,6.6844484629294705
2015-04-03 13:05:00,6.584990958408675
2015-04-03 13:10:00,6.624773960216992
2015-04-03 13:15:00,7.12206148282097
2015-04-03 13:20:00,7.659132007233267
2015-04-03 13:25:00,7.937613019891495
2015-04-03 13:30:00,8.126582278481008
2015-04-03 13:35:00,7.818264014466541
2015-04-03 13:40:00,7.758589511754064
2015-04-03 13:45:00,7.529837251356232
2015-04-03 13:50:00,7.311030741410483
2015-04-03 13:55:00,7.499999999999995
2015-04-03 14:00:00,8.05696202531645
2015-04-03 14:05:00,8.723327305605782
2015-04-03 14:10:00,9.359855334538873
2015-04-03 14:15:00,9.479204339963827
2015-04-03 14:20:00,9.230560578661837
2015-04-03 14:25:00,8.663652802893303
2015-04-03 14:30:00,8.186256781193485
2015-04-03 14:35:00,7.60940325497287
2015-04-03 14:40:00,7.171790235081369
2015-04-03 14:45:00,6.674502712477391
2015-04-03 14:50:00,6.226943942133811
2015-04-03 14:55:00,6.187160940325493
2015-04-03 15:00:00,10.473779385171785
2015-04-03 15:05:00,14.999095840867987
2015-04-03 15:10:00,19.53435804701627
2015-04-03 15:15:00,23.552441229656413
2015-04-03 15:20:00,21.473779385171785
2015-04-03 15:25:00,18.887884267631097
2015-04-03 15:30:00,16.182640144665456
2015-04-03 15:35:00,13.676311030741402
2015-04-03 15:40:00,12.671790235081367
2015-04-03 15:45:00,12.065099457504514
2015-04-03 15:50:00,11.49819168173598
2015-04-03 15:55:00,11.150090415913194
2015-04-03 16:00:00,11.000904159132
2015-04-03 16:05:00,10.901446654611204
2015-04-03 16:10:00,10.503616636528022
2015-04-03 16:15:00,9.827305605786613
2015-04-03 16:20:00,8.96202531645569
2015-04-03 16:25:00,8.613924050632907
2015-04-03 16:30:00,9.46925858951175
2015-04-03 16:35:00,10.861663652802887
2015-04-03 16:40:00,12.224231464737787
2015-04-03 16:45:00,12.532549728752253
2015-04-03 16:50:00,12.13471971066907
2015-04-03 16:55:00,11.577757685352616
2015-04-03 17:00:00,10.921338155515365
2015-04-03 17:05:00,11.140144665461115
2015-04-03 17:10:00,11.160036166365275
2015-04-03 17:15:00,11.229656419529832
2015-04-03 17:20:00,11.418625678119342
2015-04-03 17:25:00,11.368896925858945
2015-04-03 17:30:00,11.23960216998191
2015-04-03 17:35:00,10.951175406871602
2015-04-03 17:40:00,10.613019891500898
2015-04-03 17:45:00,10.125678119348999
2015-04-03 17:50:00,9.608499095840862
2015-04-03 17:55:00,9.717902350813738
2015-04-03 18:00:00,10.52350813743218
2015-04-03 18:05:00,11.657323688969253
2015-04-03 18:10:00,12.910488245931276
2015-04-03 18:15:00,12.950271247739595
2015-04-03 18:20:00,12.323688969258582
2015-04-03 18:25:00,11.408679927667261
2015-04-03 18:30:00,10.493670886075943
2015-04-03 18:35:00,10.036166365280284
2015-04-03 18:40:00,9.64828209764918
2015-04-03 18:45:00,9.379746835443033
2015-04-03 18:50:00,9.757685352622056
2015-04-03 18:55:00,11.169981916817354
2015-04-03 19:00:00,13.686256781193485
2015-04-03 19:05:00,16.51084990958408
2015-04-03 19:10:00,18.480108499095834
2015-04-03 19:15:00,19.395117540687156
2015-04-03 19:20:00,18.679023508137426
2015-04-03 19:25:00,16.9882459312839
2015-04-03 19:30:00,15.725135623869797
2015-04-03 19:35:00,15.038878842676304
2015-04-03 19:40:00,15.108499095840862
2015-04-03 19:45:00,15.81464737793851
2015-04-03 19:50:00,16.172694394213373
2015-04-03 19:55:00,15.963833634719702
2015-04-03 20:00:00,15.267631103074134
2015-04-03 20:05:00,14.064195298372507
2015-04-03 20:10:00,12.910488245931278
2015-04-03 20:15:00,11.786618444846285
2015-04-03 20:20:00,11.110307414104877
2015-04-03 20:25:00,10.742314647377931
2015-04-03 20:30:00,10.145569620253157
2015-04-03 20:35:00,9.399638336347191
2015-04-03 20:40:00,8.434900542495473
2015-04-03 20:45:00,7.599457504520791
2015-04-03 20:50:00,7.181735985533449
2015-04-03 20:55:00,7.052441229656415
2015-04-03 21:00:00,7.181735985533448
2015-04-03 21:05:00,7.211573236889687
2015-04-03 21:10:00,7.171790235081369
2015-04-03 21:15:00,6.9828209764918565
2015-04-03 21:20:00,6.664556962025311
2015-04-03 21:25:00,6.594936708860754
2015-04-03 21:30:00,6.405967450271242
2015-04-03 21:35:00,6.594936708860755
2015-04-03 21:40:00,6.724231464737789
2015-04-03 21:45:00,7.0922242314647335
2015-04-03 21:50:00,7.649186256781189
2015-04-03 21:55:00,7.957504520795655
2015-04-03 22:00:00,8.245931283905962
2015-04-03 22:05:00,8.226039783001802
2015-04-03 22:10:00,8.196202531645564
2015-04-03 22:15:00,8.136528028933085
2015-04-03 22:20:00,8.156419529837246
2015-04-03 22:25:00,8.186256781193485
2015-04-03 22:30:00,8.186256781193485
2015-04-03 22:35:00,8.285714285714281
2015-04-03 22:40:00,10.264918625678114
2015-04-03 22:45:00,12.244122965641946
2015-04-03 22:50:00,14.19349005424954
2015-04-03 22:55:00,14.23327305605786
2015-04-03 23:00:00,12.3634719710669
2015-04-03 23:05:00,10.424050632911385
2015-04-03 23:10:00,8.792947558770338
2015-04-03 23:15:00,8.97197106690777
2015-04-03 23:20:00,8.852622061482815
2015-04-03 23:25:00,8.584086799276667
2015-04-03 23:30:00,7.927667269439416
2015-04-03 23:35:00,7.410488245931279
2015-04-03 23:40:00,7.15189873417721
2015-04-03 23:45:00,6.92314647377938
2015-04-03 23:50:00,6.744122965641948
2015-04-03 23:55:00,6.823688969258584
2015-04-04 00:00:00,6.8336347197106635
2015-04-04 00:05:00,7.1419529837251305
2015-04-04 00:10:00,7.4005424954792
2015-04-04 00:15:00,7.539783001808313
2015-04-04 00:20:00,7.430379746835438
2015-04-04 00:25:00,6.9927667269439375
2015-04-04 00:30:00,6.903254972875221
2015-04-04 00:35:00,6.773960216998186
2015-04-04 00:40:00,6.952983725135619
2015-04-04 00:45:00,7.291139240506324
2015-04-04 00:50:00,7.36075949367088
2015-04-04 00:55:00,7.271247739602164
2015-04-04 01:00:00,7.181735985533449
2015-04-04 01:05:00,7.221518987341767
2015-04-04 01:10:00,7.2911392405063244
2015-04-04 01:15:00,7.559674502712473
2015-04-04 01:20:00,7.768535262206143
2015-04-04 01:25:00,7.639240506329109
2015-04-04 01:30:00,7.320976491862563
2015-04-04 01:35:00,6.624773960216993
2015-04-04 01:40:00,5.998191681735981
2015-04-04 01:45:00,5.650090415913196
2015-04-04 01:50:00,5.988245931283901
2015-04-04 01:55:00,6.545207956600356
2015-04-04 02:00:00,7.211573236889687
2015-04-04 02:05:00,7.4900542495479145
2015-04-04 02:10:00,7.420433996383358
2015-04-04 02:15:00,7.330922242314642
2015-04-04 02:20:00,7.450271247739597
2015-04-04 02:25:00,8.04701627486437
2015-04-04 02:30:00,8.226039783001802
2015-04-04 02:35:00,8.29566003616636
2015-04-04 02:40:00,7.8481012658227804
2015-04-04 02:45:00,7.102169981916812
2015-04-04 02:50:00,6.555153707052436
2015-04-04 02:55:00,6.097649186256776
2015-04-04 03:00:00,5.849005424954786
2015-04-04 03:05:00,6.067811934900537
2015-04-04 03:10:00,6.097649186256776
2015-04-04 03:15:00,6.296564195298368
2015-04-04 03:20:00,6.3363471971066865
2015-04-04 03:25:00,6.2368896925858905
2015-04-04 03:30:00,6.107594936708856
2015-04-04 03:35:00,5.858951175406867
2015-04-04 03:40:00,5.888788426763106
2015-04-04 03:45:00,5.719710669077752
2015-04-04 03:50:00,5.590415913200719
2015-04-04 03:55:00,5.6202531645569564
2015-04-04 04:00:00,5.600361663652798
2015-04-04 04:05:00,5.689873417721514
2015-04-04 04:10:00,5.958408679927661
2015-04-04 04:15:00,5.998191681735981
2015-04-04 04:20:00,5.739602169981911
2015-04-04 04:25:00,5.31193490054249
2015-04-04 04:30:00,5.073236889692581
2015-04-04 04:35:00,4.953887884267625
2015-04-04 04:40:00,4.963833634719705
2015-04-04 04:45:00,4.914104882459307
2015-04-04 04:50:00,4.585895117540682
2015-04-04 04:55:00,4.267631103074136
2015-04-04 05:00:00,4.1084990958408625
2015-04-04 05:05:00,4.277576853526216
2015-04-04 05:10:00,4.585895117540682
2015-04-04 05:15:00,4.834538878842671
2015-04-04 05:20:00,5.063291139240501
2015-04-04 05:25:00,4.953887884267625
2015-04-04 05:30:00,5.023508137432183
2015-04-04 05:35:00,5.1229656419529785
2015-04-04 05:40:00,5.1726943942133765
2015-04-04 05:45:00,5.421338155515366
2015-04-04 05:50:00,5.381555153707048
2015-04-04 05:55:00,5.31193490054249
2015-04-04 06:00:00,5.232368896925854
2015-04-04 06:05:00,5.083182640144661
2015-04-04 06:10:00,4.88426763110307
2015-04-04 06:15:00,4.894213381555149
2015-04-04 06:20:00,4.814647377938512
2015-04-04 06:25:00,4.695298372513557
2015-04-04 06:30:00,4.446654611211568
2015-04-04 06:35:00,4.068716094032545
2015-04-04 06:40:00,3.9593128390596695
2015-04-04 06:45:00,3.979204339963829
2015-04-04 06:50:00,4.337251356238692
2015-04-04 06:55:00,4.585895117540682
2015-04-04 07:00:00,4.4665461121157275
2015-04-04 07:05:00,4.496383363471966
2015-04-04 07:10:00,4.386980108499091
2015-04-04 07:15:00,4.347197106690773
2015-04-04 07:20:00,4.506329113924046
2015-04-04 07:25:00,4.40687160940325
2015-04-04 07:30:00,4.39692585895117
2015-04-04 07:35:00,4.357142857142852
2015-04-04 07:40:00,4.426763110307409
2015-04-04 07:45:00,4.39692585895117
2015-04-04 07:50:00,4.546112115732364
2015-04-04 07:55:00,4.63562386980108
2015-04-04 08:00:00,4.6654611211573185
2015-04-04 08:05:00,4.6157323688969205
2015-04-04 08:10:00,4.496383363471965
2015-04-04 08:15:00,4.476491862567807
2015-04-04 08:20:00,4.367088607594932
2015-04-04 08:25:00,4.476491862567807
2015-04-04 08:30:00,4.476491862567807
2015-04-04 08:35:00,4.207956600361658
2015-04-04 08:40:00,4.317359855334534
2015-04-04 08:45:00,4.7151898734177164
2015-04-04 08:50:00,5.252260397830013
2015-04-04 08:55:00,5.988245931283901
2015-04-04 09:00:00,6.326401446654606
2015-04-04 09:05:00,6.256781193490049
2015-04-04 09:10:00,5.99819168173598
2015-04-04 09:15:00,5.490958408679922
2015-04-04 09:20:00,5.073236889692581
2015-04-04 09:25:00,4.63562386980108
2015-04-04 09:30:00,4.297468354430374
2015-04-04 09:35:00,4.287522603978295
2015-04-04 09:40:00,4.1582278481012604
2015-04-04 09:45:00,4.257685352622056
2015-04-04 09:50:00,4.068716094032545
2015-04-04 09:55:00,3.989150090415908
2015-04-04 10:00:00,3.989150090415908
2015-04-04 10:05:00,3.889692585895112
2015-04-04 10:10:00,4.009041591320067
2015-04-04 10:15:00,3.830018083182635
2015-04-04 10:20:00,3.7902350813743166
2015-04-04 10:25:00,3.561482820976486
2015-04-04 10:30:00,3.6012658227848044
2015-04-04 10:35:00,3.6112115732368846
2015-04-04 10:40:00,3.631103074141044
2015-04-04 10:45:00,3.830018083182635
2015-04-04 10:50:00,3.879746835443033
2015-04-04 10:55:00,3.8399638336347146
2015-04-04 11:00:00,3.571428571428566
2015-04-04 11:05:00,3.7106690777576796
2015-04-04 11:10:00,3.8698010849909528
2015-04-04 11:15:00,4.357142857142852
2015-04-04 11:20:00,4.645569620253159
2015-04-04 11:25:00,4.645569620253159
2015-04-04 11:30:00,4.506329113924045
2015-04-04 11:35:00,4.227848101265818
2015-04-04 11:40:00,4.287522603978295
2015-04-04 11:45:00,4.188065099457499
2015-04-04 11:50:00,4.307414104882454
2015-04-04 11:55:00,4.695298372513557
2015-04-04 12:00:00,5.2224231464737745
2015-04-04 12:05:00,6.22694394213381
2015-04-04 12:10:00,6.893309222423142
2015-04-04 12:15:00,7.171790235081369
2015-04-04 12:20:00,7.201627486437607
2015-04-04 12:25:00,6.863471971066902
2015-04-04 12:30:00,6.893309222423141
2015-04-04 12:35:00,7.122061482820971
2015-04-04 12:40:00,7.251356238698006
2015-04-04 12:45:00,7.311030741410483
2015-04-04 12:50:00,7.122061482820971
2015-04-04 12:55:00,7.112115732368892
2015-04-04 13:00:00,7.4403254972875175
2015-04-04 13:05:00,7.659132007233268
2015-04-04 13:10:00,7.8381555153707
2015-04-04 13:15:00,9.230560578661839
2015-04-04 13:20:00,10.205244122965636
2015-04-04 13:25:00,11.567811934900536
2015-04-04 13:30:00,11.100361663652796
2015-04-04 13:35:00,9.270343580470158
2015-04-04 13:40:00,7.778481012658223
2015-04-04 13:45:00,6.147377938517173
2015-04-04 13:50:00,6.475587703435799
2015-04-04 13:55:00,6.3264014466546055
2015-04-04 14:00:00,6.405967450271242
2015-04-04 14:05:00,6.256781193490049
2015-04-04 14:10:00,6.366184448462924
2015-04-04 14:15:00,6.853526220614823
2015-04-04 14:20:00,7.072332730560573
2015-04-04 14:25:00,7.420433996383358
2015-04-04 14:30:00,7.181735985533448
2015-04-04 14:35:00,6.952983725135619
2015-04-04 14:40:00,6.425858951175401
2015-04-04 14:45:00,6.1274864376130145
2015-04-04 14:50:00,6.147377938517173
2015-04-04 14:55:00,6.207052441229651
2015-04-04 15:00:00,6.405967450271243
2015-04-04 15:05:00,6.674502712477391
2015-04-04 15:10:00,7.0424954792043355
2015-04-04 15:15:00,7.549728752260393
2015-04-04 15:20:00,7.82820976491862
2015-04-04 15:25:00,7.59945750452079
2015-04-04 15:30:00,7.529837251356232
2015-04-04 15:35:00,7.430379746835437
2015-04-04 15:40:00,7.619349005424949
2015-04-04 15:45:00,7.907775768535256
2015-04-04 15:50:00,8.415009041591315
2015-04-04 15:55:00,8.97197106690777
2015-04-04 16:00:00,12.970162748643755
2015-04-04 16:05:00,17.067811934900536
2015-04-04 16:10:00,20.64828209764918
2015-04-04 16:15:00,23.4629294755877
2015-04-04 16:20:00,23.443037974683538
2015-04-04 16:25:00,23.443037974683538
2015-04-04 16:30:00,23.443037974683538
2015-04-04 16:35:00,21.931283905967444
2015-04-04 16:40:00,19.773056057866178
2015-04-04 16:45:00,19.773056057866178
2015-04-04 16:50:00,19.773056057866178
2015-04-04 16:55:00,21.82188065099457
2015-04-04 17:00:00,22.9258589511754
2015-04-04 17:05:00,20.60849909584086
2015-04-04 17:10:00,17.87341772151898
2015-04-04 17:15:00,14.849909584086792
2015-04-04 17:20:00,12.761301989150084
2015-04-04 17:25:00,11.70705244122965
2015-04-04 17:30:00,11.120253164556956
2015-04-04 17:35:00,10.891500904159125
2015-04-04 17:40:00,10.742314647377931
2015-04-04 17:45:00,10.891500904159127
2015-04-04 17:50:00,10.792043399638331
2015-04-04 17:55:00,10.642857142857137
2015-04-04 18:00:00,10.314647377938511
2015-04-04 18:05:00,9.65822784810126
2015-04-04 18:10:00,9.240506329113918
2015-04-04 18:15:00,8.723327305605782
2015-04-04 18:20:00,8.574141048824588
2015-04-04 18:25:00,9.419529837251352
2015-04-04 18:30:00,10.165461121157318
2015-04-04 18:35:00,10.841772151898727
2015-04-04 18:40:00,10.30470162748643
2015-04-04 18:45:00,9.091320072332724
2015-04-04 18:50:00,8.186256781193485
2015-04-04 18:55:00,7.609403254972869
2015-04-04 19:00:00,8.176311030741406
2015-04-04 19:05:00,8.454792043399634
2015-04-04 19:10:00,8.52441229656419
2015-04-04 19:15:00,8.206148282097644
2015-04-04 19:20:00,7.957504520795655
2015-04-04 19:25:00,7.84810126582278
2015-04-04 19:30:00,7.977396021699814
2015-04-04 19:35:00,7.977396021699814
2015-04-04 19:40:00,7.6989150090415865
2015-04-04 19:45:00,7.420433996383358
2015-04-04 19:50:00,6.674502712477391
2015-04-04 19:55:00,6.25678119349005
2015-04-04 20:00:00,5.918625678119343
2015-04-04 20:05:00,5.739602169981912
2015-04-04 20:10:00,5.490958408679923
2015-04-04 20:15:00,5.6202531645569564
2015-04-04 20:20:00,5.868896925858946
2015-04-04 20:25:00,6.187160940325493
2015-04-04 20:30:00,6.495479204339958
2015-04-04 20:35:00,6.584990958408674
2015-04-04 20:40:00,6.555153707052436
2015-04-04 20:45:00,6.405967450271242
2015-04-04 20:50:00,8.454792043399634
2015-04-04 20:55:00,12.512658227848096
2015-04-04 21:00:00,16.46112115732368
2015-04-04 21:05:00,18.74864376130198
2015-04-04 21:10:00,17.19710669077757
2015-04-04 21:15:00,13.52712477396021
2015-04-04 21:20:00,10.006329113924044
2015-04-04 21:25:00,7.9376130198914945
2015-04-04 21:30:00,8.96202531645569
2015-04-04 21:35:00,11.368896925858945
2015-04-04 21:40:00,14.780289330922237
2015-04-04 21:45:00,17.19710669077757
2015-04-04 21:50:00,17.40596745027124
2015-04-04 21:55:00,15.476491862567803
2015-04-04 22:00:00,12.82097649186256
2015-04-04 22:05:00,10.811934900542488
2015-04-04 22:10:00,9.588607594936704
2015-04-04 22:15:00,8.663652802893303
2015-04-04 22:20:00,7.4303797468354364
2015-04-04 22:25:00,6.823688969258583
2015-04-04 22:30:00,6.435804701627481
2015-04-04 22:35:00,6.545207956600356
2015-04-04 22:40:00,6.793851717902346
2015-04-04 22:45:00,7.002712477396015
2015-04-04 22:50:00,7.072332730560572
2015-04-04 22:55:00,7.072332730560572
2015-04-04 23:00:00,7.12206148282097
2015-04-04 23:05:00,7.122061482820971
2015-04-04 23:10:00,7.311030741410482
2015-04-04 23:15:00,7.2314647377938455
2015-04-04 23:20:00,6.754068716094026
2015-04-04 23:25:00,6.19710669077757
2015-04-04 23:30:00,5.650090415913195
2015-04-04 23:35:00,5.451175406871604
2015-04-04 23:40:00,5.590415913200718
2015-04-04 23:45:00,5.77938517179023
2015-04-04 23:50:00,6.037974683544297
2015-04-04 23:55:00,6.455696202531639
2015-04-05 00:00:00,7.132007233273049
2015-04-05 00:05:00,7.698915009041585
2015-04-05 00:10:00,7.549728752260392
2015-04-05 00:15:00,7.231464737793845
2015-04-05 00:20:00,6.793851717902345
2015-04-05 00:25:00,6.793851717902346
2015-04-05 00:30:00,7.380650994575039
2015-04-05 00:35:00,8.076853526220608
2015-04-05 00:40:00,8.444846292947553
2015-04-05 00:45:00,8.434900542495473
2015-04-05 00:50:00,8.474683544303792
2015-04-05 00:55:00,8.166365280289327
2015-04-05 01:00:00,8.226039783001802
2015-04-05 01:05:00,7.748643761301984
2015-04-05 01:10:00,7.440325497287517
2015-04-05 01:15:00,6.843580470162743
2015-04-05 01:20:00,6.306509945750446
2015-04-05 01:25:00,6.3761301989150025
2015-04-05 01:30:00,6.306509945750446
2015-04-05 01:35:00,6.9330922242314585
2015-04-05 01:40:00,7.251356238698005
2015-04-05 01:45:00,7.509945750452074
2015-04-05 01:50:00,7.718806509945744
2015-04-05 01:55:00,7.4303797468354364
2015-04-05 02:00:00,7.141952983725129
2015-04-05 02:05:00,6.614828209764912
2015-04-05 02:10:00,5.97830018083182
2015-04-05 02:15:00,5.351717902350807
2015-04-05 02:20:00,4.814647377938511
2015-04-05 02:25:00,4.735081374321875
2015-04-05 02:30:00,4.884267631103068
2015-04-05 02:35:00,5.252260397830012
2015-04-05 02:40:00,5.381555153707046
2015-04-05 02:45:00,5.272151898734171
2015-04-05 02:50:00,5.08318264014466
2015-04-05 02:55:00,5.113019891500898
2015-04-05 03:00:00,5.262206148282091
2015-04-05 03:05:00,5.391500904159125
2015-04-05 03:10:00,5.739602169981911
2015-04-05 03:15:00,6.117540687160934
2015-04-05 03:20:00,6.565099457504514
2015-04-05 03:25:00,7.022603978300175
2015-04-05 03:30:00,6.923146473779378
2015-04-05 03:35:00,6.505424954792037
2015-04-05 03:40:00,6.018083182640138
2015-04-05 03:45:00,5.660036166365273
2015-04-05 03:50:00,5.560578661844479
2015-04-05 03:55:00,5.500904159132
2015-04-05 04:00:00,5.73960216998191
2015-04-05 04:05:00,5.888788426763105
2015-04-05 04:10:00,6.0678119349005355
2015-04-05 04:15:00,6.107594936708854
2015-04-05 04:20:00,5.99819168173598
2015-04-05 04:25:00,5.97830018083182
2015-04-05 04:30:00,5.888788426763105
2015-04-05 04:35:00,5.829113924050627
2015-04-05 04:40:00,5.411392405063285
2015-04-05 04:45:00,5.103074141048819
2015-04-05 04:50:00,4.924050632911387
2015-04-05 04:55:00,4.963833634719705
2015-04-05 05:00:00,5.401446654611205
2015-04-05 05:05:00,5.590415913200717
2015-04-05 05:10:00,5.679927667269433
2015-04-05 05:15:00,5.610307414104876
2015-04-05 05:20:00,5.30198915009041
2015-04-05 05:25:00,4.993670886075944
2015-04-05 05:30:00,4.735081374321875
2015-04-05 05:35:00,4.645569620253159
2015-04-05 05:40:00,4.625678119348999
2015-04-05 05:45:00,4.655515370705238
2015-04-05 05:50:00,4.943942133815545
2015-04-05 05:55:00,5.311934900542489
2015-04-05 06:00:00,5.938517179023502
2015-04-05 06:05:00,6.555153707052436
2015-04-05 06:10:00,6.694394213381549
2015-04-05 06:15:00,6.2269439421338095
2015-04-05 06:20:00,5.540687160940319
2015-04-05 06:25:00,5.05334538878842
2015-04-05 06:30:00,4.814647377938511
2015-04-05 06:35:00,5.152802893309216
2015-04-05 06:40:00,5.441229656419524
2015-04-05 06:45:00,5.451175406871603
2015-04-05 06:50:00,5.232368896925853
2015-04-05 06:55:00,4.904159132007226
2015-04-05 07:00:00,4.784810126582272
2015-04-05 07:05:00,4.933996383363466
2015-04-05 07:10:00,5.023508137432182
2015-04-05 07:15:00,5.093128390596739
2015-04-05 07:20:00,5.003616636528023
2015-04-05 07:25:00,4.854430379746829
2015-04-05 07:30:00,4.943942133815545
2015-04-05 07:35:00,4.85443037974683
2015-04-05 07:40:00,5.182640144665455
2015-04-05 07:45:00,5.391500904159126
2015-04-05 07:50:00,5.620253164556956
2015-04-05 07:55:00,5.719710669077752
2015-04-05 08:00:00,5.321880650994569
2015-04-05 08:05:00,4.804701627486431
2015-04-05 08:10:00,4.396925858951169
2015-04-05 08:15:00,4.0985533453887815
2015-04-05 08:20:00,3.770343580470157
2015-04-05 08:25:00,3.6410488245931223
2015-04-05 08:30:00,3.4719710669077695
2015-04-05 08:35:00,3.551537070524406
2015-04-05 08:40:00,3.69077757685352
2015-04-05 08:45:00,3.720614828209759
2015-04-05 08:50:00,3.5813743218806446
2015-04-05 08:55:00,3.392405063291133
2015-04-05 09:00:00,3.3526220614828146
2015-04-05 09:05:00,3.4421338155515304
2015-04-05 09:10:00,3.571428571428565
2015-04-05 09:15:00,3.7902350813743153
2015-04-05 09:20:00,3.9593128390596686
2015-04-05 09:25:00,4.088607594936703
2015-04-05 09:30:00,4.317359855334533
2015-04-05 09:35:00,4.466546112115726
2015-04-05 09:40:00,4.446654611211567
2015-04-05 09:45:00,4.486437613019886
2015-04-05 09:50:00,4.486437613019886
2015-04-05 09:55:00,4.476491862567806
2015-04-05 10:00:00,4.595840867992761
2015-04-05 10:05:00,4.824593128390591
2015-04-05 10:10:00,4.973779385171784
2015-04-05 10:15:00,5.500904159132001
2015-04-05 10:20:00,5.878842676311025
2015-04-05 10:25:00,5.97830018083182
2015-04-05 10:30:00,5.699819168173592
2015-04-05 10:35:00,4.943942133815545
2015-04-05 10:40:00,4.436708860759488
2015-04-05 10:45:00,3.9792043399638275
2015-04-05 10:50:00,4.018987341772146
2015-04-05 10:55:00,4.327305605786613
2015-04-05 11:00:00,4.486437613019886
2015-04-05 11:05:00,4.834538878842671
2015-04-05 11:10:00,5.093128390596739
2015-04-05 11:15:00,5.142857142857137
2015-04-05 11:20:00,5.242314647377933
2015-04-05 11:25:00,5.132911392405057
2015-04-05 11:30:00,4.983725135623864
2015-04-05 11:35:00,5.192585895117535
2015-04-05 11:40:00,5.2124773960216935
2015-04-05 11:45:00,5.391500904159126
2015-04-05 11:50:00,5.202531645569614
2015-04-05 11:55:00,4.824593128390591
2015-04-05 12:00:00,4.3571428571428505
2015-04-05 12:05:00,4.048824593128384
2015-04-05 12:10:00,4.128390596745021
2015-04-05 12:15:00,4.247739602169976
2015-04-05 12:20:00,4.456600361663647
2015-04-05 12:25:00,4.735081374321875
2015-04-05 12:30:00,4.914104882459307
2015-04-05 12:35:00,4.804701627486431
2015-04-05 12:40:00,4.60578661844484
2015-04-05 12:45:00,4.327305605786613
2015-04-05 12:50:00,4.198010849909578
2015-04-05 12:55:00,4.416817359855329
2015-04-05 13:00:00,5.132911392405057
2015-04-05 13:05:00,5.53074141048824
2015-04-05 13:10:00,5.918625678119343
2015-04-05 13:15:00,5.709764918625672
2015-04-05 13:20:00,5.650090415913195
2015-04-05 13:25:00,5.660036166365274
2015-04-05 13:30:00,5.809222423146467
2015-04-05 13:35:00,6.2269439421338095
2015-04-05 13:40:00,6.216998191681729
2015-04-05 13:45:00,6.20705244122965
2015-04-05 13:50:00,6.077757685352616
2015-04-05 13:55:00,6.047920433996376
2015-04-05 14:00:00,6.5253164556961964
2015-04-05 14:05:00,6.744122965641947
2015-04-05 14:10:00,6.9828209764918565
2015-04-05 14:15:00,6.903254972875219
2015-04-05 14:20:00,6.256781193490048
2015-04-05 14:25:00,5.6699819168173535
2015-04-05 14:30:00,5.142857142857137
2015-04-05 14:35:00,4.993670886075943
2015-04-05 14:40:00,5.07323688969258
2015-04-05 14:45:00,5.580470162748638
2015-04-05 14:50:00,6.028028933092218
2015-04-05 14:55:00,6.256781193490048
2015-04-05 15:00:00,6.555153707052435
2015-04-05 15:05:00,6.783905967450265
2015-04-05 15:10:00,7.102169981916811
2015-04-05 15:15:00,7.11211573236889
2015-04-05 15:20:00,6.883363471971061
2015-04-05 15:25:00,6.316455696202525
2015-04-05 15:30:00,5.6202531645569564
2015-04-05 15:35:00,5.51084990958408
2015-04-05 15:40:00,5.421338155515365
2015-04-05 15:45:00,5.481012658227842
2015-04-05 15:50:00,5.620253164556956
2015-04-05 15:55:00,5.978300180831821
2015-04-05 16:00:00,6.346292947558764
2015-04-05 16:05:00,7.36075949367088
2015-04-05 16:10:00,8.424954792043394
2015-04-05 16:15:00,9.250452079565997
2015-04-05 16:20:00,9.538878842676304
2015-04-05 16:25:00,9.170886075949362
2015-04-05 16:30:00,8.385171790235075
2015-04-05 16:35:00,7.639240506329108
2015-04-05 16:40:00,7.539783001808312
2015-04-05 16:45:00,7.947558770343575
2015-04-05 16:50:00,8.812839059674495
2015-04-05 16:55:00,9.628390596745021
2015-04-05 17:00:00,10.284810126582272
2015-04-05 17:05:00,10.334538878842668
2015-04-05 17:10:00,10.125678119348999
2015-04-05 17:15:00,10.075949367088601
2015-04-05 17:20:00,9.986437613019884
2015-04-05 17:25:00,10.115732368896918
2015-04-05 17:30:00,9.797468354430373
2015-04-05 17:35:00,8.98191681735985
2015-04-05 17:40:00,8.196202531645563
2015-04-05 17:45:00,7.221518987341765
2015-04-05 17:50:00,6.455696202531639
2015-04-05 17:55:00,8.285714285714278
2015-04-05 18:00:00,11.547920433996376
2015-04-05 18:05:00,15.884267631103068
2015-04-05 18:10:00,18.350813743218797
2015-04-05 18:15:00,17.46564195298372
2015-04-05 18:20:00,14.790235081374314
2015-04-05 18:25:00,11.408679927667263
2015-04-05 18:30:00,10.35443037974683
2015-04-05 18:35:00,10.195298372513555
2015-04-05 18:40:00,10.205244122965635
2015-04-05 18:45:00,9.797468354430372
2015-04-05 18:50:00,9.220614828209758
2015-04-05 18:55:00,8.554249547920428
2015-04-05 19:00:00,8.24593128390596
2015-04-05 19:05:00,8.24593128390596
2015-04-05 19:10:00,12.124773960216991
2015-04-05 19:15:00,16.212477396021693
2015-04-05 19:20:00,20.18083182640144
2015-04-05 19:25:00,23.950271247739593
2015-04-05 19:30:00,22.160036166365273
2015-04-05 19:35:00,19.68354430379746
2015-04-05 19:40:00,16.679927667269432
2015-04-05 19:45:00,13.377938517179016
2015-04-05 19:50:00,11.408679927667261
2015-04-05 19:55:00,10.324593128390589
2015-04-05 20:00:00,9.608499095840862
2015-04-05 20:05:00,9.210669077757679
2015-04-05 20:10:00,9.071428571428566
2015-04-05 20:15:00,8.554249547920428
2015-04-05 20:20:00,8.126582278481006
2015-04-05 20:25:00,7.688969258589506
2015-04-05 20:30:00,7.271247739602164
2015-04-05 20:35:00,7.281193490054243
2015-04-05 20:40:00,7.36075949367088
2015-04-05 20:45:00,8.24593128390596
2015-04-05 20:50:00,9.260397830018075
2015-04-05 20:55:00,10.215189873417714
2015-04-05 21:00:00,10.652802893309216
2015-04-05 21:05:00,10.483725135623862
2015-04-05 21:10:00,9.877034358047009
2015-04-05 21:15:00,8.623869801084984
2015-04-05 21:20:00,7.8381555153706985
2015-04-05 21:25:00,6.793851717902344
2015-04-05 21:30:00,6.2269439421338095
2015-04-05 21:35:00,5.958408679927661
2015-04-05 21:40:00,5.898734177215183
2015-04-05 21:45:00,5.888788426763105
2015-04-05 21:50:00,5.9683544303797404
2015-04-05 21:55:00,6.425858951175401
2015-04-05 22:00:00,6.764014466546106
2015-04-05 22:05:00,6.9330922242314585
2015-04-05 22:10:00,7.072332730560573
2015-04-05 22:15:00,7.340867992766721
2015-04-05 22:20:00,7.718806509945745
2015-04-05 22:25:00,8.484629294755873
2015-04-05 22:30:00,9.250452079565997
2015-04-05 22:35:00,9.41952983725135
2015-04-05 22:40:00,9.339963833634714
2015-04-05 22:45:00,8.53435804701627
2015-04-05 22:50:00,7.390596745027119
2015-04-05 22:55:00,6.286618444846287
2015-04-05 23:00:00,5.650090415913194
2015-04-05 23:05:00,5.709764918625672
2015-04-05 23:10:00,5.799276672694388
2015-04-05 23:15:00,5.888788426763104
2015-04-05 23:20:00,5.540687160940319
2015-04-05 23:25:00,5.0632911392405
2015-04-05 23:30:00,4.695298372513557
2015-04-05 23:35:00,4.526220614828204
2015-04-05 23:40:00,4.337251356238692
2015-04-05 23:45:00,4.297468354430374
2015-04-05 23:50:00,4.337251356238692
2015-04-05 23:55:00,4.396925858951169
2015-04-06 00:00:00,4.426763110307408
2015-04-06 00:05:00,4.247739602169975
2015-04-06 00:10:00,4.217902350813737
2015-04-06 00:15:00,4.1383363471971
2015-04-06 00:20:00,4.247739602169976
2015-04-06 00:25:00,4.227848101265817
2015-04-06 00:30:00,4.1084990958408625
2015-04-06 00:35:00,4.128390596745021
2015-04-06 00:40:00,4.068716094032544
2015-04-06 00:45:00,4.108499095840862
2015-04-06 00:50:00,4.5063291139240444
2015-04-06 00:55:00,4.83453887884267
2015-04-06 01:00:00,5.30198915009041
2015-04-06 01:05:00,5.461121157323683
2015-04-06 01:10:00,5.093128390596739
2015-04-06 01:15:00,4.665461121157318
2015-04-06 01:20:00,4.0985533453887815
2015-04-06 01:25:00,4.088607594936702
2015-04-06 01:30:00,4.198010849909577
2015-04-06 01:35:00,4.277576853526215
2015-04-06 01:40:00,4.476491862567806
2015-04-06 01:45:00,4.436708860759488
2015-04-06 01:50:00,4.416817359855329
2015-04-06 01:55:00,9.359855334538873
2015-04-06 02:00:00,14.193490054249542
2015-04-06 02:05:00,19.09674502712477
2015-04-06 02:10:00,24.0
2015-04-06 02:15:00,24.0
2015-04-06 02:20:00,24.0
2015-04-06 02:25:00,24.0
2015-04-06 02:30:00,23.81103074141048
2015-04-06 02:35:00,22.896021699819162
2015-04-06 02:40:00,20.87703435804701
2015-04-06 02:45:00,18.3508137432188
2015-04-06 02:50:00,15.566003616636522
2015-04-06 02:55:00,13.159132007233264
2015-04-06 03:00:00,11.528028933092218
2015-04-06 03:05:00,10.881555153707046
2015-04-06 03:10:00,10.632911392405056
2015-04-06 03:15:00,10.81193490054249
2015-04-06 03:20:00,10.821880650994569
2015-04-06 03:25:00,10.215189873417716
2015-04-06 03:30:00,9.688065099457498
2015-04-06 03:35:00,8.892405063291132
2015-04-06 03:40:00,9.041591320072326
2015-04-06 03:45:00,9.916817359855328
2015-04-06 03:50:00,10.732368896925852
2015-04-06 03:55:00,11.199819168173592
2015-04-06 04:00:00,10.672694394213377
2015-04-06 04:05:00,9.578661844484623
2015-04-06 04:10:00,8.514466546112109
2015-04-06 04:15:00,7.529837251356232
2015-04-06 04:20:00,7.11211573236889
2015-04-06 04:25:00,6.545207956600355
2015-04-06 04:30:00,5.928571428571423
2015-04-06 04:35:00,5.481012658227842
2015-04-06 04:40:00,4.953887884267625
2015-04-06 04:45:00,4.546112115732363
2015-04-06 04:50:00,4.14828209764918
2015-04-06 04:55:00,4.098553345388783
2015-04-06 05:00:00,4.148282097649181
2015-04-06 05:05:00,4.277576853526215
2015-04-06 05:10:00,4.287522603978295
2015-04-06 05:15:00,4.1084990958408625
2015-04-06 05:20:00,3.790235081374316
2015-04-06 05:25:00,3.3227848101265764
2015-04-06 05:30:00,3.0840867992766667
2015-04-06 05:35:00,3.024412296564189
2015-04-06 05:40:00,3.0641952983725074
2015-04-06 05:45:00,3.1238698010849846
2015-04-06 05:50:00,3.0443037974683484
2015-04-06 05:55:00,3.094032549728746
2015-04-06 06:00:00,3.253164556962019
2015-04-06 06:05:00,3.4620253164556902
2015-04-06 06:10:00,3.740506329113918
2015-04-06 06:15:00,3.6907775768535203
2015-04-06 06:20:00,3.5117540687160878
2015-04-06 06:25:00,3.1835443037974622
2015-04-06 06:30:00,2.885171790235075
2015-04-06 06:35:00,2.6663652802893245
2015-04-06 06:40:00,2.3779385171790173
2015-04-06 06:45:00,2.2486437613019827
2015-04-06 06:50:00,2.0895117540687096
2015-04-06 06:55:00,2.0
2015-04-06 07:00:00,2.0
2015-04-06 07:05:00,2.059674502712471
2015-04-06 07:10:00,2.218806509945744
2015-04-06 07:15:00,2.3779385171790173
2015-04-06 07:20:00,2.457504520795654
2015-04-06 07:25:00,2.4376130198914945
2015-04-06 07:30:00,2.2983725135623807
2015-04-06 07:35:00,2.198915009041585
2015-04-06 07:40:00,2.1989150090415848
2015-04-06 07:45:00,2.3481012658227787
2015-04-06 07:50:00,2.517179023508131
2015-04-06 07:55:00,2.696202531645563
2015-04-06 08:00:00,2.765822784810121
2015-04-06 08:05:00,2.755877034358041
2015-04-06 08:10:00,2.8354430379746773
2015-04-06 08:15:00,2.875226039782996
2015-04-06 08:20:00,2.9448462929475525
2015-04-06 08:25:00,3.024412296564189
2015-04-06 08:30:00,3.0045207956600297
2015-04-06 08:35:00,3.00452079566003
2015-04-06 08:40:00,2.8056057866184383
2015-04-06 08:45:00,2.5470162748643697
2015-04-06 08:50:00,2.2983725135623807
2015-04-06 08:55:00,2.1889692585895055
2015-04-06 09:00:00,2.3978300180831766
2015-04-06 09:05:00,2.5171790235081315
2015-04-06 09:10:00,2.5171790235081315
2015-04-06 09:15:00,2.3481012658227787
2015-04-06 09:20:00,2.1392405063291076
2015-04-06 09:25:00,2.2386980108499035
2015-04-06 09:30:00,2.4873417721518924
2015-04-06 09:35:00,2.5967450271247676
2015-04-06 09:40:00,2.5768535262206087
2015-04-06 09:45:00,2.3679927667269376
2015-04-06 09:50:00,2.2585895117540624
2015-04-06 09:55:00,2.467450271247733
2015-04-06 10:00:00,2.8951175406871545
2015-04-06 10:05:00,3.273056057866178
2015-04-06 10:10:00,3.2929475587703374
2015-04-06 10:15:00,3.044303797468348
2015-04-06 10:20:00,2.735985533453882
2015-04-06 10:25:00,2.6962025316455636
2015-04-06 10:30:00,2.8752260397829956
2015-04-06 10:35:00,3.1238698010849846
2015-04-06 10:40:00,3.22332730560578
2015-04-06 10:45:00,3.044303797468348
2015-04-06 10:50:00,2.76582278481012
2015-04-06 10:55:00,2.477396021699813
2015-04-06 11:00:00,2.387884267631097
2015-04-06 11:05:00,2.54701627486437
2015-04-06 11:10:00,2.8155515370705184
2015-04-06 11:15:00,3.2034358047016216
2015-04-06 11:20:00,3.531645569620247
2015-04-06 11:25:00,3.810126582278475
2015-04-06 11:30:00,4.0587703435804645
2015-04-06 11:35:00,4.15822784810126
2015-04-06 11:40:00,4.0090415913200665
2015-04-06 11:45:00,3.601265822784804
2015-04-06 11:50:00,3.1139240506329053
2015-04-06 11:55:00,2.8056057866184387
2015-04-06 12:00:00,2.845388788426757
2015-04-06 12:05:00,3.1039783001808257
2015-04-06 12:10:00,3.422242314647372
2015-04-06 12:15:00,3.551537070524406
2015-04-06 12:20:00,3.6112115732368832
2015-04-06 12:25:00,3.7902350813743153
2015-04-06 12:30:00,4.009041591320066
2015-04-06 12:35:00,4.267631103074135
2015-04-06 12:40:00,4.347197106690771
2015-04-06 12:45:00,4.098553345388782
2015-04-06 12:50:00,3.830018083182634
2015-04-06 12:55:00,3.4819168173598496
2015-04-06 13:00:00,3.5913200723327243
2015-04-06 13:05:00,3.740506329113918
2015-04-06 13:10:00,4.496383363471965
2015-04-06 13:15:00,5.580470162748638
2015-04-06 13:20:00,6.913200723327299
2015-04-06 13:25:00,7.8878842676310965
2015-04-06 13:30:00,8.03707052441229
2015-04-06 13:35:00,7.599457504520789
2015-04-06 13:40:00,6.773960216998185
2015-04-06 13:45:00,6.66455696202531
2015-04-06 13:50:00,6.9330922242314585
2015-04-06 13:55:00,7.848101265822779
2015-04-06 14:00:00,8.882459312839053
2015-04-06 14:05:00,11.91591320072332
2015-04-06 14:10:00,15.396925858951171
2015-04-06 14:15:00,19.08679927667269
2015-04-06 14:20:00,22.448462929475582
2015-04-06 14:25:00,23.512658227848096
2015-04-06 14:30:00,24.0
2015-04-06 14:35:00,23.015370705244116
2015-04-06 14:40:00,21.53345388788426
2015-04-06 14:45:00,21.056057866184442
2015-04-06 14:50:00,20.877034358047013
2015-04-06 14:55:00,21.31464737793851
2015-04-06 15:00:00,21.35443037974683
2015-04-06 15:05:00,20.6383363471971
2015-04-06 15:10:00,19.47468354430379
2015-04-06 15:15:00,18.241410488245926
2015-04-06 15:20:00,17.097649186256774
2015-04-06 15:25:00,15.33725135623869
2015-04-06 15:30:00,13.397830018083175
2015-04-06 15:35:00,11.736889692585887
2015-04-06 15:40:00,11.000904159131998
2015-04-06 15:45:00,10.682640144665452
2015-04-06 15:50:00,10.603074141048817
2015-04-06 15:55:00,10.463833634719702
2015-04-06 16:00:00,10.284810126582272
2015-04-06 16:05:00,10.274864376130193
2015-04-06 16:10:00,10.513562386980102
2015-04-06 16:15:00,11.269439421338147
2015-04-06 16:20:00,11.985533453887875
2015-04-06 16:25:00,12.532549728752254
2015-04-06 16:30:00,12.433092224231459
2015-04-06 16:35:00,11.796564195298364
2015-04-06 16:40:00,11.239602169981909
2015-04-06 16:45:00,10.941229656419523
2015-04-06 16:50:00,11.319168173598547
2015-04-06 16:55:00,11.537974683544297
2015-04-06 17:00:00,11.299276672694386
2015-04-06 17:05:00,10.443942133815545
2015-04-06 17:10:00,9.598553345388781
2015-04-06 17:15:00,9.250452079565997
2015-04-06 17:20:00,9.379746835443033
2015-04-06 17:25:00,9.946654611211567
2015-04-06 17:30:00,10.245027124773953
2015-04-06 17:35:00,10.274864376130193
2015-04-06 17:40:00,10.016274864376124
2015-04-06 17:45:00,9.538878842676304
2015-04-06 17:50:00,9.150994575045203
2015-04-06 17:55:00,8.922242314647372
2015-04-06 18:00:00,9.001808318264008
2015-04-06 18:05:00,9.469258589511748
2015-04-06 18:10:00,10.30470162748643
2015-04-06 18:15:00,11.22965641952983
2015-04-06 18:20:00,11.965641952983718
2015-04-06 18:25:00,12.3634719710669
2015-04-06 18:30:00,13.248643761301981
2015-04-06 18:35:00,14.302893309222418
2015-04-06 18:40:00,15.188065099457496
2015-04-06 18:45:00,18.122061482820968
2015-04-06 18:50:00,20.180831826401437
2015-04-06 18:55:00,21.990958408679923
2015-04-06 19:00:00,22.75678119349005
2015-04-06 19:05:00,20.558770343580463
2015-04-06 19:10:00,18.181735985533447
2015-04-06 19:15:00,15.924050632911385
2015-04-06 19:20:00,14.999095840867986
2015-04-06 19:25:00,14.591320072332724
2015-04-06 19:30:00,15.0886075949367
2015-04-06 19:35:00,15.566003616636522
2015-04-06 19:40:00,16.09312839059674
2015-04-06 19:45:00,15.764918625678114
2015-04-06 19:50:00,14.452079566003611
2015-04-06 19:55:00,12.83092224231464
2015-04-06 20:00:00,11.110307414104877
2015-04-06 20:05:00,10.473779385171783
2015-04-06 20:10:00,10.075949367088601
2015-04-06 20:15:00,9.86708860759493
2015-04-06 20:20:00,11.160036166365273
2015-04-06 20:25:00,12.61211573236889
2015-04-06 20:30:00,14.372513562386974
2015-04-06 20:35:00,14.491862567811928
2015-04-06 20:40:00,12.990054249547915
2015-04-06 20:45:00,11.100361663652798
2015-04-06 20:50:00,8.942133815551532
2015-04-06 20:55:00,8.365280289330917
2015-04-06 21:00:00,7.877938517179018
2015-04-06 21:05:00,7.748643761301984
2015-04-06 21:10:00,7.7884267631103015
2015-04-06 21:15:00,7.917721518987337
2015-04-06 21:20:00,8.186256781193485
2015-04-06 21:25:00,8.484629294755871
2015-04-06 21:30:00,8.802893309222418
2015-04-06 21:35:00,9.091320072332724
2015-04-06 21:40:00,9.21066907775768
2015-04-06 21:45:00,9.071428571428566
2015-04-06 21:50:00,8.852622061482815
2015-04-06 21:55:00,8.74321880650994
2015-04-06 22:00:00,8.703435804701622
2015-04-06 22:05:00,8.802893309222418
2015-04-06 22:10:00,8.494575045207952
2015-04-06 22:15:00,8.06690777576853
2015-04-06 22:20:00,7.291139240506324
2015-04-06 22:25:00,8.126582278481008
2015-04-06 22:30:00,10.682640144665458
2015-04-06 22:35:00,14.03435804701627
2015-04-06 22:40:00,16.699819168173594
2015-04-06 22:45:00,16.689873417721515
2015-04-06 22:50:00,14.800180831826395
2015-04-06 22:55:00,11.985533453887879
2015-04-06 23:00:00,10.006329113924046
2015-04-06 23:05:00,9.23056057866184
2015-04-06 23:10:00,8.623869801084986
2015-04-06 23:15:00,7.957504520795655
2015-04-06 23:20:00,7.460216998191677
2015-04-06 23:25:00,6.893309222423142
2015-04-06 23:30:00,6.843580470162744
2015-04-06 23:35:00,7.022603978300175
2015-04-06 23:40:00,6.992766726943936
2015-04-06 23:45:00,6.972875226039778
2015-04-06 23:50:00,6.45569620253164
2015-04-06 23:55:00,6.644665461121152
2015-04-07 00:00:00,7.977396021699813
2015-04-07 00:05:00,10.752260397830014
2015-04-07 00:10:00,13.268535262206143
2015-04-07 00:15:00,14.123869801084986
2015-04-07 00:20:00,12.89059674502712
2015-04-07 00:25:00,10.443942133815543
2015-04-07 00:30:00,8.335443037974677
2015-04-07 00:35:00,7.012658227848096
2015-04-07 00:40:00,6.8336347197106635
2015-04-07 00:45:00,6.604882459312834
2015-04-07 00:50:00,6.545207956600357
2015-04-07 00:55:00,6.644665461121152
2015-04-07 01:00:00,6.744122965641948
2015-04-07 01:05:00,6.813743218806505
2015-04-07 01:10:00,6.883363471971062
2015-04-07 01:15:00,7.042495479204335
2015-04-07 01:20:00,7.2314647377938455
2015-04-07 01:25:00,7.37070524412296
2015-04-07 01:30:00,7.36075949367088
2015-04-07 01:35:00,7.221518987341767
2015-04-07 01:40:00,6.823688969258585
2015-04-07 01:45:00,6.813743218806504
2015-04-07 01:50:00,6.873417721518982
2015-04-07 01:55:00,7.102169981916812
2015-04-07 02:00:00,7.659132007233267
2015-04-07 02:05:00,8.434900542495473
2015-04-07 02:10:00,10.384267631103068
2015-04-07 02:15:00,11.935804701627482
2015-04-07 02:20:00,12.940325497287517
2015-04-07 02:25:00,12.254068716094027
2015-04-07 02:30:00,10.215189873417717
2015-04-07 02:35:00,8.345388788426758
2015-04-07 02:40:00,7.072332730560573
2015-04-07 02:45:00,7.13200723327305
2015-04-07 02:50:00,7.877938517179018
2015-04-07 02:55:00,8.673598553345384
2015-04-07 03:00:00,9.359855334538873
2015-04-07 03:05:00,9.578661844484623
2015-04-07 03:10:00,13.119349005424949
2015-04-07 03:15:00,16.709764918625673
2015-04-07 03:20:00,20.250452079565996
2015-04-07 03:25:00,24.0
2015-04-07 03:30:00,24.0
2015-04-07 03:35:00,24.0
2015-04-07 03:40:00,24.0
2015-04-07 03:45:00,24.0
2015-04-07 03:50:00,24.0
2015-04-07 03:55:00,24.0
2015-04-07 04:00:00,24.0
2015-04-07 04:05:00,24.0
2015-04-07 04:10:00,24.0
2015-04-07 04:15:00,24.0
2015-04-07 04:20:00,24.0
2015-04-07 04:25:00,24.0
2015-04-07 04:30:00,24.0
2015-04-07 04:35:00,24.0
2015-04-07 04:40:00,24.0
2015-04-07 04:45:00,24.0
2015-04-07 04:50:00,23.741410488245926
2015-04-07 04:55:00,23.24412296564195
2015-04-07 05:00:00,22.259493670886073
2015-04-07 05:05:00,20.489150090415908
2015-04-07 05:10:00,18.400542495479197
2015-04-07 05:15:00,16.31193490054249
2015-04-07 05:20:00,14.790235081374316
2015-04-07 05:25:00,13.805605786618436
2015-04-07 05:30:00,13.179023508137425
2015-04-07 05:35:00,12.64195298372513
2015-04-07 05:40:00,11.955696202531637
2015-04-07 05:45:00,14.710669077757679
2015-04-07 05:50:00,17.68444846292947
2015-04-07 05:55:00,20.807414104882454
2015-04-07 06:00:00,22.697106690777574
2015-04-07 06:05:00,20.90687160940325
2015-04-07 06:10:00,18.768535262206143
2015-04-07 06:15:00,15.66546112115732
2015-04-07 06:20:00,13.387884267631097
2015-04-07 06:25:00,11.438517179023503
2015-04-07 06:30:00,9.727848101265817
2015-04-07 06:35:00,8.882459312839055
2015-04-07 06:40:00,8.474683544303792
2015-04-07 06:45:00,8.216094032549723
2015-04-07 06:50:00,7.867992766726938
2015-04-07 06:55:00,7.688969258589506
2015-04-07 07:00:00,7.470162748643755
2015-04-07 07:05:00,7.15189873417721
2015-04-07 07:10:00,6.744122965641948
2015-04-07 07:15:00,6.346292947558766
2015-04-07 07:20:00,6.306509945750447
2015-04-07 07:25:00,6.455696202531641
2015-04-07 07:30:00,6.873417721518983
2015-04-07 07:35:00,6.903254972875221
2015-04-07 07:40:00,6.5849909584086745
2015-04-07 07:45:00,6.097649186256776
2015-04-07 07:50:00,5.5804701627486395
2015-04-07 07:55:00,5.401446654611206
2015-04-07 08:00:00,5.341772151898729
2015-04-07 08:05:00,5.530741410488241
2015-04-07 08:10:00,5.968354430379742
2015-04-07 08:15:00,6.356238698010845
2015-04-07 08:20:00,6.495479204339959
2015-04-07 08:25:00,6.197106690777572
2015-04-07 08:30:00,5.7296564195298325
2015-04-07 08:35:00,5.5506329113924
2015-04-07 08:40:00,5.650090415913196
2015-04-07 08:45:00,6.018083182640139
2015-04-07 08:50:00,6.097649186256776
2015-04-07 08:55:00,6.0777576853526165
2015-04-07 09:00:00,6.286618444846288
2015-04-07 09:05:00,6.674502712477391
2015-04-07 09:10:00,7.320976491862562
2015-04-07 09:15:00,7.529837251356234
2015-04-07 09:20:00,7.549728752260393
2015-04-07 09:25:00,7.519891500904154
2015-04-07 09:30:00,7.549728752260393
2015-04-07 09:35:00,7.619349005424949
2015-04-07 09:40:00,7.430379746835438
2015-04-07 09:45:00,7.291139240506324
2015-04-07 09:50:00,7.082278481012653
2015-04-07 09:55:00,7.082278481012653
2015-04-07 10:00:00,7.072332730560573
2015-04-07 10:05:00,7.072332730560573
2015-04-07 10:10:00,7.191681735985528
2015-04-07 10:15:00,7.231464737793846
2015-04-07 10:20:00,7.301084990958404
2015-04-07 10:25:00,7.171790235081369
2015-04-07 10:30:00,7.2414104882459265
2015-04-07 10:35:00,7.5895117540687105
2015-04-07 10:40:00,7.907775768535257
2015-04-07 10:45:00,8.146473779385166
2015-04-07 10:50:00,7.907775768535257
2015-04-07 10:55:00,7.599457504520791
2015-04-07 11:00:00,7.400542495479199
2015-04-07 11:05:00,7.529837251356233
2015-04-07 11:10:00,7.768535262206143
2015-04-07 11:15:00,7.867992766726938
2015-04-07 11:20:00,7.987341772151893
2015-04-07 11:25:00,8.05696202531645
2015-04-07 11:30:00,8.24593128390596
2015-04-07 11:35:00,8.594032549728746
2015-04-07 11:40:00,9.061482820976487
2015-04-07 11:45:00,9.339963833634714
2015-04-07 11:50:00,9.339963833634714
2015-04-07 11:55:00,9.081374321880645
2015-04-07 12:00:00,8.703435804701622
2015-04-07 12:05:00,8.30560578661844
2015-04-07 12:10:00,8.405063291139236
2015-04-07 12:15:00,8.584086799276669
2015-04-07 12:20:00,9.031645569620247
2015-04-07 12:25:00,9.101265822784805
2015-04-07 12:30:00,8.822784810126578
2015-04-07 12:35:00,8.365280289330917
2015-04-07 12:40:00,7.659132007233268
2015-04-07 12:45:00,7.539783001808313
2015-04-07 12:50:00,7.490054249547915
2015-04-07 12:55:00,7.8481012658227804
2015-04-07 13:00:00,8.186256781193485
2015-04-07 13:05:00,8.564195298372509
2015-04-07 13:10:00,8.872513562386974
2015-04-07 13:15:00,9.150994575045202
2015-04-07 13:20:00,9.330018083182633
2015-04-07 13:25:00,9.618444846292942
2015-04-07 13:30:00,9.936708860759488
2015-04-07 13:35:00,10.185352622061478
2015-04-07 13:40:00,10.374321880650989
2015-04-07 13:45:00,10.374321880650989
2015-04-07 13:50:00,10.80198915009041
2015-04-07 13:55:00,11.657323688969251
2015-04-07 14:00:00,13.169077757685345
2015-04-07 14:05:00,14.591320072332724
2015-04-07 14:10:00,15.456600361663646
2015-04-07 14:15:00,15.267631103074134
2015-04-07 14:20:00,14.650994575045202
2015-04-07 14:25:00,13.905063291139236
2015-04-07 14:30:00,13.427667269439414
2015-04-07 14:35:00,13.238698010849903
2015-04-07 14:40:00,13.30831826401446
2015-04-07 14:45:00,13.696202531645563
2015-04-07 14:50:00,15.337251356238692
2015-04-07 14:55:00,17.53526220614828
2015-04-07 15:00:00,19.633815551537065
2015-04-07 15:05:00,20.51898734177215
2015-04-07 15:10:00,19.474683544303794
2015-04-07 15:15:00,17.704339963833633
2015-04-07 15:20:00,15.347197106690773
2015-04-07 15:25:00,14.452079566003608
2015-04-07 15:30:00,14.302893309222416
2015-04-07 15:35:00,14.90958408679927
2015-04-07 15:40:00,15.754972875226033
2015-04-07 15:45:00,16.610307414104874
2015-04-07 15:50:00,17.077757685352616
2015-04-07 15:55:00,17.21699819168173
2015-04-07 16:00:00,17.077757685352616
2015-04-07 16:05:00,16.580470162748636
2015-04-07 16:10:00,16.560578661844477
2015-04-07 16:15:00,16.679927667269432
2015-04-07 16:20:00,17.356238698010845
2015-04-07 16:25:00,17.376130198915003
2015-04-07 16:30:00,17.067811934900536
2015-04-07 16:35:00,16.679927667269432
2015-04-07 16:40:00,16.689873417721515
2015-04-07 16:45:00,18.15189873417721
2015-04-07 16:50:00,19.96202531645569
2015-04-07 16:55:00,21.801989150090414
2015-04-07 17:00:00,22.35895117540687
2015-04-07 17:05:00,21.69258589511754
2015-04-07 17:10:00,20.18083182640144
2015-04-07 17:15:00,18.559674502712472
2015-04-07 17:20:00,17.674502712477388
2015-04-07 17:25:00,16.94846292947558
2015-04-07 17:30:00,16.301989150090407
2015-04-07 17:35:00,15.31735985533453
2015-04-07 17:40:00,14.24321880650994
2015-04-07 17:45:00,13.387884267631097
2015-04-07 17:50:00,12.890596745027118
2015-04-07 17:55:00,12.930379746835438
2015-04-07 18:00:00,13.80560578661844
2015-04-07 18:05:00,15.685352622061476
2015-04-07 18:10:00,17.93309222423146
2015-04-07 18:15:00,19.52441229656419
2015-04-07 18:20:00,19.584086799276665
2015-04-07 18:25:00,18.102169981916813
2015-04-07 18:30:00,16.003616636528022
2015-04-07 18:35:00,14.48191681735985
2015-04-07 18:40:00,13.855334538878838
2015-04-07 18:45:00,13.596745027124769
2015-04-07 18:50:00,13.248643761301983
2015-04-07 18:55:00,12.721518987341767
2015-04-07 19:00:00,12.910488245931276
2015-04-07 19:05:00,13.745931283905959
2015-04-07 19:10:00,16.799276672694386
2015-04-07 19:15:00,19.93218806509945
2015-04-07 19:20:00,22.24954792043399
2015-04-07 19:25:00,24.0
2015-04-07 19:30:00,24.0
2015-04-07 19:35:00,24.0
2015-04-07 19:40:00,24.0
2015-04-07 19:45:00,24.0
2015-04-07 19:50:00,24.0
2015-04-07 19:55:00,24.0
2015-04-07 20:00:00,24.0
2015-04-07 20:05:00,24.0
2015-04-07 20:10:00,23.900542495479197
2015-04-07 20:15:00,23.860759493670884
2015-04-07 20:20:00,23.860759493670884
2015-04-07 20:25:00,23.860759493670884
2015-04-07 20:30:00,23.323688969258583
2015-04-07 20:35:00,22.29927667269439
2015-04-07 20:40:00,21.125678119349
2015-04-07 20:45:00,19.822784810126578
2015-04-07 20:50:00,20.41952983725135
2015-04-07 20:55:00,21.483725135623864
2015-04-07 21:00:00,22.657323688969253
2015-04-07 21:05:00,23.602169981916813
2015-04-07 21:10:00,22.339059674502707
2015-04-07 21:15:00,20.84719710669077
2015-04-07 21:20:00,18.79837251356238
2015-04-07 21:25:00,16.898734177215186
2015-04-07 21:30:00,16.152802893309218
2015-04-07 21:35:00,15.625678119349
2015-04-07 21:40:00,15.317359855334534
2015-04-07 21:45:00,15.287522603978294
2015-04-07 21:50:00,15.108499095840862
2015-04-07 21:55:00,15.496383363471965
2015-04-07 22:00:00,16.113019891500898
2015-04-07 22:05:00,16.48101265822784
2015-04-07 22:10:00,16.53074141048824
2015-04-07 22:15:00,15.436708860759486
2015-04-07 22:20:00,14.899638336347191
2015-04-07 22:25:00,15.21790235081374
2015-04-07 22:30:00,16.421338155515368
2015-04-07 22:35:00,17.803797468354425
2015-04-07 22:40:00,18.15189873417721
2015-04-07 22:45:00,17.326401446654607
2015-04-07 22:50:00,15.546112115732363
2015-04-07 22:55:00,13.895117540687155
2015-04-07 23:00:00,12.980108499095834
2015-04-07 23:05:00,12.393309222423142
2015-04-07 23:10:00,12.264014466546106
2015-04-07 23:15:00,12.104882459312833
2015-04-07 23:20:00,11.965641952983717
2015-04-07 23:25:00,11.806509945750445
2015-04-07 23:30:00,11.607594936708853
2015-04-07 23:35:00,11.458408679927661
2015-04-07 23:40:00,11.02079566003616
2015-04-07 23:45:00,10.732368896925852
2015-04-07 23:50:00,10.32459312839059
2015-04-07 23:55:00,10.195298372513555
2015-04-08 00:00:00,10.702531645569614
2015-04-08 00:05:00,11.657323688969251
2015-04-08 00:10:00,12.731464737793845
2015-04-08 00:15:00,13.596745027124769
2015-04-08 00:20:00,14.372513562386974
2015-04-08 00:25:00,15.227848101265817
2015-04-08 00:30:00,15.675406871609397
2015-04-08 00:35:00,15.86437613019891
2015-04-08 00:40:00,15.237793851717894
2015-04-08 00:45:00,13.815551537070517
2015-04-08 00:50:00,12.353526220614821
2015-04-08 00:55:00,11.866184448462922
2015-04-08 01:00:00,12.005424954792037
2015-04-08 01:05:00,12.433092224231459
2015-04-08 01:10:00,12.61211573236889
2015-04-08 01:15:00,12.333634719710663
2015-04-08 01:20:00,11.776672694394207
2015-04-08 01:25:00,11.46835443037974
2015-04-08 01:30:00,11.528028933092218
2015-04-08 01:35:00,11.716998191681729
2015-04-08 01:40:00,11.667269439421332
2015-04-08 01:45:00,11.378842676311024
2015-04-08 01:50:00,11.229656419529832
2015-04-08 01:55:00,10.603074141048818
2015-04-08 02:00:00,10.632911392405058
2015-04-08 02:05:00,10.692585895117535
2015-04-08 02:10:00,11.01084990958408
2015-04-08 02:15:00,10.990958408679921
2015-04-08 02:20:00,10.891500904159125
2015-04-08 02:25:00,10.672694394213373
2015-04-08 02:30:00,10.424050632911385
2015-04-08 02:35:00,10.264918625678114
2015-04-08 02:40:00,11.637432188065093
2015-04-08 02:45:00,13.31826401446654
2015-04-08 02:50:00,15.367088607594933
2015-04-08 02:55:00,16.212477396021693
2015-04-08 03:00:00,15.028933092224225
2015-04-08 03:05:00,13.57685352622061
2015-04-08 03:10:00,11.47830018083182
2015-04-08 03:15:00,11.080470162748638
2015-04-08 03:20:00,10.324593128390589
2015-04-08 03:25:00,9.469258589511748
2015-04-08 03:30:00,8.653707052441224
2015-04-08 03:35:00,7.897830018083177
2015-04-08 03:40:00,7.7386980108499035
2015-04-08 03:45:00,7.559674502712472
2015-04-08 03:50:00,7.490054249547915
2015-04-08 03:55:00,7.539783001808313
2015-04-08 04:00:00,7.708860759493666
2015-04-08 04:05:00,7.937613019891496
2015-04-08 04:10:00,7.867992766726938
2015-04-08 04:15:00,7.499999999999995
2015-04-08 04:20:00,7.082278481012653
2015-04-08 04:25:00,6.823688969258584
2015-04-08 04:30:00,6.833634719710664
2015-04-08 04:35:00,6.9132007233273
2015-04-08 04:40:00,6.614828209764913
2015-04-08 04:45:00,6.594936708860754
2015-04-08 04:50:00,6.6347197106690725
2015-04-08 04:55:00,7.052441229656415
2015-04-08 05:00:00,7.410488245931279
2015-04-08 05:05:00,7.60940325497287
2015-04-08 05:10:00,7.887884267631097
2015-04-08 05:15:00,7.917721518987336
2015-04-08 05:20:00,7.957504520795655
2015-04-08 05:25:00,7.519891500904154
2015-04-08 05:30:00,6.9132007233273
2015-04-08 05:35:00,6.286618444846288
2015-04-08 05:40:00,5.868896925858945
2015-04-08 05:45:00,5.520795660036161
2015-04-08 05:50:00,5.1229656419529785
2015-04-08 05:55:00,4.685352622061478
2015-04-08 06:00:00,4.456600361663648
2015-04-08 06:05:00,4.605786618444841
2015-04-08 06:10:00,4.834538878842672
2015-04-08 06:15:00,5.381555153707048
2015-04-08 06:20:00,5.689873417721514
2015-04-08 06:25:00,5.908679927667264
2015-04-08 06:30:00,5.679927667269434
2015-04-08 06:35:00,5.043399638336342
2015-04-08 06:40:00,4.347197106690772
2015-04-08 06:45:00,3.690777576853521
2015-04-08 06:50:00,3.4918625678119297
2015-04-08 06:55:00,3.392405063291134
2015-04-08 07:00:00,3.4222423146473724
2015-04-08 07:05:00,3.412296564195293
2015-04-08 07:10:00,3.571428571428566
2015-04-08 07:15:00,3.9394213381555097
2015-04-08 07:20:00,4.297468354430374
2015-04-08 07:25:00,4.526220614828205
2015-04-08 07:30:00,4.496383363471966
2015-04-08 07:35:00,4.2676311030741365
2015-04-08 07:40:00,4.158227848101261
2015-04-08 07:45:00,4.018987341772147
2015-04-08 07:50:00,3.9593128390596695
2015-04-08 07:55:00,3.7007233273056004
2015-04-08 08:00:00,3.342676311030736
2015-04-08 08:05:00,3.0443037974683493
2015-04-08 08:10:00,2.7359855334538823
2015-04-08 08:15:00,2.5569620253164502
2015-04-08 08:20:00,2.377938517179018
2015-04-08 08:25:00,2.2287522603978247
2015-04-08 08:30:00,2.218806509945745
2015-04-08 08:35:00,2.3878842676310974
2015-04-08 08:40:00,2.6962025316455644
2015-04-08 08:45:00,3.0045207956600306
2015-04-08 08:50:00,3.4421338155515313
2015-04-08 08:55:00,3.839963833634715
2015-04-08 09:00:00,4.277576853526215
2015-04-08 09:05:00,4.496383363471966
2015-04-08 09:10:00,4.585895117540682
2015-04-08 09:15:00,4.585895117540682
2015-04-08 09:20:00,4.685352622061478
2015-04-08 09:25:00,5.063291139240501
2015-04-08 09:30:00,5.30198915009041
2015-04-08 09:35:00,5.301989150090411
2015-04-08 09:40:00,5.292043399638331
2015-04-08 09:45:00,5.381555153707048
2015-04-08 09:50:00,5.709764918625673
2015-04-08 09:55:00,6.097649186256776
2015-04-08 10:00:00,6.117540687160936
2015-04-08 10:05:00,6.097649186256776
2015-04-08 10:10:00,5.849005424954787
2015-04-08 10:15:00,5.799276672694389
2015-04-08 10:20:00,5.590415913200718
2015-04-08 10:25:00,5.142857142857138
2015-04-08 10:30:00,4.933996383363468
2015-04-08 10:35:00,4.794755877034353
2015-04-08 10:40:00,5.0235081374321835
2015-04-08 10:45:00,5.09312839059674
2015-04-08 10:50:00,5.033453887884262
2015-04-08 10:55:00,4.884267631103069
2015-04-08 11:00:00,4.7748643761301945
2015-04-08 11:05:00,4.8743218806509905
2015-04-08 11:10:00,4.834538878842672
2015-04-08 11:15:00,4.8146473779385115
2015-04-08 11:20:00,4.844484629294751
2015-04-08 11:25:00,4.894213381555148
2015-04-08 11:30:00,5.033453887884262
2015-04-08 11:35:00,5.152802893309217
2015-04-08 11:40:00,5.331826401446649
2015-04-08 11:45:00,5.580470162748639
2015-04-08 11:50:00,5.689873417721514
2015-04-08 11:55:00,6.067811934900537
2015-04-08 12:00:00,6.584990958408675
2015-04-08 12:05:00,7.460216998191677
2015-04-08 12:10:00,8.53435804701627
2015-04-08 12:15:00,9.101265822784804
2015-04-08 12:20:00,9.141048824593122
2015-04-08 12:25:00,8.97197106690777
2015-04-08 12:30:00,8.613924050632907
2015-04-08 12:35:00,8.395117540687156
2015-04-08 12:40:00,7.927667269439417
2015-04-08 12:45:00,7.360759493670882
2015-04-08 12:50:00,6.69439421338155
2015-04-08 12:55:00,6.276672694394208
2015-04-08 13:00:00,6.435804701627481
2015-04-08 13:05:00,7.002712477396016
2015-04-08 13:10:00,7.778481012658222
2015-04-08 13:15:00,8.355334538878836
2015-04-08 13:20:00,8.862567811934895
2015-04-08 13:25:00,8.932188065099453
2015-04-08 13:30:00,9.121157323688962
2015-04-08 13:35:00,9.339963833634714
2015-04-08 13:40:00,9.538878842676304
2015-04-08 13:45:00,9.737793851717896
2015-04-08 13:50:00,9.737793851717896
2015-04-08 13:55:00,9.548824593128383
2015-04-08 14:00:00,9.230560578661839
2015-04-08 14:05:00,8.99186256781193
2015-04-08 14:10:00,8.971971066907772
2015-04-08 14:15:00,9.091320072332726
2015-04-08 14:20:00,9.24050632911392
2015-04-08 14:25:00,9.349909584086795
2015-04-08 14:30:00,9.578661844484625
2015-04-08 14:35:00,10.13562386980108
2015-04-08 14:40:00,10.921338155515365
2015-04-08 14:45:00,11.617540687160934
2015-04-08 14:50:00,11.637432188065095
2015-04-08 14:55:00,11.229656419529832
2015-04-08 15:00:00,10.632911392405058
2015-04-08 15:05:00,10.165461121157318
2015-04-08 15:10:00,10.066003616636522
2015-04-08 15:15:00,9.916817359855328
2015-04-08 15:20:00,10.026220614828205
2015-04-08 15:25:00,9.996383363471965
2015-04-08 15:30:00,10.075949367088601
2015-04-08 15:35:00,10.264918625678114
2015-04-08 15:40:00,10.284810126582272
2015-04-08 15:45:00,10.13562386980108
2015-04-08 15:50:00,9.499095840867987
2015-04-08 15:55:00,8.673598553345382
2015-04-08 16:00:00,7.649186256781188
2015-04-08 16:05:00,7.112115732368892
2015-04-08 16:10:00,7.052441229656415
2015-04-08 16:15:00,7.529837251356232
2015-04-08 16:20:00,8.037070524412291
2015-04-08 16:25:00,8.892405063291132
2015-04-08 16:30:00,11.08047016274864
2015-04-08 16:35:00,13.497287522603973
2015-04-08 16:40:00,15.86437613019891
2015-04-08 16:45:00,16.401446654611206
2015-04-08 16:50:00,14.999095840867986
2015-04-08 16:55:00,12.8508137432188
2015-04-08 17:00:00,11.140144665461115
2015-04-08 17:05:00,10.871609403254965
2015-04-08 17:10:00,11.150090415913194
2015-04-08 17:15:00,11.24954792043399
2015-04-08 17:20:00,10.98101265822784
2015-04-08 17:25:00,10.324593128390589
2015-04-08 17:30:00,9.538878842676304
2015-04-08 17:35:00,9.141048824593122
2015-04-08 17:40:00,8.862567811934895
2015-04-08 17:45:00,9.061482820976485
2015-04-08 17:50:00,9.548824593128383
2015-04-08 17:55:00,10.433996383363466
2015-04-08 18:00:00,11.209764918625673
2015-04-08 18:05:00,11.72694394213381
2015-04-08 18:10:00,11.68716094032549
2015-04-08 18:15:00,11.189873417721513
2015-04-08 18:20:00,10.55334538878842
2015-04-08 18:25:00,9.797468354430373
2015-04-08 18:30:00,9.150994575045203
2015-04-08 18:35:00,8.235985533453881
2015-04-08 18:40:00,7.450271247739597
2015-04-08 18:45:00,7.052441229656414
2015-04-08 18:50:00,7.410488245931279
2015-04-08 18:55:00,8.216094032549723
2015-04-08 19:00:00,8.763110307414099
2015-04-08 19:05:00,8.862567811934895
2015-04-08 19:10:00,8.7133815551537
2015-04-08 19:15:00,8.574141048824588
2015-04-08 19:20:00,8.673598553345382
2015-04-08 19:25:00,8.663652802893305
2015-04-08 19:30:00,8.74321880650994
2015-04-08 19:35:00,8.564195298372509
2015-04-08 19:40:00,8.464737793851713
2015-04-08 19:45:00,8.405063291139236
2015-04-08 19:50:00,8.136528028933087
2015-04-08 19:55:00,8.027124773960212
2015-04-08 20:00:00,7.81826401446654
2015-04-08 20:05:00,7.818264014466541
2015-04-08 20:10:00,7.838155515370699
2015-04-08 20:15:00,8.176311030741404
2015-04-08 20:20:00,9.081374321880645
2015-04-08 20:25:00,9.90687160940325
2015-04-08 20:30:00,11.826401446654605
2015-04-08 20:35:00,13.397830018083177
2015-04-08 20:40:00,15.804701627486434
2015-04-08 20:45:00,19.06690777576853
2015-04-08 20:50:00,21.11573236889692
2015-04-08 20:55:00,23.204339963833633
2015-04-08 21:00:00,22.35895117540687
2015-04-08 21:05:00,20.01175406871609
2015-04-08 21:10:00,16.948462929475582
2015-04-08 21:15:00,13.765822784810123
2015-04-08 21:20:00,12.104882459312833
2015-04-08 21:25:00,11.020795660036159
2015-04-08 21:30:00,10.53345388788426
2015-04-08 21:35:00,10.11573236889692
2015-04-08 21:40:00,9.877034358047009
2015-04-08 21:45:00,9.469258589511748
2015-04-08 21:50:00,8.97197106690777
2015-04-08 21:55:00,8.693490054249542
2015-04-08 22:00:00,8.723327305605782
2015-04-08 22:05:00,9.2007233273056
2015-04-08 22:10:00,9.548824593128385
2015-04-08 22:15:00,9.479204339963829
2015-04-08 22:20:00,8.832730560578655
2015-04-08 22:25:00,8.265822784810123
2015-04-08 22:30:00,8.166365280289325
2015-04-08 22:35:00,8.385171790235075
2015-04-08 22:40:00,8.72332730560578
2015-04-08 22:45:00,8.683544303797463
2015-04-08 22:50:00,8.623869801084986
2015-04-08 22:55:00,8.633815551537065
2015-04-08 23:00:00,8.75316455696202
2015-04-08 23:05:00,8.822784810126578
2015-04-08 23:10:00,8.385171790235075
2015-04-08 23:15:00,7.708860759493666
2015-04-08 23:20:00,7.0922242314647335
2015-04-08 23:25:00,6.783905967450266
2015-04-08 23:30:00,6.853526220614823
2015-04-08 23:35:00,7.251356238698006
2015-04-08 23:40:00,7.58951175406871
2015-04-08 23:45:00,8.08679927667269
2015-04-08 23:50:00,8.24593128390596
2015-04-08 23:55:00,8.415009041591315
2015-04-09 00:00:00,8.355334538878838
2015-04-09 00:05:00,8.116636528028927
2015-04-09 00:10:00,8.544303797468348
2015-04-09 00:15:00,9.320072332730556
2015-04-09 00:20:00,10.473779385171785
2015-04-09 00:25:00,11.169981916817353
2015-04-09 00:30:00,11.637432188065095
2015-04-09 00:35:00,11.617540687160933
2015-04-09 00:40:00,11.47830018083182
2015-04-09 00:45:00,11.289330922242307
2015-04-09 00:50:00,10.58318264014466
2015-04-09 00:55:00,9.837251356238692
2015-04-09 01:00:00,9.240506329113918
2015-04-09 01:05:00,9.479204339963829
2015-04-09 01:10:00,10.35443037974683
2015-04-09 01:15:00,11.100361663652796
2015-04-09 01:20:00,11.68716094032549
2015-04-09 01:25:00,11.349005424954786
2015-04-09 01:30:00,10.921338155515365
2015-04-09 01:35:00,10.32459312839059
2015-04-09 01:40:00,9.568716094032544
2015-04-09 01:45:00,8.703435804701622
2015-04-09 01:50:00,10.86166365280289
2015-04-09 01:55:00,14.223327305605782
2015-04-09 02:00:00,18.012658227848096
2015-04-09 02:05:00,19.653707052441224
2015-04-09 02:10:00,17.62477396021699
2015-04-09 02:15:00,14.511754068716089
2015-04-09 02:20:00,11.030741410488238
2015-04-09 02:25:00,9.936708860759488
2015-04-09 02:30:00,9.051537070524406
2015-04-09 02:35:00,8.216094032549723
2015-04-09 02:40:00,7.579566003616631
2015-04-09 02:45:00,7.221518987341767
2015-04-09 02:50:00,7.330922242314642
2015-04-09 02:55:00,7.470162748643755
2015-04-09 03:00:00,7.311030741410483
2015-04-09 03:05:00,7.151898734177211
2015-04-09 03:10:00,6.724231464737787
2015-04-09 03:15:00,6.455696202531641
2015-04-09 03:20:00,6.445750452079561
2015-04-09 03:25:00,6.7341772151898684
2015-04-09 03:30:00,6.943037974683539
2015-04-09 03:35:00,6.773960216998186
2015-04-09 03:40:00,6.067811934900537
2015-04-09 03:45:00,5.33182640144665
2015-04-09 03:50:00,5.08318264014466
2015-04-09 03:55:00,5.182640144665456
2015-04-09 04:00:00,5.630198915009037
2015-04-09 04:05:00,5.908679927667264
2015-04-09 04:10:00,6.107594936708856
2015-04-09 04:15:00,6.256781193490049
2015-04-09 04:20:00,6.276672694394208
2015-04-09 04:25:00,6.127486437613015
2015-04-09 04:30:00,5.679927667269435
2015-04-09 04:35:00,5.2721518987341724
2015-04-09 04:40:00,5.162748643761297
2015-04-09 04:45:00,5.391500904159127
2015-04-09 04:50:00,5.481012658227844
2015-04-09 04:55:00,5.490958408679922
2015-04-09 05:00:00,5.122965641952979
2015-04-09 05:05:00,4.496383363471966
2015-04-09 05:10:00,3.989150090415908
2015-04-09 05:15:00,3.8001808318263963
2015-04-09 05:20:00,4.009041591320067
2015-04-09 05:25:00,4.357142857142852
2015-04-09 05:30:00,4.63562386980108
2015-04-09 05:35:00,4.655515370705239
2015-04-09 05:40:00,4.63562386980108
2015-04-09 05:45:00,4.516274864376125
2015-04-09 05:50:00,4.546112115732363
2015-04-09 05:55:00,4.39692585895117
2015-04-09 06:00:00,4.198010849909579
2015-04-09 06:05:00,4.048824593128385
2015-04-09 06:10:00,4.058770343580465
2015-04-09 06:15:00,4.17811934900542
2015-04-09 06:20:00,4.16817359855334
2015-04-09 06:25:00,4.028933092224226
2015-04-09 06:30:00,3.6708860759493613
2015-04-09 06:35:00,3.2531645569620204
2015-04-09 06:40:00,2.865280289330917
2015-04-09 06:45:00,2.8354430379746782
2015-04-09 06:50:00,3.0940325497287473
2015-04-09 06:55:00,3.680831826401441
2015-04-09 07:00:00,4.148282097649181
2015-04-09 07:05:00,4.257685352622056
2015-04-09 07:10:00,3.889692585895112
2015-04-09 07:15:00,3.213381555153702
2015-04-09 07:20:00,2.7061482820976437
2015-04-09 07:25:00,2.3580470162748592
2015-04-09 07:30:00,2.3381555153707
2015-04-09 07:35:00,2.377938517179018
2015-04-09 07:40:00,2.387884267631098
2015-04-09 07:45:00,2.3878842676310974
2015-04-09 07:50:00,2.358047016274859
2015-04-09 07:55:00,2.517179023508132
2015-04-09 08:00:00,2.716094032549723
2015-04-09 08:05:00,2.865280289330917
2015-04-09 08:10:00,2.775768535262201
2015-04-09 08:15:00,2.4873417721518933
2015-04-09 08:20:00,2.2287522603978247
2015-04-09 08:25:00,2.0
2015-04-09 08:30:00,2.0696202531645516
2015-04-09 08:35:00,2.2386980108499044
2015-04-09 08:40:00,2.3580470162748592
2015-04-09 08:45:00,2.4177215189873364
2015-04-09 08:50:00,2.417721518987337
2015-04-09 08:55:00,3.2034358047016225
2015-04-09 09:00:00,4.337251356238693
2015-04-09 09:05:00,5.500904159132002
2015-04-09 09:10:00,5.75949367088607
2015-04-09 09:15:00,4.844484629294751
2015-04-09 09:20:00,3.730560578661839
2015-04-09 09:25:00,2.56690777576853
2015-04-09 09:30:00,2.2386980108499044
2015-04-09 09:35:00,2.198915009041586
2015-04-09 09:40:00,2.1193490054249495
2015-04-09 09:45:00,2.149186256781188
2015-04-09 09:50:00,2.198915009041586
2015-04-09 09:55:00,2.377938517179018
2015-04-09 10:00:00,2.4972875226039735
2015-04-09 10:05:00,2.596745027124769
2015-04-09 10:10:00,2.626582278481007
2015-04-09 10:15:00,2.656419529837246
2015-04-09 10:20:00,2.586799276672689
2015-04-09 10:25:00,2.5072332730560523
2015-04-09 10:30:00,2.5470162748643705
2015-04-09 10:35:00,2.666365280289326
2015-04-09 10:40:00,2.8553345388788376
2015-04-09 10:45:00,2.9647377938517128
2015-04-09 10:50:00,3.004520795660031
2015-04-09 10:55:00,2.924954792043394
2015-04-09 11:00:00,2.8851717902350758
2015-04-09 11:05:00,2.9945750452079514
2015-04-09 11:10:00,3.183544303797463
2015-04-09 11:15:00,3.362567811934895
2015-04-09 11:20:00,3.581374321880646
2015-04-09 11:25:00,3.780289330922237
2015-04-09 11:30:00,4.078661844484624
2015-04-09 11:35:00,4.198010849909579
2015-04-09 11:40:00,4.327305605786613
2015-04-09 11:45:00,4.257685352622056
2015-04-09 11:50:00,4.068716094032545
2015-04-09 11:55:00,3.9195298372513507
2015-04-09 12:00:00,4.088607594936704
2015-04-09 12:05:00,4.496383363471965
2015-04-09 12:10:00,4.953887884267626
2015-04-09 12:15:00,5.182640144665456
2015-04-09 12:20:00,4.933996383363467
2015-04-09 12:25:00,4.625678119349001
2015-04-09 12:30:00,4.158227848101261
2015-04-09 12:35:00,4.337251356238694
2015-04-09 12:40:00,4.784810126582274
2015-04-09 12:45:00,5.381555153707048
2015-04-09 12:50:00,5.888788426763105
2015-04-09 12:55:00,5.938517179023503
2015-04-09 13:00:00,5.9285714285714235
2015-04-09 13:05:00,5.709764918625673
2015-04-09 13:10:00,5.699819168173593
2015-04-09 13:15:00,5.849005424954787
2015-04-09 13:20:00,5.898734177215185
2015-04-09 13:25:00,6.087703435804697
2015-04-09 13:30:00,6.1274864376130145
2015-04-09 13:35:00,6.306509945750447
2015-04-09 13:40:00,6.475587703435799
2015-04-09 13:45:00,6.754068716094027
2015-04-09 13:50:00,7.231464737793846
2015-04-09 13:55:00,8.29566003616636
2015-04-09 14:00:00,9.986437613019886
2015-04-09 14:05:00,11.647377938517174
2015-04-09 14:10:00,12.681735985533448
2015-04-09 14:15:00,12.413200723327298
2015-04-09 14:20:00,11.319168173598547
2015-04-09 14:25:00,9.976491862567805
2015-04-09 14:30:00,9.001808318264008
2015-04-09 14:35:00,8.494575045207952
2015-04-09 14:40:00,8.176311030741406
2015-04-09 14:45:00,8.235985533453883
2015-04-09 14:50:00,8.53435804701627
2015-04-09 14:55:00,8.703435804701622
2015-04-09 15:00:00,8.574141048824588
2015-04-09 15:05:00,8.126582278481008
2015-04-09 15:10:00,7.579566003616631
2015-04-09 15:15:00,7.15189873417721
2015-04-09 15:20:00,6.903254972875221
2015-04-09 15:25:00,6.823688969258584
2015-04-09 15:30:00,6.8833634719710615
2015-04-09 15:35:00,7.042495479204335
2015-04-09 15:40:00,7.092224231464733
2015-04-09 15:45:00,7.012658227848096
2015-04-09 15:50:00,6.714285714285709
2015-04-09 15:55:00,6.475587703435799
2015-04-09 16:00:00,6.276672694394208
2015-04-09 16:05:00,5.998191681735981
2015-04-09 16:10:00,5.77938517179023
2015-04-09 16:15:00,5.540687160940321
2015-04-09 16:20:00,6.028028933092219
2015-04-09 16:25:00,7.0325497287522545
2015-04-09 16:30:00,8.226039783001802
2015-04-09 16:35:00,9.19077757685352
2015-04-09 16:40:00,9.41952983725135
2015-04-09 16:45:00,11.169981916817354
2015-04-09 16:50:00,13.13924050632911
2015-04-09 16:55:00,15.426763110307409
2015-04-09 17:00:00,16.13291139240506
2015-04-09 17:05:00,14.69077757685352
2015-04-09 17:10:00,13.915009041591315
2015-04-09 17:15:00,13.159132007233268
2015-04-09 17:20:00,14.084086799276667
2015-04-09 17:25:00,14.25316455696202
2015-04-09 17:30:00,13.367992766726937
2015-04-09 17:35:00,12.293851717902344
2015-04-09 17:40:00,10.951175406871604
2015-04-09 17:45:00,10.10578661844484
2015-04-09 17:50:00,9.091320072332724
2015-04-09 17:55:00,8.315551537070519
2015-04-09 18:00:00,8.136528028933087
2015-04-09 18:05:00,8.345388788426758
2015-04-09 18:10:00,8.862567811934895
2015-04-09 18:15:00,8.952079566003611
2015-04-09 18:20:00,8.862567811934895
2015-04-09 18:25:00,8.663652802893303
2015-04-09 18:30:00,8.255877034358042
2015-04-09 18:35:00,7.977396021699813
2015-04-09 18:40:00,7.5397830018083125
2015-04-09 18:45:00,7.499999999999995
2015-04-09 18:50:00,7.5895117540687105
2015-04-09 18:55:00,7.947558770343575
2015-04-09 19:00:00,9.051537070524407
2015-04-09 19:05:00,9.966546112115726
2015-04-09 19:10:00,10.77215189873417
2015-04-09 19:15:00,10.861663652802887
2015-04-09 19:20:00,10.304701627486432
2015-04-09 19:25:00,10.155515370705238
2015-04-09 19:30:00,10.155515370705238
2015-04-09 19:35:00,10.732368896925852
2015-04-09 19:40:00,10.79204339963833
2015-04-09 19:45:00,9.946654611211567
2015-04-09 19:50:00,8.822784810126578
2015-04-09 19:55:00,7.539783001808313
2015-04-09 20:00:00,6.93309222423146
2015-04-09 20:05:00,6.773960216998186
2015-04-09 20:10:00,6.813743218806505
2015-04-09 20:15:00,6.952983725135619
2015-04-09 20:20:00,7.012658227848096
2015-04-09 20:25:00,7.311030741410483
2015-04-09 20:30:00,7.768535262206143
2015-04-09 20:35:00,8.206148282097644
2015-04-09 20:40:00,8.186256781193485
2015-04-09 20:45:00,7.619349005424949
2015-04-09 20:50:00,6.933092224231459
2015-04-09 20:55:00,6.415913200723322
2015-04-09 21:00:00,6.256781193490049
2015-04-09 21:05:00,6.276672694394208
2015-04-09 21:10:00,6.067811934900537
2015-04-09 21:15:00,5.739602169981912
2015-04-09 21:20:00,5.490958408679923
2015-04-09 21:25:00,5.451175406871604
2015-04-09 21:30:00,5.660036166365275
2015-04-09 21:35:00,5.78933092224231
2015-04-09 21:40:00,5.918625678119344
2015-04-09 21:45:00,5.849005424954787
2015-04-09 21:50:00,5.7296564195298325
2015-04-09 21:55:00,5.719710669077752
2015-04-09 22:00:00,5.719710669077752
2015-04-09 22:05:00,5.898734177215185
2015-04-09 22:10:00,5.918625678119343
2015-04-09 22:15:00,5.9285714285714235
2015-04-09 22:20:00,5.888788426763105
2015-04-09 22:25:00,5.819168173598548
2015-04-09 22:30:00,6.1772151898734124
2015-04-09 22:35:00,6.773960216998186
2015-04-09 22:40:00,7.490054249547915
2015-04-09 22:45:00,7.9475587703435755
2015-04-09 22:50:00,7.808318264014462
2015-04-09 22:55:00,7.3905967450271195
2015-04-09 23:00:00,6.744122965641948
2015-04-09 23:05:00,6.336347197106685
2015-04-09 23:10:00,6.1274864376130145
2015-04-09 23:15:00,5.8788426763110255
2015-04-09 23:20:00,5.76943942133815
2015-04-09 23:25:00,5.5705244122965585
2015-04-09 23:30:00,6.087703435804697
2015-04-09 23:35:00,6.744122965641948
2015-04-09 23:40:00,7.57956600361663
2015-04-09 23:45:00,8.027124773960212
2015-04-09 23:50:00,7.887884267631097
2015-04-09 23:55:00,7.529837251356233
2015-04-10 00:00:00,7.529837251356232
2015-04-10 00:05:00,8.07685352622061
2015-04-10 00:10:00,8.673598553345382
2015-04-10 00:15:00,8.822784810126576
2015-04-10 00:20:00,8.056962025316452
2015-04-10 00:25:00,7.181735985533448
2015-04-10 00:30:00,6.147377938517174
2015-04-10 00:35:00,6.505424954792037
2015-04-10 00:40:00,7.251356238698006
2015-04-10 00:45:00,8.116636528028927
2015-04-10 00:50:00,8.504520795660031
2015-04-10 00:55:00,7.85804701627486
2015-04-10 01:00:00,7.052441229656415
2015-04-10 01:05:00,5.948462929475582
2015-04-10 01:10:00,5.580470162748638
2015-04-10 01:15:00,5.351717902350808
2015-04-10 01:20:00,5.282097649186251
2015-04-10 01:25:00,5.282097649186252
2015-04-10 01:30:00,5.073236889692581
2015-04-10 01:35:00,4.963833634719705
2015-04-10 01:40:00,4.794755877034353
2015-04-10 01:45:00,4.993670886075945
2015-04-10 01:50:00,5.3716094032549675
2015-04-10 01:55:00,5.76943942133815
2015-04-10 02:00:00,5.948462929475582
2015-04-10 02:05:00,5.600361663652797
2015-04-10 02:10:00,5.013562386980103
2015-04-10 02:15:00,4.446654611211567
2015-04-10 02:20:00,5.1726943942133765
2015-04-10 02:25:00,6.197106690777572
2015-04-10 02:30:00,7.450271247739597
2015-04-10 02:35:00,8.007233273056052
2015-04-10 02:40:00,8.196202531645564
2015-04-10 02:45:00,8.235985533453883
2015-04-10 02:50:00,8.05696202531645
2015-04-10 02:55:00,7.887884267631097
2015-04-10 03:00:00,7.191681735985528
2015-04-10 03:05:00,6.425858951175401
2015-04-10 03:10:00,5.54068716094032
2015-04-10 03:15:00,5.162748643761297
2015-04-10 03:20:00,4.446654611211568
2015-04-10 03:25:00,4.048824593128386
2015-04-10 03:30:00,3.8499095840867943
2015-04-10 03:35:00,3.8499095840867943
2015-04-10 03:40:00,4.038878842676306
2015-04-10 03:45:00,3.9891500904159085
2015-04-10 03:50:00,4.038878842676306
2015-04-10 03:55:00,3.889692585895113
2015-04-10 04:00:00,3.7106690777576805
2015-04-10 04:05:00,3.601265822784805
2015-04-10 04:10:00,3.9593128390596695
2015-04-10 04:15:00,4.575949367088603
2015-04-10 04:20:00,5.3218806509945695
2015-04-10 04:25:00,5.7296564195298325
2015-04-10 04:30:00,5.530741410488241
2015-04-10 04:35:00,4.904159132007228
2015-04-10 04:40:00,4.098553345388783
2015-04-10 04:45:00,3.5515370705244065
2015-04-10 04:50:00,3.1835443037974627
2015-04-10 04:55:00,3.123869801084986
2015-04-10 05:00:00,3.621157323688964
2015-04-10 05:05:00,4.486437613019886
2015-04-10 05:10:00,5.31193490054249
2015-04-10 05:15:00,5.858951175406866
2015-04-10 05:20:00,5.719710669077752
2015-04-10 05:25:00,5.411392405063285
2015-04-10 05:30:00,4.993670886075944
2015-04-10 05:35:00,4.64556962025316
2015-04-10 05:40:00,4.367088607594932
2015-04-10 05:45:00,3.8399638336347146
2015-04-10 05:50:00,3.4421338155515318
2015-04-10 05:55:00,3.0542495479204286
2015-04-10 06:00:00,2.865280289330917
2015-04-10 06:05:00,3.0741410488245875
2015-04-10 06:10:00,3.25316455696202
2015-04-10 06:15:00,3.4918625678119293
2015-04-10 06:20:00,3.312839059674497
2015-04-10 06:25:00,2.9448462929475534
2015-04-10 06:30:00,2.636528028933087
2015-04-10 06:35:00,2.4077757685352568
2015-04-10 06:40:00,2.4873417721518933
2015-04-10 06:45:00,2.4177215189873364
2015-04-10 06:50:00,2.268535262206143
2015-04-10 06:55:00,2.1193490054249495
2015-04-10 07:00:00,2.0497287522603926
2015-04-10 07:05:00,2.2884267631103024
2015-04-10 07:10:00,2.745931283905962
2015-04-10 07:15:00,3.3327305605786566
2015-04-10 07:20:00,3.9195298372513507
2015-04-10 07:25:00,4.267631103074136
2015-04-10 07:30:00,4.17811934900542
2015-04-10 07:35:00,3.8499095840867943
2015-04-10 07:40:00,3.3924050632911342
2015-04-10 07:45:00,2.954792043399633
2015-04-10 07:50:00,2.6464737793851665
2015-04-10 07:55:00,2.4077757685352568
2015-04-10 08:00:00,2.2884267631103024
2015-04-10 08:05:00,2.437613019891496
2015-04-10 08:10:00,3.5515370705244074
2015-04-10 08:15:00,5.490958408679922
2015-04-10 08:20:00,7.320976491862562
2015-04-10 08:25:00,7.987341772151893
2015-04-10 08:30:00,7.072332730560573
2015-04-10 08:35:00,5.132911392405059
2015-04-10 08:40:00,3.2631103074140997
2015-04-10 08:45:00,2.2983725135623816
2015-04-10 08:50:00,2.0696202531645516
2015-04-10 08:55:00,2.1392405063291084
2015-04-10 09:00:00,2.288426763110302
2015-04-10 09:05:00,2.4376130198914954
2015-04-10 09:10:00,2.666365280289326
2015-04-10 09:15:00,2.755877034358042
2015-04-10 09:20:00,2.895117540687156
2015-04-10 09:25:00,3.0244122965641904
2015-04-10 09:30:00,3.0641952983725083
2015-04-10 09:35:00,3.0542495479204286
2015-04-10 09:40:00,2.7857142857142803
2015-04-10 09:45:00,2.5072332730560527
2015-04-10 09:50:00,2.1989150090415857
2015-04-10 09:55:00,2.3978300180831775
2015-04-10 10:00:00,2.8354430379746782
2015-04-10 10:05:00,3.4023508137432135
2015-04-10 10:10:00,3.839963833634714
2015-04-10 10:15:00,3.800180831826396
2015-04-10 10:20:00,3.6311030741410435
2015-04-10 10:25:00,3.123869801084986
2015-04-10 10:30:00,2.845388788426758
2015-04-10 10:35:00,2.7558770343580417
2015-04-10 10:40:00,2.815551537070519
2015-04-10 10:45:00,3.1039783001808265
2015-04-10 10:50:00,3.123869801084986
2015-04-10 10:55:00,3.0144665461121103
2015-04-10 11:00:00,2.7857142857142803
2015-04-10 11:05:00,2.6862567811934848
2015-04-10 11:10:00,2.7757685352622006
2015-04-10 11:15:00,2.9448462929475534
2015-04-10 11:20:00,3.1139240506329062
2015-04-10 11:25:00,3.2432188065099408
2015-04-10 11:30:00,3.3128390596744977
2015-04-10 11:35:00,3.3824593128390545
2015-04-10 11:40:00,3.2929475587703383
2015-04-10 11:45:00,3.462025316455691
2015-04-10 11:50:00,3.680831826401442
2015-04-10 11:55:00,5.78933092224231
2015-04-10 12:00:00,8.037070524412291
2015-04-10 12:05:00,10.026220614828205
2015-04-10 12:10:00,10.165461121157318
2015-04-10 12:15:00,8.365280289330917
2015-04-10 12:20:00,6.833634719710664
2015-04-10 12:25:00,5.2721518987341724
2015-04-10 12:30:00,5.490958408679923
2015-04-10 12:35:00,5.749547920433992
2015-04-10 12:40:00,5.819168173598549
2015-04-10 12:45:00,5.759493670886071
2015-04-10 12:50:00,5.6799276672694345
2015-04-10 12:55:00,5.99819168173598
2015-04-10 13:00:00,6.7341772151898684
2015-04-10 13:05:00,7.559674502712473
2015-04-10 13:10:00,8.096745027124769
2015-04-10 13:15:00,7.927667269439417
2015-04-10 13:20:00,7.330922242314642
2015-04-10 13:25:00,6.952983725135619
2015-04-10 13:30:00,7.211573236889686
2015-04-10 13:35:00,7.907775768535256
2015-04-10 13:40:00,8.594032549728746
2015-04-10 13:45:00,8.773056057866178
2015-04-10 13:50:00,8.51446654611211
2015-04-10 13:55:00,8.643761301989144
2015-04-10 14:00:00,9.131103074141043
2015-04-10 14:05:00,9.89692585895117
2015-04-10 14:10:00,10.264918625678114
2015-04-10 14:15:00,9.678119349005419
2015-04-10 14:20:00,8.623869801084986
2015-04-10 14:25:00,7.370705244122961
2015-04-10 14:30:00,6.734177215189868
2015-04-10 14:35:00,6.555153707052436
2015-04-10 14:40:00,6.505424954792037
2015-04-10 14:45:00,6.6844484629294705
2015-04-10 14:50:00,7.221518987341767
2015-04-10 14:55:00,8.096745027124769
2015-04-10 15:00:00,9.399638336347191
2015-04-10 15:05:00,10.433996383363466
2015-04-10 15:10:00,10.732368896925852
2015-04-10 15:15:00,10.056057866184442
2015-04-10 15:20:00,8.623869801084986
2015-04-10 15:25:00,7.320976491862563
2015-04-10 15:30:00,6.306509945750447
2015-04-10 15:35:00,6.047920433996378
2015-04-10 15:40:00,6.296564195298368
2015-04-10 15:45:00,6.8336347197106635
2015-04-10 15:50:00,7.529837251356233
2015-04-10 15:55:00,9.260397830018077
2015-04-10 16:00:00,10.881555153707046
2015-04-10 16:05:00,12.244122965641946
2015-04-10 16:10:00,12.602169981916811
2015-04-10 16:15:00,11.72694394213381
2015-04-10 16:20:00,10.821880650994569
2015-04-10 16:25:00,9.678119349005419
2015-04-10 16:30:00,9.141048824593122
2015-04-10 16:35:00,8.633815551537065
2015-04-10 16:40:00,7.738698010849905
2015-04-10 16:45:00,7.529837251356234
2015-04-10 16:50:00,7.60940325497287
2015-04-10 16:55:00,7.867992766726939
2015-04-10 17:00:00,8.325497287522598
2015-04-10 17:05:00,8.345388788426758
2015-04-10 17:10:00,8.29566003616636
2015-04-10 17:15:00,7.778481012658223
2015-04-10 17:20:00,10.165461121157318
2015-04-10 17:25:00,12.791139240506325
2015-04-10 17:30:00,16.81916817359855
2015-04-10 17:35:00,20.69801084990958
2015-04-10 17:40:00,22.209764918625673
2015-04-10 17:45:00,20.300180831826395
2015-04-10 17:50:00,17.157323688969253
2015-04-10 17:55:00,13.934900542495475
2015-04-10 18:00:00,10.235081374321876
2015-04-10 18:05:00,9.359855334538874
2015-04-10 18:10:00,8.355334538878838
2015-04-10 18:15:00,8.2757685352622
2015-04-10 18:20:00,8.405063291139236
2015-04-10 18:25:00,9.19077757685352
2015-04-10 18:30:00,9.598553345388783
2015-04-10 18:35:00,9.598553345388783
2015-04-10 18:40:00,9.300180831826395
2015-04-10 18:45:00,8.97197106690777
2015-04-10 18:50:00,9.061482820976487
2015-04-10 18:55:00,9.131103074141043
2015-04-10 19:00:00,9.21066907775768
2015-04-10 19:05:00,9.150994575045203
2015-04-10 19:10:00,9.081374321880645
2015-04-10 19:15:00,9.021699819168168
2015-04-10 19:20:00,8.763110307414099
2015-04-10 19:25:00,8.355334538878838
2015-04-10 19:30:00,7.728752260397824
2015-04-10 19:35:00,7.102169981916812
2015-04-10 19:40:00,6.555153707052436
2015-04-10 19:45:00,6.087703435804697
2015-04-10 19:50:00,5.938517179023503
2015-04-10 19:55:00,6.147377938517174
2015-04-10 20:00:00,7.012658227848096
2015-04-10 20:05:00,7.967450271247735
2015-04-10 20:10:00,8.673598553345384
2015-04-10 20:15:00,8.633815551537065
2015-04-10 20:20:00,7.7884267631103015
2015-04-10 20:25:00,6.793851717902346
2015-04-10 20:30:00,5.888788426763105
2015-04-10 20:35:00,5.481012658227844
2015-04-10 20:40:00,5.600361663652798
2015-04-10 20:45:00,5.809222423146469
2015-04-10 20:50:00,5.9783001808318215
2015-04-10 20:55:00,5.958408679927662
2015-04-10 21:00:00,5.849005424954788
2015-04-10 21:05:00,5.858951175406866
2015-04-10 21:10:00,5.809222423146469
2015-04-10 21:15:00,5.76943942133815
2015-04-10 21:20:00,5.610307414104877
2015-04-10 21:25:00,5.490958408679923
2015-04-10 21:30:00,5.520795660036161
2015-04-10 21:35:00,5.689873417721515
2015-04-10 21:40:00,5.739602169981912
2015-04-10 21:45:00,5.669981916817354
2015-04-10 21:50:00,5.431283905967446
2015-04-10 21:55:00,5.09312839059674
2015-04-10 22:00:00,4.924050632911387
2015-04-10 22:05:00,5.033453887884262
2015-04-10 22:10:00,5.381555153707048
2015-04-10 22:15:00,5.590415913200719
2015-04-10 22:20:00,5.600361663652798
2015-04-10 22:25:00,5.30198915009041
2015-04-10 22:30:00,5.192585895117536
2015-04-10 22:35:00,5.152802893309217
2015-04-10 22:40:00,5.202531645569615
2015-04-10 22:45:00,4.943942133815546
2015-04-10 22:50:00,4.506329113924045
2015-04-10 22:55:00,4.227848101265818
2015-04-10 23:00:00,4.257685352622056
2015-04-10 23:05:00,4.595840867992761
2015-04-10 23:10:00,4.933996383363467
2015-04-10 23:15:00,5.282097649186252
2015-04-10 23:20:00,5.490958408679922
2015-04-10 23:25:00,5.610307414104877
2015-04-10 23:30:00,5.610307414104877
2015-04-10 23:35:00,5.5506329113924
2015-04-10 23:40:00,5.580470162748639
2015-04-10 23:45:00,5.520795660036161
2015-04-10 23:50:00,5.4213381555153655
2015-04-10 23:55:00,5.32188065099457
2015-04-11 00:00:00,5.182640144665456
2015-04-11 00:05:00,5.142857142857137
2015-04-11 00:10:00,5.232368896925854
2015-04-11 00:15:00,5.381555153707048
2015-04-11 00:20:00,5.4213381555153655
2015-04-11 00:25:00,5.262206148282092
2015-04-11 00:30:00,5.182640144665456
2015-04-11 00:35:00,5.10307414104882
2015-04-11 00:40:00,5.1229656419529785
2015-04-11 00:45:00,5.4710669077757625
2015-04-11 00:50:00,5.699819168173594
2015-04-11 00:55:00,5.868896925858946
2015-04-11 01:00:00,5.630198915009037
2015-04-11 01:05:00,5.3218806509945695
2015-04-11 01:10:00,5.182640144665456
2015-04-11 01:15:00,4.983725135623865
2015-04-11 01:20:00,5.073236889692581
2015-04-11 01:25:00,5.003616636528023
2015-04-11 01:30:00,4.824593128390591
2015-04-11 01:35:00,4.625678119349001
2015-04-11 01:40:00,4.377034358047011
2015-04-11 01:45:00,4.307414104882454
2015-04-11 01:50:00,4.357142857142852
2015-04-11 01:55:00,4.536166365280284
2015-04-11 02:00:00,4.834538878842671
2015-04-11 02:05:00,4.983725135623865
2015-04-11 02:10:00,4.884267631103069
2015-04-11 02:15:00,4.695298372513557
2015-04-11 02:20:00,4.486437613019886
2015-04-11 02:25:00,4.456600361663647
2015-04-11 02:30:00,4.496383363471966
2015-04-11 02:35:00,4.516274864376125
2015-04-11 02:40:00,4.426763110307409
2015-04-11 02:45:00,4.098553345388783
2015-04-11 02:50:00,3.959312839059669
2015-04-11 02:55:00,3.989150090415908
2015-04-11 03:00:00,4.237793851717897
2015-04-11 03:05:00,4.317359855334534
2015-04-11 03:10:00,4.237793851717897
2015-04-11 03:15:00,4.198010849909579
2015-04-11 03:20:00,4.207956600361658
2015-04-11 03:25:00,4.476491862567808
2015-04-11 03:30:00,4.566003616636523
2015-04-11 03:35:00,4.506329113924046
2015-04-11 03:40:00,4.108499095840863
2015-04-11 03:45:00,3.889692585895113
2015-04-11 03:50:00,3.740506329113919
2015-04-11 03:55:00,3.7504520795659984
2015-04-11 04:00:00,3.8499095840867934
2015-04-11 04:05:00,4.0090415913200665
2015-04-11 04:10:00,4.188065099457499
2015-04-11 04:15:00,4.088607594936703
2015-04-11 04:20:00,3.8200723327305557
2015-04-11 04:25:00,3.302893309222418
2015-04-11 04:30:00,2.9647377938517123
2015-04-11 04:35:00,2.865280289330917
2015-04-11 04:40:00,3.2730560578661794
2015-04-11 04:45:00,3.989150090415908
2015-04-11 04:50:00,4.8643761301989095
2015-04-11 04:55:00,5.799276672694389
2015-04-11 05:00:00,6.545207956600356
2015-04-11 05:05:00,7.221518987341767
2015-04-11 05:10:00,7.499999999999995
2015-04-11 05:15:00,7.629294755877029
2015-04-11 05:20:00,7.977396021699814
2015-04-11 05:25:00,11.000904159132002
2015-04-11 05:30:00,15.118444846292943
2015-04-11 05:35:00,19.216094032549726
2015-04-11 05:40:00,23.015370705244116
2015-04-11 05:45:00,24.0
2015-04-11 05:50:00,24.0
2015-04-11 05:55:00,24.0
2015-04-11 06:00:00,24.0
2015-04-11 06:05:00,22.50813743218806
2015-04-11 06:10:00,18.43037974683544
2015-04-11 06:15:00,13.179023508137428
2015-04-11 06:20:00,7.708860759493666
2015-04-11 06:25:00,3.700723327305601
2015-04-11 06:30:00,2.2784810126582227
2015-04-11 06:35:00,2.0298372513562333
2015-04-11 06:40:00,2.1193490054249495
2015-04-11 06:45:00,2.248643761301984
2015-04-11 06:50:00,2.2983725135623816
2015-04-11 06:55:00,2.2983725135623816
2015-04-11 07:00:00,2.179023508137427
2015-04-11 07:05:00,2.0497287522603926
2015-04-11 07:10:00,2.0
2015-04-11 07:15:00,2.0298372513562333
2015-04-11 07:20:00,2.0298372513562333
2015-04-11 07:25:00,2.0298372513562333
2015-04-11 07:30:00,2.0298372513562333
2015-04-11 07:35:00,2.0
2015-04-11 07:40:00,2.0
2015-04-11 07:45:00,2.0
2015-04-11 07:50:00,2.0
2015-04-11 07:55:00,2.0
2015-04-11 08:00:00,2.0
2015-04-11 08:05:00,2.0
2015-04-11 08:10:00,2.0497287522603926
2015-04-11 08:15:00,2.218806509945745
2015-04-11 08:20:00,2.547016274864371
2015-04-11 08:25:00,2.8056057866184396
2015-04-11 08:30:00,2.954792043399633
2015-04-11 08:35:00,2.9647377938517123
2015-04-11 08:40:00,2.845388788426758
2015-04-11 08:45:00,2.8354430379746782
2015-04-11 08:50:00,2.7857142857142803
2015-04-11 08:55:00,2.7359855334538827
2015-04-11 09:00:00,2.5569620253164502
2015-04-11 09:05:00,2.3083182640144613
2015-04-11 09:10:00,2.159132007233268
2015-04-11 09:15:00,2.0298372513562333
2015-04-11 09:20:00,2.0
2015-04-11 09:25:00,2.0
2015-04-11 09:30:00,2.0
2015-04-11 09:35:00,2.0
2015-04-11 09:40:00,2.0
2015-04-11 09:45:00,2.0795660036166312
2015-04-11 09:50:00,2.179023508137427
2015-04-11 09:55:00,2.387884267631098
2015-04-11 10:00:00,2.387884267631098
2015-04-11 10:05:00,2.3083182640144613
2015-04-11 10:10:00,2.208860759493666
2015-04-11 10:15:00,2.0
2015-04-11 10:20:00,2.0
2015-04-11 10:25:00,2.0
2015-04-11 10:30:00,2.0
2015-04-11 10:35:00,2.0
2015-04-11 10:40:00,2.0
2015-04-11 10:45:00,2.0
2015-04-11 10:50:00,2.0
2015-04-11 10:55:00,2.0696202531645516
2015-04-11 11:00:00,2.0994575045207906
2015-04-11 11:05:00,2.0994575045207906
2015-04-11 11:10:00,2.0994575045207906
2015-04-11 11:15:00,2.0298372513562333
2015-04-11 11:20:00,2.0
2015-04-11 11:25:00,2.0
2015-04-11 11:30:00,2.0
2015-04-11 11:35:00,2.0
2015-04-11 11:40:00,2.0
2015-04-11 11:45:00,2.0
2015-04-11 11:50:00,2.0
2015-04-11 11:55:00,2.0
2015-04-11 12:00:00,2.208860759493666
2015-04-11 12:05:00,2.4376130198914954
2015-04-11 12:10:00,2.8354430379746782
2015-04-11 12:15:00,3.0542495479204286
2015-04-11 12:20:00,3.1934900542495424
2015-04-11 12:25:00,3.173598553345384
2015-04-11 12:30:00,3.203435804701622
2015-04-11 12:35:00,3.422242314647373
2015-04-11 12:40:00,3.4620253164556907
2015-04-11 12:45:00,3.4122965641952927
2015-04-11 12:50:00,3.0641952983725083
2015-04-11 12:55:00,2.825497287522598
2015-04-11 13:00:00,2.7857142857142803
2015-04-11 13:05:00,3.084086799276667
2015-04-11 13:10:00,3.4122965641952927
2015-04-11 13:15:00,3.5415913200723277
2015-04-11 13:20:00,3.432188065099452
2015-04-11 13:25:00,3.183544303797463
2015-04-11 13:30:00,3.0542495479204286
2015-04-11 13:35:00,2.9846292947558712
2015-04-11 13:40:00,3.1835443037974627
2015-04-11 13:45:00,3.2531645569620196
2015-04-11 13:50:00,3.322784810126577
2015-04-11 13:55:00,3.7007233273056
2015-04-11 14:00:00,4.496383363471965
2015-04-11 14:05:00,5.938517179023503
2015-04-11 14:10:00,7.181735985533448
2015-04-11 14:15:00,7.81826401446654
2015-04-11 14:20:00,7.629294755877029
2015-04-11 14:25:00,7.022603978300175
2015-04-11 14:30:00,10.225135623869797
2015-04-11 14:35:00,14.452079566003611
2015-04-11 14:40:00,18.907775768535256
2015-04-11 14:45:00,22.07052441229656
2015-04-11 14:50:00,20.757685352622055
2015-04-11 14:55:00,17.744122965641946
2015-04-11 15:00:00,14.48191681735985
2015-04-11 15:05:00,12.363471971066902
2015-04-11 15:10:00,10.961121157323682
2015-04-11 15:15:00,10.254972875226034
2015-04-11 15:20:00,9.568716094032544
2015-04-11 15:25:00,8.763110307414099
2015-04-11 15:30:00,7.778481012658222
2015-04-11 15:35:00,6.992766726943937
2015-04-11 15:40:00,6.366184448462924
2015-04-11 15:45:00,6.107594936708856
2015-04-11 15:50:00,6.396021699819163
2015-04-11 15:55:00,6.873417721518982
2015-04-11 16:00:00,7.191681735985528
2015-04-11 16:05:00,7.052441229656415
2015-04-11 16:10:00,6.654611211573232
2015-04-11 16:15:00,6.405967450271243
2015-04-11 16:20:00,6.455696202531641
2015-04-11 16:25:00,6.654611211573231
2015-04-11 16:30:00,6.833634719710664
2015-04-11 16:35:00,6.644665461121152
2015-04-11 16:40:00,6.396021699819163
2015-04-11 16:45:00,6.087703435804696
2015-04-11 16:50:00,5.709764918625672
2015-04-11 16:55:00,5.3716094032549675
2015-04-11 17:00:00,4.8643761301989095
2015-04-11 17:05:00,4.506329113924046
2015-04-11 17:10:00,4.1880650994575
2015-04-11 17:15:00,3.979204339963829
2015-04-11 17:20:00,3.979204339963829
2015-04-11 17:25:00,3.94936708860759
2015-04-11 17:30:00,3.9990958408679873
2015-04-11 17:35:00,4.018987341772147
2015-04-11 17:40:00,4.038878842676306
2015-04-11 17:45:00,4.148282097649181
2015-04-11 17:50:00,4.198010849909579
2015-04-11 17:55:00,4.327305605786613
2015-04-11 18:00:00,4.357142857142852
2015-04-11 18:05:00,4.476491862567807
2015-04-11 18:10:00,4.834538878842671
2015-04-11 18:15:00,5.242314647377933
2015-04-11 18:20:00,5.610307414104877
2015-04-11 18:25:00,5.729656419529832
2015-04-11 18:30:00,5.610307414104877
2015-04-11 18:35:00,5.292043399638332
2015-04-11 18:40:00,5.043399638336343
2015-04-11 18:45:00,4.914104882459308
2015-04-11 18:50:00,4.924050632911388
2015-04-11 18:55:00,5.083182640144661
2015-04-11 19:00:00,5.391500904159127
2015-04-11 19:05:00,5.610307414104877
2015-04-11 19:10:00,5.461121157323684
2015-04-11 19:15:00,4.993670886075945
2015-04-11 19:20:00,4.377034358047011
2015-04-11 19:25:00,3.989150090415908
2015-04-11 19:30:00,3.9792043399638284
2015-04-11 19:35:00,4.625678119349001
2015-04-11 19:40:00,5.292043399638331
2015-04-11 19:45:00,5.7793851717902305
2015-04-11 19:50:00,5.948462929475583
2015-04-11 19:55:00,5.938517179023504
2015-04-11 20:00:00,6.057866184448458
2015-04-11 20:05:00,6.1274864376130145
2015-04-11 20:10:00,6.266726943942128
2015-04-11 20:15:00,6.028028933092219
2015-04-11 20:20:00,5.679927667269434
2015-04-11 20:25:00,5.301989150090411
2015-04-11 20:30:00,4.933996383363467
2015-04-11 20:35:00,4.5660036166365225
2015-04-11 20:40:00,4.0587703435804645
2015-04-11 20:45:00,3.7504520795659984
2015-04-11 20:50:00,3.5714285714285663
2015-04-11 20:55:00,3.650994575045203
2015-04-11 21:00:00,3.7703435804701573
2015-04-11 21:05:00,3.9792043399638284
2015-04-11 21:10:00,4.1582278481012604
2015-04-11 21:15:00,4.297468354430374
2015-04-11 21:20:00,4.377034358047011
2015-04-11 21:25:00,4.357142857142852
2015-04-11 21:30:00,4.347197106690773
2015-04-11 21:35:00,4.287522603978295
2015-04-11 21:40:00,4.40687160940325
2015-04-11 21:45:00,4.575949367088603
2015-04-11 21:50:00,4.745027124773955
2015-04-11 21:55:00,4.814647377938512
2015-04-11 22:00:00,6.952983725135619
2015-04-11 22:05:00,9.250452079565997
2015-04-11 22:10:00,11.796564195298366
2015-04-11 22:15:00,12.343580470162744
2015-04-11 22:20:00,10.55334538878842
2015-04-11 22:25:00,8.30560578661844
2015-04-11 22:30:00,5.650090415913195
2015-04-11 22:35:00,5.10307414104882
2015-04-11 22:40:00,4.675406871609399
2015-04-11 22:45:00,4.386980108499091
2015-04-11 22:50:00,4.168173598553341
2015-04-11 22:55:00,3.919529837251351
2015-04-11 23:00:00,3.9394213381555105
2015-04-11 23:05:00,4.486437613019887
2015-04-11 23:10:00,5.192585895117536
2015-04-11 23:15:00,5.8788426763110255
2015-04-11 23:20:00,5.9285714285714235
2015-04-11 23:25:00,5.461121157323683
2015-04-11 23:30:00,4.933996383363466
2015-04-11 23:35:00,4.6654611211573185
2015-04-11 23:40:00,4.983725135623865
2015-04-11 23:45:00,5.2224231464737745
2015-04-11 23:50:00,5.172694394213377
2015-04-11 23:55:00,4.6654611211573185
2015-04-12 00:00:00,4.078661844484625
2015-04-12 00:05:00,3.8101265822784764
2015-04-12 00:10:00,3.8996383363471923
2015-04-12 00:15:00,4.1582278481012604
2015-04-12 00:20:00,4.227848101265818
2015-04-12 00:25:00,4.16817359855334
2015-04-12 00:30:00,4.038878842676306
2015-04-12 00:35:00,3.93942133815551
2015-04-12 00:40:00,4.068716094032545
2015-04-12 00:45:00,4.317359855334534
2015-04-12 00:50:00,5.09312839059674
2015-04-12 00:55:00,5.819168173598547
2015-04-12 01:00:00,6.425858951175401
2015-04-12 01:05:00,6.366184448462924
2015-04-12 01:10:00,5.849005424954787
2015-04-12 01:15:00,5.540687160940321
2015-04-12 01:20:00,5.500904159132002
2015-04-12 01:25:00,6.037974683544299
2015-04-12 01:30:00,6.316455696202526
2015-04-12 01:35:00,6.545207956600356
2015-04-12 01:40:00,6.425858951175401
2015-04-12 01:45:00,6.366184448462924
2015-04-12 01:50:00,6.415913200723322
2015-04-12 01:55:00,6.425858951175402
2015-04-12 02:00:00,6.475587703435799
2015-04-12 02:05:00,6.256781193490049
2015-04-12 02:10:00,6.047920433996378
2015-04-12 02:15:00,5.968354430379741
2015-04-12 02:20:00,6.047920433996378
2015-04-12 02:25:00,6.207052441229651
2015-04-12 02:30:00,5.998191681735981
2015-04-12 02:35:00,5.232368896925854
2015-04-12 02:40:00,4.227848101265818
2015-04-12 02:45:00,3.2631103074140992
2015-04-12 02:50:00,2.696202531645564
2015-04-12 02:55:00,2.467450271247734
2015-04-12 03:00:00,2.4077757685352568
2015-04-12 03:05:00,2.397830018083177
2015-04-12 03:10:00,2.3878842676310974
2015-04-12 03:15:00,2.5470162748643705
2015-04-12 03:20:00,2.79566003616636
2015-04-12 03:25:00,2.9547920433996326
2015-04-12 03:30:00,3.203435804701622
2015-04-12 03:35:00,3.591320072332725
2015-04-12 03:40:00,4.367088607594932
2015-04-12 03:45:00,5.242314647377933
2015-04-12 03:50:00,5.908679927667263
2015-04-12 03:55:00,6.097649186256776
2015-04-12 04:00:00,5.590415913200719
2015-04-12 04:05:00,4.774864376130194
2015-04-12 04:10:00,3.8698010849909528
2015-04-12 04:15:00,3.0940325497287473
2015-04-12 04:20:00,2.517179023508132
2015-04-12 04:25:00,2.2386980108499044
2015-04-12 04:30:00,2.149186256781188
2015-04-12 04:35:00,2.2486437613019836
2015-04-12 04:40:00,2.377938517179018
2015-04-12 04:45:00,2.5072332730560527
2015-04-12 04:50:00,2.7658227848101213
2015-04-12 04:55:00,2.8951175406871554
2015-04-12 05:00:00,2.924954792043394
2015-04-12 05:05:00,2.7558770343580417
2015-04-12 05:10:00,2.477396021699814
2015-04-12 05:15:00,2.3381555153707
2015-04-12 05:20:00,2.2784810126582227
2015-04-12 05:25:00,2.4873417721518933
2015-04-12 05:30:00,2.636528028933087
2015-04-12 05:35:00,2.706148282097644
2015-04-12 05:40:00,2.706148282097644
2015-04-12 05:45:00,2.6962025316455644
2015-04-12 05:50:00,2.676311030741405
2015-04-12 05:55:00,2.765822784810121
2015-04-12 06:00:00,2.915009041591315
2015-04-12 06:05:00,2.9448462929475534
2015-04-12 06:10:00,2.8354430379746782
2015-04-12 06:15:00,2.626582278481007
2015-04-12 06:20:00,2.447558770343575
2015-04-12 06:25:00,2.4077757685352568
2015-04-12 06:30:00,2.5370705244122913
2015-04-12 06:35:00,2.606690777576848
2015-04-12 06:40:00,2.517179023508132
2015-04-12 06:45:00,2.3083182640144613
2015-04-12 06:50:00,2.149186256781188
2015-04-12 06:55:00,2.0
2015-04-12 07:00:00,2.10940325497287
2015-04-12 07:05:00,2.198915009041586
2015-04-12 07:10:00,2.198915009041586
2015-04-12 07:15:00,2.198915009041586
2015-04-12 07:20:00,2.089511754068711
2015-04-12 07:25:00,2.0497287522603926
2015-04-12 07:30:00,2.0497287522603926
2015-04-12 07:35:00,2.0497287522603926
2015-04-12 07:40:00,2.0497287522603926
2015-04-12 07:45:00,2.2585895117540633
2015-04-12 07:50:00,2.8254972875225985
2015-04-12 07:55:00,3.591320072332725
2015-04-12 08:00:00,4.257685352622056
2015-04-12 08:05:00,4.426763110307409
2015-04-12 08:10:00,4.118444846292943
2015-04-12 08:15:00,3.621157323688964
2015-04-12 08:20:00,3.3625678119348947
2015-04-12 08:25:00,3.4421338155515318
2015-04-12 08:30:00,3.621157323688964
2015-04-12 08:35:00,3.730560578661839
2015-04-12 08:40:00,3.432188065099452
2015-04-12 08:45:00,2.9647377938517123
2015-04-12 08:50:00,2.5271247739602116
2015-04-12 08:55:00,2.149186256781188
2015-04-12 09:00:00,2.039783001808313
2015-04-12 09:05:00,2.0
2015-04-12 09:10:00,2.0
2015-04-12 09:15:00,2.0
2015-04-12 09:20:00,2.0
2015-04-12 09:25:00,2.0
2015-04-12 09:30:00,2.0
2015-04-12 09:35:00,2.0
2015-04-12 09:40:00,2.0
2015-04-12 09:45:00,2.0
2015-04-12 09:50:00,2.0
2015-04-12 09:55:00,2.089511754068711
2015-04-12 10:00:00,2.1889692585895064
2015-04-12 10:05:00,2.3978300180831775
2015-04-12 10:10:00,2.3978300180831775
2015-04-12 10:15:00,2.3083182640144613
2015-04-12 10:20:00,2.208860759493666
2015-04-12 10:25:00,2.039783001808313
2015-04-12 10:30:00,2.089511754068711
2015-04-12 10:35:00,2.089511754068711
2015-04-12 10:40:00,2.089511754068711
2015-04-12 10:45:00,2.0497287522603926
2015-04-12 10:50:00,2.0
2015-04-12 10:55:00,2.0
2015-04-12 11:00:00,2.0
2015-04-12 11:05:00,2.0
2015-04-12 11:10:00,2.039783001808313
2015-04-12 11:15:00,2.2585895117540633
2015-04-12 11:20:00,2.4575045207956547
2015-04-12 11:25:00,2.6663652802893254
2015-04-12 11:30:00,2.7061482820976437
2015-04-12 11:35:00,2.6962025316455644
2015-04-12 11:40:00,2.7061482820976437
2015-04-12 11:45:00,2.7558770343580417
2015-04-12 11:50:00,2.8056057866184396
2015-04-12 11:55:00,2.7260397830018026
2015-04-12 12:00:00,2.5967450271247685
2015-04-12 12:05:00,2.467450271247734
2015-04-12 12:10:00,2.447558770343575
2015-04-12 12:15:00,2.447558770343575
2015-04-12 12:20:00,2.4376130198914954
2015-04-12 12:25:00,2.4376130198914954
2015-04-12 12:30:00,2.4077757685352568
2015-04-12 12:35:00,2.3481012658227796
2015-04-12 12:40:00,2.2983725135623816
2015-04-12 12:45:00,2.198915009041586
2015-04-12 12:50:00,2.427667269439416
2015-04-12 12:55:00,2.6862567811934848
2015-04-12 13:00:00,3.1139240506329067
2015-04-12 13:05:00,3.432188065099452
2015-04-12 13:10:00,3.571428571428566
2015-04-12 13:15:00,3.690777576853521
2015-04-12 13:20:00,3.591320072332725
2015-04-12 13:25:00,3.5018083182640094
2015-04-12 13:30:00,3.273056057866179
2015-04-12 13:35:00,3.094032549728747
2015-04-12 13:40:00,2.934900542495474
2015-04-12 13:45:00,2.865280289330917
2015-04-12 13:50:00,2.7061482820976437
2015-04-12 13:55:00,2.6464737793851665
2015-04-12 14:00:00,2.6862567811934848
2015-04-12 14:05:00,2.865280289330917
2015-04-12 14:10:00,3.074141048824588
2015-04-12 14:15:00,3.25316455696202
2015-04-12 14:20:00,3.322784810126577
2015-04-12 14:25:00,3.412296564195293
2015-04-12 14:30:00,3.412296564195293
2015-04-12 14:35:00,3.3128390596744977
2015-04-12 14:40:00,3.2631103074140997
2015-04-12 14:45:00,3.1537070524412245
2015-04-12 14:50:00,3.302893309222418
2015-04-12 14:55:00,3.4023508137432135
2015-04-12 15:00:00,3.6112115732368846
2015-04-12 15:05:00,3.7504520795659984
2015-04-12 15:10:00,3.919529837251351
2015-04-12 15:15:00,3.9990958408679873
2015-04-12 15:20:00,3.9792043399638284
2015-04-12 15:25:00,3.8598553345388735
2015-04-12 15:30:00,3.839963833634714
2015-04-12 15:35:00,3.889692585895112
2015-04-12 15:40:00,4.078661844484624
2015-04-12 15:45:00,4.337251356238693
2015-04-12 15:50:00,4.386980108499091
2015-04-12 15:55:00,4.476491862567807
2015-04-12 16:00:00,4.546112115732364
2015-04-12 16:05:00,4.735081374321876
2015-04-12 16:10:00,4.88426763110307
2015-04-12 16:15:00,4.804701627486432
2015-04-12 16:20:00,4.526220614828205
2015-04-12 16:25:00,4.2676311030741365
2015-04-12 16:30:00,4.655515370705239
2015-04-12 16:35:00,5.381555153707048
2015-04-12 16:40:00,5.938517179023504
2015-04-12 16:45:00,5.769439421338151
2015-04-12 16:50:00,5.013562386980103
2015-04-12 16:55:00,4.4665461121157275
2015-04-12 17:00:00,4.377034358047012
2015-04-12 17:05:00,4.804701627486433
2015-04-12 17:10:00,5.152802893309217
2015-04-12 17:15:00,5.162748643761296
2015-04-12 17:20:00,5.043399638336342
2015-04-12 17:25:00,4.943942133815546
2015-04-12 17:30:00,4.824593128390591
2015-04-12 17:35:00,4.685352622061478
2015-04-12 17:40:00,4.377034358047011
2015-04-12 17:45:00,4.267631103074136
2015-04-12 17:50:00,4.357142857142852
2015-04-12 17:55:00,4.7151898734177164
2015-04-12 18:00:00,5.152802893309217
2015-04-12 18:05:00,5.5705244122965585
2015-04-12 18:10:00,5.918625678119344
2015-04-12 18:15:00,6.296564195298367
2015-04-12 18:20:00,6.823688969258584
2015-04-12 18:25:00,7.430379746835437
2015-04-12 18:30:00,7.887884267631097
2015-04-12 18:35:00,8.106690777576848
2015-04-12 18:40:00,8.206148282097644
2015-04-12 18:45:00,8.265822784810121
2015-04-12 18:50:00,8.33544303797468
2015-04-12 18:55:00,8.265822784810121
2015-04-12 19:00:00,8.08679927667269
2015-04-12 19:05:00,7.499999999999995
2015-04-12 19:10:00,6.8336347197106635
2015-04-12 19:15:00,6.69439421338155
2015-04-12 19:20:00,7.13200723327305
2015-04-12 19:25:00,7.718806509945745
2015-04-12 19:30:00,7.977396021699814
2015-04-12 19:35:00,7.569620253164551
2015-04-12 19:40:00,6.773960216998186
2015-04-12 19:45:00,6.067811934900536
2015-04-12 19:50:00,5.660036166365274
2015-04-12 19:55:00,5.461121157323684
2015-04-12 20:00:00,5.063291139240501
2015-04-12 20:05:00,4.85443037974683
2015-04-12 20:10:00,4.725135623869796
2015-04-12 20:15:00,4.476491862567807
2015-04-12 20:20:00,4.327305605786613
2015-04-12 20:25:00,4.128390596745022
2015-04-12 20:30:00,4.048824593128385
2015-04-12 20:35:00,3.979204339963829
2015-04-12 20:40:00,3.8499095840867943
2015-04-12 20:45:00,3.6509945750452024
2015-04-12 20:50:00,3.4520795660036114
2015-04-12 20:55:00,3.5117540687160886
2015-04-12 21:00:00,3.8001808318263963
2015-04-12 21:05:00,4.118444846292943
2015-04-12 21:10:00,4.367088607594932
2015-04-12 21:15:00,4.556057866184443
2015-04-12 21:20:00,4.566003616636523
2015-04-12 21:25:00,4.585895117540682
2015-04-12 21:30:00,4.536166365280284
2015-04-12 21:35:00,4.4168173598553295
2015-04-12 21:40:00,4.148282097649181
2015-04-12 21:45:00,3.6609403254972825
2015-04-12 21:50:00,3.2730560578661794
2015-04-12 21:55:00,2.915009041591315
2015-04-12 22:00:00,2.974683544303792
2015-04-12 22:05:00,3.2034358047016225
2015-04-12 22:10:00,3.601265822784805
2015-04-12 22:15:00,3.9095840867992715
2015-04-12 22:20:00,3.9095840867992715
2015-04-12 22:25:00,3.7504520795659984
2015-04-12 22:30:00,3.5216998191681683
2015-04-12 22:35:00,3.5018083182640094
2015-04-12 22:40:00,3.581374321880646
2015-04-12 22:45:00,3.670886075949362
2015-04-12 22:50:00,3.71066907775768
2015-04-12 22:55:00,3.621157323688964
2015-04-12 23:00:00,3.621157323688964
2015-04-12 23:05:00,6.00813743218806
2015-04-12 23:10:00,10.80198915009041
2015-04-12 23:15:00,15.933996383363466
2015-04-12 23:20:00,19.70343580470162
2015-04-12 23:25:00,19.50452079566003
2015-04-12 23:30:00,16.421338155515365
2015-04-12 23:35:00,12.999999999999993
2015-04-12 23:40:00,10.5632911392405
2015-04-12 23:45:00,9.688065099457498
2015-04-12 23:50:00,9.16094032549728
2015-04-12 23:55:00,8.613924050632907
2015-04-13 00:00:00,8.405063291139236
2015-04-13 00:05:00,8.186256781193485
2015-04-13 00:10:00,8.245931283905962
2015-04-13 00:15:00,8.29566003616636
2015-04-13 00:20:00,8.096745027124769
2015-04-13 00:25:00,8.06690777576853
2015-04-13 00:30:00,7.738698010849905
2015-04-13 00:35:00,7.430379746835437
2015-04-13 00:40:00,6.962929475587698
2015-04-13 00:45:00,6.644665461121152
2015-04-13 00:50:00,6.863471971066903
2015-04-13 00:55:00,7.629294755877028
2015-04-13 01:00:00,8.862567811934895
2015-04-13 01:05:00,9.548824593128385
2015-04-13 01:10:00,9.250452079565997
2015-04-13 01:15:00,8.05696202531645
2015-04-13 01:20:00,6.67450271247739
2015-04-13 01:25:00,5.630198915009037
2015-04-13 01:30:00,5.381555153707048
2015-04-13 01:35:00,5.669981916817354
2015-04-13 01:40:00,5.9285714285714235
2015-04-13 01:45:00,6.018083182640139
2015-04-13 01:50:00,5.799276672694388
2015-04-13 01:55:00,5.490958408679922
2015-04-13 02:00:00,5.282097649186252
2015-04-13 02:05:00,5.063291139240501
2015-04-13 02:10:00,5.023508137432183
2015-04-13 02:15:00,4.884267631103069
2015-04-13 02:20:00,4.844484629294751
2015-04-13 02:25:00,4.904159132007228
2015-04-13 02:30:00,4.953887884267626
2015-04-13 02:35:00,4.933996383363467
2015-04-13 02:40:00,4.725135623869797
2015-04-13 02:45:00,4.446654611211568
2015-04-13 02:50:00,4.198010849909579
2015-04-13 02:55:00,4.138336347197102
2015-04-13 03:00:00,4.257685352622056
2015-04-13 03:05:00,4.486437613019887
2015-04-13 03:10:00,4.4665461121157275
2015-04-13 03:15:00,4.297468354430375
2015-04-13 03:20:00,4.078661844484625
2015-04-13 03:25:00,4.088607594936704
2015-04-13 03:30:00,4.227848101265818
2015-04-13 03:35:00,4.4168173598553295
2015-04-13 03:40:00,4.536166365280284
2015-04-13 03:45:00,5.093128390596739
2015-04-13 03:50:00,5.77938517179023
2015-04-13 03:55:00,6.594936708860754
2015-04-13 04:00:00,7.052441229656414
2015-04-13 04:05:00,7.1419529837251305
2015-04-13 04:10:00,7.231464737793846
2015-04-13 04:15:00,7.231464737793846
2015-04-13 04:20:00,7.3905967450271195
2015-04-13 04:25:00,7.301084990958403
2015-04-13 04:30:00,6.992766726943937
2015-04-13 04:35:00,6.793851717902345
2015-04-13 04:40:00,6.5849909584086745
2015-04-13 04:45:00,6.23688969258589
2015-04-13 04:50:00,5.9285714285714235
2015-04-13 04:55:00,5.481012658227843
2015-04-13 05:00:00,5.242314647377933
2015-04-13 05:05:00,4.87432188065099
2015-04-13 05:10:00,4.416817359855329
2015-04-13 05:15:00,3.9692585895117487
2015-04-13 05:20:00,3.591320072332725
2015-04-13 05:25:00,3.7007233273056004
2015-04-13 05:30:00,3.889692585895113
2015-04-13 05:35:00,3.9195298372513516
2015-04-13 05:40:00,3.690777576853521
2015-04-13 05:45:00,3.2730560578661794
2015-04-13 05:50:00,3.074141048824588
2015-04-13 05:55:00,3.133815551537065
2015-04-13 06:00:00,3.4918625678119297
2015-04-13 06:05:00,3.8499095840867943
2015-04-13 06:10:00,4.088607594936704
2015-04-13 06:15:00,4.347197106690773
2015-04-13 06:20:00,4.4168173598553295
2015-04-13 06:25:00,4.227848101265818
2015-04-13 06:30:00,3.8001808318263963
2015-04-13 06:35:00,3.2233273056057814
2015-04-13 06:40:00,2.716094032549724
2015-04-13 06:45:00,2.367992766726939
2015-04-13 06:50:00,2.228752260397825
2015-04-13 06:55:00,2.1193490054249495
2015-04-13 07:00:00,2.0696202531645516
2015-04-13 07:05:00,2.0795660036166312
2015-04-13 07:10:00,2.0795660036166312
2015-04-13 07:15:00,2.0696202531645516
2015-04-13 07:20:00,2.1392405063291084
2015-04-13 07:25:00,2.2585895117540633
2015-04-13 07:30:00,2.32820976491862
2015-04-13 07:35:00,2.32820976491862
2015-04-13 07:40:00,2.218806509945745
2015-04-13 07:45:00,2.069620253164552
2015-04-13 07:50:00,2.0
2015-04-13 07:55:00,2.0
2015-04-13 08:00:00,2.0
2015-04-13 08:05:00,2.0
2015-04-13 08:10:00,2.0
2015-04-13 08:15:00,2.0
2015-04-13 08:20:00,2.0
2015-04-13 08:25:00,2.0
2015-04-13 08:30:00,2.0
2015-04-13 08:35:00,2.0
2015-04-13 08:40:00,2.0
2015-04-13 08:45:00,2.0
2015-04-13 08:50:00,2.0
2015-04-13 08:55:00,2.179023508137427
2015-04-13 09:00:00,2.4475587703435755
2015-04-13 09:05:00,2.7459312839059624
2015-04-13 09:10:00,2.8553345388788376
2015-04-13 09:15:00,8.176311030741406
2015-04-13 09:20:00,13.407775768535256
2015-04-13 09:25:00,18.60940325497287
2015-04-13 09:30:00,23.18444846292947
2015-04-13 09:35:00,21.264918625678114
2015-04-13 09:40:00,18.8381555153707
2015-04-13 09:45:00,16.132911392405056
2015-04-13 09:50:00,13.944846292947553
2015-04-13 09:55:00,13.169077757685347
2015-04-13 10:00:00,12.960216998191676
2015-04-13 10:05:00,13.039783001808312
2015-04-13 10:10:00,13.109403254972868
2015-04-13 10:15:00,12.761301989150084
2015-04-13 10:20:00,12.303797468354423
2015-04-13 10:25:00,11.746835443037968
2015-04-13 10:30:00,11.23960216998191
2015-04-13 10:35:00,10.821880650994569
2015-04-13 10:40:00,10.404159132007226
2015-04-13 10:45:00,10.026220614828203
2015-04-13 10:50:00,9.787522603978294
2015-04-13 10:55:00,9.598553345388783
2015-04-13 11:00:00,9.737793851717896
2015-04-13 11:05:00,9.956600361663646
2015-04-13 11:10:00,10.58318264014466
2015-04-13 11:15:00,11.110307414104877
2015-04-13 11:20:00,11.329113924050628
2015-04-13 11:25:00,11.24954792043399
2015-04-13 11:30:00,10.921338155515365
2015-04-13 11:35:00,10.80198915009041
2015-04-13 11:40:00,10.404159132007226
2015-04-13 11:45:00,10.155515370705238
2015-04-13 11:50:00,9.678119349005419
2015-04-13 11:55:00,9.170886075949362
2015-04-13 12:00:00,8.872513562386974
2015-04-13 12:05:00,9.071428571428566
2015-04-13 12:10:00,9.469258589511748
2015-04-13 12:15:00,9.847197106690771
2015-04-13 12:20:00,9.906871609403249
2015-04-13 12:25:00,9.240506329113918
2015-04-13 12:30:00,8.564195298372509
2015-04-13 12:35:00,7.82820976491862
2015-04-13 12:40:00,7.619349005424949
2015-04-13 12:45:00,7.619349005424949
2015-04-13 12:50:00,7.629294755877029
2015-04-13 12:55:00,11.73688969258589
2015-04-13 13:00:00,15.735081374321876
2015-04-13 13:05:00,19.872513562386974
2015-04-13 13:10:00,21.871609403254965
2015-04-13 13:15:00,18.271247739602163
2015-04-13 13:20:00,14.163652802893303
2015-04-13 13:25:00,10.115732368896918
2015-04-13 13:30:00,8.355334538878836
2015-04-13 13:35:00,7.957504520795654
2015-04-13 13:40:00,8.04701627486437
2015-04-13 13:45:00,8.007233273056052
2015-04-13 13:50:00,7.838155515370699
2015-04-13 13:55:00,8.156419529837246
2015-04-13 14:00:00,8.52441229656419
2015-04-13 14:05:00,8.932188065099453
2015-04-13 14:10:00,8.872513562386976
2015-04-13 14:15:00,8.504520795660031
2015-04-13 14:20:00,8.136528028933087
2015-04-13 14:25:00,7.858047016274858
2015-04-13 14:30:00,8.04701627486437
2015-04-13 14:35:00,7.937613019891495
2015-04-13 14:40:00,7.887884267631097
2015-04-13 14:45:00,7.59945750452079
2015-04-13 14:50:00,7.261301989150085
2015-04-13 14:55:00,7.221518987341766
2015-04-13 15:00:00,7.420433996383357
2015-04-13 15:05:00,8.066907775768529
2015-04-13 15:10:00,9.548824593128383
2015-04-13 15:15:00,11.150090415913194
2015-04-13 15:20:00,12.502712477396015
2015-04-13 15:25:00,12.880650994575038
2015-04-13 15:30:00,12.055153707052437
2015-04-13 15:35:00,10.80198915009041
2015-04-13 15:40:00,9.389692585895112
2015-04-13 15:45:00,8.832730560578657
2015-04-13 15:50:00,8.942133815551532
2015-04-13 15:55:00,9.518987341772146
2015-04-13 16:00:00,10.075949367088601
2015-04-13 16:05:00,10.622965641952977
2015-04-13 16:10:00,11.120253164556956
2015-04-13 16:15:00,11.587703435804695
2015-04-13 16:20:00,11.975587703435798
2015-04-13 16:25:00,11.856238698010845
2015-04-13 16:30:00,11.26943942133815
2015-04-13 16:35:00,10.523508137432183
2015-04-13 16:40:00,10.493670886075943
2015-04-13 16:45:00,10.851717902350808
2015-04-13 16:50:00,11.537974683544299
2015-04-13 16:55:00,11.458408679927661
2015-04-13 17:00:00,10.732368896925854
2015-04-13 17:05:00,9.807414104882454
2015-04-13 17:10:00,9.071428571428566
2015-04-13 17:15:00,9.071428571428566
2015-04-13 17:20:00,9.170886075949362
2015-04-13 17:25:00,9.260397830018078
2015-04-13 17:30:00,9.121157323688964
2015-04-13 17:35:00,8.942133815551532
2015-04-13 17:40:00,8.792947558770338
2015-04-13 17:45:00,8.892405063291132
2015-04-13 17:50:00,8.7133815551537
2015-04-13 17:55:00,8.415009041591315
2015-04-13 18:00:00,8.017179023508131
2015-04-13 18:05:00,7.798372513562382
2015-04-13 18:10:00,8.06690777576853
2015-04-13 18:15:00,8.544303797468348
2015-04-13 18:20:00,8.862567811934895
2015-04-13 18:25:00,8.822784810126576
2015-04-13 18:30:00,8.653707052441224
2015-04-13 18:35:00,8.643761301989144
2015-04-13 18:40:00,8.802893309222418
2015-04-13 18:45:00,8.7631103074141
2015-04-13 18:50:00,8.55424954792043
2015-04-13 18:55:00,8.226039783001802
2015-04-13 19:00:00,7.977396021699814
2015-04-13 19:05:00,8.096745027124769
2015-04-13 19:10:00,8.136528028933087
2015-04-13 19:15:00,8.196202531645564
2015-04-13 19:20:00,8.06690777576853
2015-04-13 19:25:00,7.798372513562382
2015-04-13 19:30:00,7.549728752260393
2015-04-13 19:35:00,7.301084990958403
2015-04-13 19:40:00,7.221518987341767
2015-04-13 19:45:00,7.271247739602165
2015-04-13 19:50:00,6.972875226039777
2015-04-13 19:55:00,7.0822784810126524
2015-04-13 20:00:00,7.14195298372513
2015-04-13 20:05:00,7.579566003616631
2015-04-13 20:10:00,7.997287522603973
2015-04-13 20:15:00,8.02712477396021
2015-04-13 20:20:00,8.08679927667269
2015-04-13 20:25:00,7.748643761301984
2015-04-13 20:30:00,7.768535262206143
2015-04-13 20:35:00,7.698915009041586
2015-04-13 20:40:00,7.788426763110302
2015-04-13 20:45:00,7.987341772151893
2015-04-13 20:50:00,8.872513562386974
2015-04-13 20:55:00,9.797468354430373
2015-04-13 21:00:00,10.971066907775763
2015-04-13 21:05:00,11.528028933092218
2015-04-13 21:10:00,11.319168173598548
2015-04-13 21:15:00,10.662748643761294
2015-04-13 21:20:00,9.528933092224225
2015-04-13 21:25:00,9.339963833634712
2015-04-13 21:30:00,9.489150090415908
2015-04-13 21:35:00,10.14556962025316
2015-04-13 21:40:00,10.404159132007226
2015-04-13 21:45:00,10.125678119349
2015-04-13 21:50:00,9.379746835443033
2015-04-13 21:55:00,8.504520795660031
2015-04-13 22:00:00,7.937613019891496
2015-04-13 22:05:00,7.659132007233268
2015-04-13 22:10:00,7.519891500904153
2015-04-13 22:15:00,7.420433996383358
2015-04-13 22:20:00,7.38065099457504
2015-04-13 22:25:00,7.251356238698006
2015-04-13 22:30:00,7.291139240506324
2015-04-13 22:35:00,7.460216998191676
2015-04-13 22:40:00,7.6392405063291084
2015-04-13 22:45:00,7.659132007233268
2015-04-13 22:50:00,7.619349005424949
2015-04-13 22:55:00,7.60940325497287
2015-04-13 23:00:00,7.509945750452074
2015-04-13 23:05:00,7.2911392405063244
2015-04-13 23:10:00,6.863471971066902
2015-04-13 23:15:00,6.286618444846288
2015-04-13 23:20:00,5.948462929475583
2015-04-13 23:25:00,5.99819168173598
2015-04-13 23:30:00,6.545207956600358
2015-04-13 23:35:00,7.012658227848097
2015-04-13 23:40:00,7.420433996383358
2015-04-13 23:45:00,7.629294755877028
2015-04-13 23:50:00,7.6392405063291084
2015-04-13 23:55:00,8.136528028933085
2015-04-14 00:00:00,8.902350813743213
2015-04-14 00:05:00,9.618444846292942
2015-04-14 00:10:00,9.558770343580465
2015-04-14 00:15:00,8.484629294755871
2015-04-14 00:20:00,7.12206148282097
2015-04-14 00:25:00,5.908679927667263
2015-04-14 00:30:00,5.650090415913196
2015-04-14 00:35:00,5.829113924050628
2015-04-14 00:40:00,5.958408679927662
2015-04-14 00:45:00,5.729656419529832
2015-04-14 00:50:00,5.411392405063285
2015-04-14 00:55:00,6.047920433996378
2015-04-14 01:00:00,7.062386980108493
2015-04-14 01:05:00,8.832730560578657
2015-04-14 01:10:00,10.026220614828203
2015-04-14 01:15:00,10.13562386980108
2015-04-14 01:20:00,9.290235081374316
2015-04-14 01:25:00,7.649186256781189
2015-04-14 01:30:00,6.296564195298367
2015-04-14 01:35:00,5.381555153707048
2015-04-14 01:40:00,5.113019891500899
2015-04-14 01:45:00,5.2721518987341724
2015-04-14 01:50:00,5.490958408679923
2015-04-14 01:55:00,5.461121157323684
2015-04-14 02:00:00,5.431283905967446
2015-04-14 02:05:00,5.500904159132002
2015-04-14 02:10:00,7.13200723327305
2015-04-14 02:15:00,9.91681735985533
2015-04-14 02:20:00,13.268535262206145
2015-04-14 02:25:00,16.053345388788422
2015-04-14 02:30:00,17.197106690777574
2015-04-14 02:35:00,16.96835443037974
2015-04-14 02:40:00,15.83453887884267
2015-04-14 02:45:00,14.91952983725135
2015-04-14 02:50:00,14.591320072332724
2015-04-14 02:55:00,14.044303797468348
2015-04-14 03:00:00,13.437613019891494
2015-04-14 03:05:00,12.17450271247739
2015-04-14 03:10:00,10.742314647377931
2015-04-14 03:15:00,9.737793851717896
2015-04-14 03:20:00,9.240506329113918
2015-04-14 03:25:00,9.349909584086793
2015-04-14 03:30:00,8.952079566003611
2015-04-14 03:35:00,8.405063291139236
2015-04-14 03:40:00,7.629294755877029
2015-04-14 03:45:00,7.082278481012654
2015-04-14 03:50:00,6.962929475587698
2015-04-14 03:55:00,9.021699819168168
2015-04-14 04:00:00,12.204339963833629
2015-04-14 04:05:00,15.526220614828205
2015-04-14 04:10:00,17.087703435804695
2015-04-14 04:15:00,16.53074141048824
2015-04-14 04:20:00,15.456600361663646
2015-04-14 04:25:00,13.99457504520795
2015-04-14 04:30:00,13.52712477396021
2015-04-14 04:35:00,12.552441229656415
2015-04-14 04:40:00,10.782097649186252
2015-04-14 04:45:00,9.21066907775768
2015-04-14 04:50:00,8.415009041591315
2015-04-14 04:55:00,8.395117540687156
2015-04-14 05:00:00,8.424954792043396
2015-04-14 05:05:00,7.987341772151894
2015-04-14 05:10:00,7.17179023508137
2015-04-14 05:15:00,6.008137432188061
2015-04-14 05:20:00,5.2224231464737745
2015-04-14 05:25:00,4.943942133815547
2015-04-14 05:30:00,5.083182640144662
2015-04-14 05:35:00,5.292043399638333
2015-04-14 05:40:00,5.411392405063287
2015-04-14 05:45:00,5.35171790235081
2015-04-14 05:50:00,5.242314647377935
2015-04-14 05:55:00,5.461121157323684
2015-04-14 06:00:00,5.76943942133815
2015-04-14 06:05:00,6.296564195298369
2015-04-14 06:10:00,6.594936708860755
2015-04-14 06:15:00,6.555153707052437
2015-04-14 06:20:00,6.455696202531641
2015-04-14 06:25:00,6.167269439421334
2015-04-14 06:30:00,6.216998191681732
2015-04-14 06:35:00,6.1374321880650955
2015-04-14 06:40:00,5.839059674502709
2015-04-14 06:45:00,5.301989150090411
2015-04-14 06:50:00,4.854430379746831
2015-04-14 06:55:00,4.645569620253161
2015-04-14 07:00:00,4.7748643761301945
2015-04-14 07:05:00,4.943942133815547
2015-04-14 07:10:00,4.924050632911388
2015-04-14 07:15:00,5.063291139240501
2015-04-14 07:20:00,4.904159132007229
2015-04-14 07:25:00,4.88426763110307
2015-04-14 07:30:00,4.645569620253161
2015-04-14 07:35:00,4.2179023508137385
2015-04-14 07:40:00,3.879746835443034
2015-04-14 07:45:00,3.6012658227848053
2015-04-14 07:50:00,3.462025316455692
2015-04-14 07:55:00,3.3625678119348965
2015-04-14 08:00:00,3.2631103074141006
2015-04-14 08:05:00,3.084086799276669
2015-04-14 08:10:00,2.7857142857142816
2015-04-14 08:15:00,2.4575045207956556
2015-04-14 08:20:00,2.218806509945746
2015-04-14 08:25:00,2.1889692585895073
2015-04-14 08:30:00,2.248643761301985
2015-04-14 08:35:00,2.566907775768531
2015-04-14 08:40:00,3.05424954792043
2015-04-14 08:45:00,3.4520795660036123
2015-04-14 08:50:00,3.6808318264014424
2015-04-14 08:55:00,3.541591320072329
2015-04-14 09:00:00,3.1537070524412254
2015-04-14 09:05:00,2.8056057866184405
2015-04-14 09:10:00,2.517179023508133
2015-04-14 09:15:00,2.556962025316451
2015-04-14 09:20:00,2.7359855334538836
2015-04-14 09:25:00,2.9746835443037933
2015-04-14 09:30:00,3.1338155515370665
2015-04-14 09:35:00,2.9945750452079523
2015-04-14 09:40:00,2.7757685352622015
2015-04-14 09:45:00,2.467450271247735
2015-04-14 09:50:00,2.328209764918621
2015-04-14 09:55:00,2.4475587703435764
2015-04-14 10:00:00,2.6962025316455653
2015-04-14 10:05:00,3.113924050632907
2015-04-14 10:10:00,3.432188065099453
2015-04-14 10:15:00,3.621157323688965
2015-04-14 10:20:00,3.581374321880647
2015-04-14 10:25:00,3.3526220614828164
2015-04-14 10:30:00,3.223327305605782
2015-04-14 10:35:00,3.203435804701623
2015-04-14 10:40:00,3.6708860759493627
2015-04-14 10:45:00,4.098553345388784
2015-04-14 10:50:00,4.536166365280286
2015-04-14 10:55:00,4.64556962025316
2015-04-14 11:00:00,4.41681735985533
2015-04-14 11:05:00,4.158227848101261
2015-04-14 11:10:00,3.690777576853522
2015-04-14 11:15:00,3.3924050632911347
2015-04-14 11:20:00,3.143761301989146
2015-04-14 11:25:00,3.074141048824589
2015-04-14 11:30:00,3.27305605786618
2015-04-14 11:35:00,3.73056057866184
2015-04-14 11:40:00,4.426763110307409
2015-04-14 11:45:00,5.1229656419529785
2015-04-14 11:50:00,5.610307414104877
2015-04-14 11:55:00,5.79927667269439
2015-04-14 12:00:00,5.9385171790235045
2015-04-14 12:05:00,6.117540687160936
2015-04-14 12:10:00,6.216998191681732
2015-04-14 12:15:00,6.246835443037971
2015-04-14 12:20:00,5.858951175406867
2015-04-14 12:25:00,5.411392405063286
2015-04-14 12:30:00,5.063291139240502
2015-04-14 12:35:00,4.894213381555149
2015-04-14 12:40:00,4.993670886075945
2015-04-14 12:45:00,5.1130198915009
2015-04-14 12:50:00,5.252260397830014
2015-04-14 12:55:00,5.471066907775764
2015-04-14 13:00:00,5.849005424954788
2015-04-14 13:05:00,6.346292947558766
2015-04-14 13:10:00,6.833634719710665
2015-04-14 13:15:00,6.982820976491858
2015-04-14 13:20:00,6.684448462929471
2015-04-14 13:25:00,6.097649186256777
2015-04-14 13:30:00,5.500904159132003
2015-04-14 13:35:00,5.262206148282093
2015-04-14 13:40:00,5.660036166365276
2015-04-14 13:45:00,6.346292947558766
2015-04-14 13:50:00,7.2414104882459265
2015-04-14 13:55:00,7.977396021699814
2015-04-14 14:00:00,8.55424954792043
2015-04-14 14:05:00,9.439421338155512
2015-04-14 14:10:00,13.328209764918622
2015-04-14 14:15:00,17.276672694394207
2015-04-14 14:20:00,20.886980108499092
2015-04-14 14:25:00,24.0
2015-04-14 14:30:00,24.0
2015-04-14 14:35:00,24.0
2015-04-14 14:40:00,24.0
2015-04-14 14:45:00,24.0
2015-04-14 14:50:00,24.0
2015-04-14 14:55:00,24.0
2015-04-14 15:00:00,24.0
2015-04-14 15:05:00,24.0
2015-04-14 15:10:00,24.0
2015-04-14 15:15:00,23.75135623869801
2015-04-14 15:20:00,22.9755877034358
2015-04-14 15:25:00,21.79204339963833
2015-04-14 15:30:00,20.50904159132007
2015-04-14 15:35:00,19.05696202531645
2015-04-14 15:40:00,17.992766726943938
2015-04-14 15:45:00,17.62477396021699
2015-04-14 15:50:00,18.271247739602167
2015-04-14 15:55:00,19.97197106690777
2015-04-14 16:00:00,21.81193490054249
2015-04-14 16:05:00,22.9755877034358
2015-04-14 16:10:00,22.826401446654607
2015-04-14 16:15:00,22.418625678119344
2015-04-14 16:20:00,21.722423146473773
2015-04-14 16:25:00,21.513562386980105
2015-04-14 16:30:00,21.692585895117535
2015-04-14 16:35:00,21.79204339963833
2015-04-14 16:40:00,22.130198915009036
2015-04-14 16:45:00,22.358951175406865
2015-04-14 16:50:00,22.368896925858945
2015-04-14 16:55:00,22.229656419529835
2015-04-14 17:00:00,22.08047016274864
2015-04-14 17:05:00,21.722423146473773
2015-04-14 17:10:00,20.658227848101262
2015-04-14 17:15:00,18.90777576853526
2015-04-14 17:20:00,17.07775768535262
2015-04-14 17:25:00,16.09312839059674
2015-04-14 17:30:00,16.232368896925852
2015-04-14 17:35:00,17.545207956600358
2015-04-14 17:40:00,18.25135623869801
2015-04-14 17:45:00,17.992766726943938
2015-04-14 17:50:00,17.764014466546108
2015-04-14 17:55:00,16.99819168173598
2015-04-14 18:00:00,16.96835443037974
2015-04-14 18:05:00,16.30198915009041
2015-04-14 18:10:00,15.1880650994575
2015-04-14 18:15:00,13.606690777576848
2015-04-14 18:20:00,11.786618444846287
2015-04-14 18:25:00,10.981012658227844
2015-04-14 18:30:00,10.443942133815545
2015-04-14 18:35:00,10.433996383363466
2015-04-14 18:40:00,10.593128390596739
2015-04-14 18:45:00,11.667269439421332
2015-04-14 18:50:00,13.696202531645564
2015-04-14 18:55:00,16.212477396021693
2015-04-14 19:00:00,18.91772151898734
2015-04-14 19:05:00,19.723327305605782
2015-04-14 19:10:00,18.8381555153707
2015-04-14 19:15:00,16.232368896925855
2015-04-14 19:20:00,13.576853526220606
2015-04-14 19:25:00,11.846292947558764
2015-04-14 19:30:00,10.76220614828209
2015-04-14 19:35:00,10.811934900542488
2015-04-14 19:40:00,11.020795660036159
2015-04-14 19:45:00,11.46835443037974
2015-04-14 19:50:00,12.015370705244116
2015-04-14 19:55:00,13.07956600361663
2015-04-14 20:00:00,14.233273056057861
2015-04-14 20:05:00,15.038878842676304
2015-04-14 20:10:00,14.849909584086792
2015-04-14 20:15:00,13.596745027124769
2015-04-14 20:20:00,11.975587703435798
2015-04-14 20:25:00,10.53345388788426
2015-04-14 20:30:00,10.125678119349
2015-04-14 20:35:00,10.682640144665454
2015-04-14 20:40:00,12.373417721518981
2015-04-14 20:45:00,14.581374321880645
2015-04-14 20:50:00,16.69981916817359
2015-04-14 20:55:00,18.12206148282097
2015-04-14 21:00:00,19.96202531645569
2015-04-14 21:05:00,21.235081374321876
2015-04-14 21:10:00,22.508137432188057
2015-04-14 21:15:00,24.0
2015-04-14 21:20:00,24.0
2015-04-14 21:25:00,24.0
2015-04-14 21:30:00,23.17450271247739
2015-04-14 21:35:00,21.31464737793851
2015-04-14 21:40:00,18.659132007233264
2015-04-14 21:45:00,15.963833634719702
2015-04-14 21:50:00,14.094032549728745
2015-04-14 21:55:00,15.59584086799276
2015-04-14 22:00:00,18.251356238698005
2015-04-14 22:05:00,20.946654611211567
2015-04-14 22:10:00,23.64195298372513
2015-04-14 22:15:00,24.0
2015-04-14 22:20:00,24.0
2015-04-14 22:25:00,24.0
2015-04-14 22:30:00,24.0
2015-04-14 22:35:00,24.0
2015-04-14 22:40:00,24.0
2015-04-14 22:45:00,24.0
2015-04-14 22:50:00,24.0
2015-04-14 22:55:00,24.0
2015-04-14 23:00:00,24.0
2015-04-14 23:05:00,24.0
2015-04-14 23:10:00,24.0
2015-04-14 23:15:00,24.0
2015-04-14 23:20:00,24.0
2015-04-14 23:25:00,24.0
2015-04-14 23:30:00,24.0
2015-04-14 23:35:00,24.0
2015-04-14 23:40:00,24.0
2015-04-14 23:45:00,24.0
2015-04-14 23:50:00,24.0
2015-04-14 23:55:00,24.0
2015-04-15 00:00:00,24.0
2015-04-15 00:05:00,24.0
2015-04-15 00:10:00,24.0
2015-04-15 00:15:00,24.0
2015-04-15 00:20:00,24.0
2015-04-15 00:25:00,24.0
2015-04-15 00:30:00,24.0
2015-04-15 00:35:00,24.0
2015-04-15 00:40:00,24.0
2015-04-15 00:45:00,24.0
2015-04-15 00:50:00,24.0
2015-04-15 00:55:00,24.0
2015-04-15 01:00:00,24.0
2015-04-15 01:05:00,23.452983725135617
2015-04-15 01:10:00,22.836347197106683
2015-04-15 01:15:00,21.971066907775764
2015-04-15 01:20:00,21.36437613019891
2015-04-15 01:25:00,20.89692585895117
2015-04-15 01:30:00,20.956600361663646
2015-04-15 01:35:00,21.06600361663652
2015-04-15 01:40:00,20.349909584086795
2015-04-15 01:45:00,19.295660036166357
2015-04-15 01:50:00,17.65461121157323
2015-04-15 01:55:00,16.182640144665456
2015-04-15 02:00:00,15.247739602169974
2015-04-15 02:05:00,15.227848101265815
2015-04-15 02:10:00,15.914104882459306
2015-04-15 02:15:00,16.719710669077752
2015-04-15 02:20:00,17.8634719710669
2015-04-15 02:25:00,18.56962025316455
2015-04-15 02:30:00,20.081374321880645
2015-04-15 02:35:00,21.37432188065099
2015-04-15 02:40:00,22.4882459312839
2015-04-15 02:45:00,22.70705244122965
2015-04-15 02:50:00,21.841772151898727
2015-04-15 02:55:00,20.807414104882454
2015-04-15 03:00:00,19.265822784810123
2015-04-15 03:05:00,18.281193490054243
2015-04-15 03:10:00,16.46112115732368
2015-04-15 03:15:00,14.52169981916817
2015-04-15 03:20:00,13.009945750452074
2015-04-15 03:25:00,12.114828209764912
2015-04-15 03:30:00,11.886075949367083
2015-04-15 03:35:00,12.264014466546108
2015-04-15 03:40:00,12.771247739602163
2015-04-15 03:45:00,13.208860759493666
2015-04-15 03:50:00,13.288426763110301
2015-04-15 03:55:00,13.288426763110301
2015-04-15 04:00:00,12.771247739602163
2015-04-15 04:05:00,12.224231464737787
2015-04-15 04:10:00,11.567811934900536
2015-04-15 04:15:00,10.951175406871602
2015-04-15 04:20:00,10.533453887884262
2015-04-15 04:25:00,10.175406871609397
2015-04-15 04:30:00,10.314647377938511
2015-04-15 04:35:00,10.483725135623864
2015-04-15 04:40:00,11.229656419529832
2015-04-15 04:45:00,12.4132007233273
2015-04-15 04:50:00,13.656419529837244
2015-04-15 04:55:00,14.899638336347191
2015-04-15 05:00:00,15.436708860759488
2015-04-15 05:05:00,15.566003616636522
2015-04-15 05:10:00,14.989150090415905
2015-04-15 05:15:00,14.690777576853518
2015-04-15 05:20:00,14.67088607594936
2015-04-15 05:25:00,15.018987341772144
2015-04-15 05:30:00,16.212477396021693
2015-04-15 05:35:00,17.18716094032549
2015-04-15 05:40:00,17.90325497287522
2015-04-15 05:45:00,17.386075949367083
2015-04-15 05:50:00,16.113019891500898
2015-04-15 05:55:00,14.67088607594936
2015-04-15 06:00:00,13.13924050632911
2015-04-15 06:05:00,12.045207956600356
2015-04-15 06:10:00,11.508137432188057
2015-04-15 06:15:00,11.329113924050626
2015-04-15 06:20:00,12.42314647377938
2015-04-15 06:25:00,14.103978300180826
2015-04-15 06:30:00,15.685352622061476
2015-04-15 06:35:00,16.37160940325497
2015-04-15 06:40:00,15.566003616636522
2015-04-15 06:45:00,14.362567811934895
2015-04-15 06:50:00,12.910488245931278
2015-04-15 06:55:00,11.806509945750445
2015-04-15 07:00:00,11.140144665461115
2015-04-15 07:05:00,10.31464737793851
2015-04-15 07:10:00,9.528933092224225
2015-04-15 07:15:00,8.345388788426757
2015-04-15 07:20:00,7.12206148282097
2015-04-15 07:25:00,6.047920433996378
2015-04-15 07:30:00,4.993670886075944
2015-04-15 07:35:00,4.357142857142852
2015-04-15 07:40:00,3.929475587703431
2015-04-15 07:45:00,3.7902350813743166
2015-04-15 07:50:00,3.9990958408679873
2015-04-15 07:55:00,4.327305605786613
2015-04-15 08:00:00,4.655515370705239
2015-04-15 08:05:00,5.182640144665456
2015-04-15 08:10:00,5.242314647377933
2015-04-15 08:15:00,5.431283905967446
2015-04-15 08:20:00,5.142857142857137
2015-04-15 08:25:00,5.023508137432183
2015-04-15 08:30:00,5.073236889692581
2015-04-15 08:35:00,5.2224231464737745
2015-04-15 08:40:00,5.53074141048824
2015-04-15 08:45:00,5.461121157323684
2015-04-15 08:50:00,5.093128390596739
2015-04-15 08:55:00,4.595840867992761
2015-04-15 09:00:00,4.198010849909579
2015-04-15 09:05:00,3.95931283905967
2015-04-15 09:10:00,4.118444846292943
2015-04-15 09:15:00,4.247739602169977
2015-04-15 09:20:00,4.7649186256781135
2015-04-15 09:25:00,5.242314647377933
2015-04-15 09:30:00,5.640144665461116
2015-04-15 09:35:00,5.650090415913196
2015-04-15 09:40:00,5.113019891500899
2015-04-15 09:45:00,4.386980108499091
2015-04-15 09:50:00,3.700723327305601
2015-04-15 09:55:00,3.372513562386975
2015-04-15 10:00:00,3.830018083182635
2015-04-15 10:05:00,4.476491862567807
2015-04-15 10:10:00,5.1229656419529785
2015-04-15 10:15:00,5.391500904159127
2015-04-15 10:20:00,5.242314647377934
2015-04-15 10:25:00,4.993670886075944
2015-04-15 10:30:00,4.6157323688969205
2015-04-15 10:35:00,4.556057866184443
2015-04-15 10:40:00,4.486437613019887
2015-04-15 10:45:00,4.556057866184443
2015-04-15 10:50:00,4.725135623869796
2015-04-15 10:55:00,4.884267631103069
2015-04-15 11:00:00,5.103074141048819
2015-04-15 11:05:00,5.31193490054249
2015-04-15 11:10:00,5.610307414104877
2015-04-15 11:15:00,5.868896925858946
2015-04-15 11:20:00,5.829113924050628
2015-04-15 11:25:00,5.749547920433991
2015-04-15 11:30:00,5.76943942133815
2015-04-15 11:35:00,5.938517179023503
2015-04-15 11:40:00,6.2766726943942075
2015-04-15 11:45:00,6.405967450271243
2015-04-15 11:50:00,6.346292947558765
2015-04-15 11:55:00,6.376130198915003
2015-04-15 12:00:00,6.68444846292947
2015-04-15 12:05:00,7.251356238698005
2015-04-15 12:10:00,7.60940325497287
2015-04-15 12:15:00,7.450271247739597
2015-04-15 12:20:00,7.122061482820971
2015-04-15 12:25:00,6.7341772151898684
2015-04-15 12:30:00,6.754068716094027
2015-04-15 12:35:00,7.261301989150084
2015-04-15 12:40:00,7.569620253164551
2015-04-15 12:45:00,7.569620253164551
2015-04-15 12:50:00,7.1419529837251305
2015-04-15 12:55:00,6.764014466546107
2015-04-15 13:00:00,6.813743218806504
2015-04-15 13:05:00,7.062386980108494
2015-04-15 13:10:00,7.619349005424949
2015-04-15 13:15:00,7.808318264014462
2015-04-15 13:20:00,7.718806509945745
2015-04-15 13:25:00,7.519891500904153
2015-04-15 13:30:00,7.36075949367088
2015-04-15 13:35:00,7.519891500904153
2015-04-15 13:40:00,7.659132007233268
2015-04-15 13:45:00,7.708860759493666
2015-04-15 13:50:00,7.430379746835437
2015-04-15 13:55:00,7.0325497287522545
2015-04-15 14:00:00,6.773960216998186
2015-04-15 14:05:00,6.833634719710664
2015-04-15 14:10:00,7.251356238698006
2015-04-15 14:15:00,7.877938517179019
2015-04-15 14:20:00,8.912296564195293
2015-04-15 14:25:00,9.986437613019886
2015-04-15 14:30:00,11.000904159132002
2015-04-15 14:35:00,11.309222423146469
2015-04-15 14:40:00,10.97106690777576
2015-04-15 14:45:00,10.414104882459307
2015-04-15 14:50:00,9.707956600361658
2015-04-15 14:55:00,9.6880650994575
2015-04-15 15:00:00,9.787522603978294
2015-04-15 15:05:00,10.205244122965636
2015-04-15 15:10:00,10.52350813743218
2015-04-15 15:15:00,10.5632911392405
2015-04-15 15:20:00,10.861663652802886
2015-04-15 15:25:00,11.199819168173592
2015-04-15 15:30:00,12.015370705244116
2015-04-15 15:35:00,12.572332730560573
2015-04-15 15:40:00,12.492766726943938
2015-04-15 15:45:00,11.94575045207956
2015-04-15 15:50:00,11.249547920433992
2015-04-15 15:55:00,11.179927667269434
2015-04-15 16:00:00,11.597649186256776
2015-04-15 16:05:00,12.144665461121152
2015-04-15 16:10:00,12.084990958408673
2015-04-15 16:15:00,11.985533453887879
2015-04-15 16:20:00,11.607594936708853
2015-04-15 16:25:00,11.776672694394207
2015-04-15 16:30:00,12.582278481012652
2015-04-15 16:35:00,13.367992766726937
2015-04-15 16:40:00,14.46202531645569
2015-04-15 16:45:00,14.631103074141041
2015-04-15 16:50:00,14.44213381555153
2015-04-15 16:55:00,13.507233273056052
2015-04-15 17:00:00,12.015370705244116
2015-04-15 17:05:00,10.712477396021693
2015-04-15 17:10:00,9.389692585895112
2015-04-15 17:15:00,8.643761301989144
2015-04-15 17:20:00,8.186256781193485
2015-04-15 17:25:00,7.997287522603973
2015-04-15 17:30:00,7.728752260397825
2015-04-15 17:35:00,7.3905967450271195
2015-04-15 17:40:00,7.360759493670881
2015-04-15 17:45:00,7.221518987341767
2015-04-15 17:50:00,7.311030741410483
2015-04-15 17:55:00,7.320976491862563
2015-04-15 18:00:00,7.271247739602164
2015-04-15 18:05:00,7.569620253164551
2015-04-15 18:10:00,8.05696202531645
2015-04-15 18:15:00,8.773056057866178
2015-04-15 18:20:00,9.359855334538873
2015-04-15 18:25:00,9.727848101265817
2015-04-15 18:30:00,9.86708860759493
2015-04-15 18:35:00,9.548824593128383
2015-04-15 18:40:00,9.220614828209758
2015-04-15 18:45:00,9.230560578661837
2015-04-15 18:50:00,9.757685352622055
2015-04-15 18:55:00,10.274864376130193
2015-04-15 19:00:00,10.453887884267624
2015-04-15 19:05:00,10.13562386980108
2015-04-15 19:10:00,9.827305605786613
2015-04-15 19:15:00,10.10578661844484
2015-04-15 19:20:00,10.523508137432183
2015-04-15 19:25:00,10.861663652802886
2015-04-15 19:30:00,10.861663652802886
2015-04-15 19:35:00,10.702531645569614
2015-04-15 19:40:00,10.662748643761295
2015-04-15 19:45:00,10.463833634719705
2015-04-15 19:50:00,10.165461121157318
2015-04-15 19:55:00,9.89692585895117
2015-04-15 20:00:00,9.926763110307409
2015-04-15 20:05:00,10.016274864376124
2015-04-15 20:10:00,9.6383363471971
2015-04-15 20:15:00,9.021699819168168
2015-04-15 20:20:00,8.683544303797463
2015-04-15 20:25:00,9.240506329113918
2015-04-15 20:30:00,10.414104882459307
2015-04-15 20:35:00,11.448462929475582
2015-04-15 20:40:00,11.965641952983718
2015-04-15 20:45:00,11.74683544303797
2015-04-15 20:50:00,11.368896925858945
2015-04-15 20:55:00,11.368896925858945
2015-04-15 21:00:00,11.4882459312839
2015-04-15 21:05:00,12.17450271247739
2015-04-15 21:10:00,12.512658227848096
2015-04-15 21:15:00,12.323688969258583
2015-04-15 21:20:00,11.319168173598547
2015-04-15 21:25:00,9.707956600361657
2015-04-15 21:30:00,8.623869801084986
2015-04-15 21:35:00,8.186256781193485
2015-04-15 21:40:00,8.484629294755871
2015-04-15 21:45:00,8.912296564195293
2015-04-15 21:50:00,9.290235081374316
2015-04-15 21:55:00,9.46925858951175
2015-04-15 22:00:00,10.841772151898727
2015-04-15 22:05:00,12.91048824593128
2015-04-15 22:10:00,15.436708860759488
2015-04-15 22:15:00,17.21699819168173
2015-04-15 22:20:00,16.96835443037974
2015-04-15 22:25:00,15.496383363471965
2015-04-15 22:30:00,12.761301989150084
2015-04-15 22:35:00,10.593128390596739
2015-04-15 22:40:00,9.280289330922237
2015-04-15 22:45:00,8.594032549728746
2015-04-15 22:50:00,8.564195298372509
2015-04-15 22:55:00,8.196202531645564
2015-04-15 23:00:00,7.718806509945745
2015-04-15 23:05:00,7.0822784810126524
2015-04-15 23:10:00,6.555153707052437
2015-04-15 23:15:00,6.336347197106686
2015-04-15 23:20:00,6.057866184448458
2015-04-15 23:25:00,5.689873417721514
2015-04-15 23:30:00,5.292043399638331
2015-04-15 23:35:00,5.212477396021694
2015-04-15 23:40:00,5.441229656419525
2015-04-15 23:45:00,6.037974683544299
2015-04-15 23:50:00,6.405967450271243
2015-04-15 23:55:00,6.714285714285709
2015-04-16 00:00:00,6.664556962025311
2015-04-16 00:05:00,6.793851717902346
2015-04-16 00:10:00,8.017179023508131
2015-04-16 00:15:00,9.717902350813738
2015-04-16 00:20:00,11.756781193490047
2015-04-16 00:25:00,12.910488245931276
2015-04-16 00:30:00,12.87070524412296
2015-04-16 00:35:00,12.075045207956594
2015-04-16 00:40:00,10.55334538878842
2015-04-16 00:45:00,9.369801084990954
2015-04-16 00:50:00,10.57323688969258
2015-04-16 00:55:00,13.467450271247735
2015-04-16 01:00:00,17.40596745027124
2015-04-16 01:05:00,20.051537070524407
2015-04-16 01:10:00,19.424954792043394
2015-04-16 01:15:00,17.614828209764912
2015-04-16 01:20:00,14.830018083182633
2015-04-16 01:25:00,14.133815551537063
2015-04-16 01:30:00,14.143761301989143
2015-04-16 01:35:00,14.074141048824586
2015-04-16 01:40:00,13.676311030741404
2015-04-16 01:45:00,13.407775768535256
2015-04-16 01:50:00,13.348101265822779
2015-04-16 01:55:00,13.049728752260393
2015-04-16 02:00:00,12.42314647377938
2015-04-16 02:05:00,10.662748643761295
2015-04-16 02:10:00,9.041591320072326
2015-04-16 02:15:00,7.281193490054244
2015-04-16 02:20:00,6.6844484629294705
2015-04-16 02:25:00,6.545207956600356
2015-04-16 02:30:00,6.495479204339958
2015-04-16 02:35:00,6.674502712477391
2015-04-16 02:40:00,6.803797468354426
2015-04-16 02:45:00,7.092224231464732
2015-04-16 02:50:00,7.6989150090415865
2015-04-16 02:55:00,8.116636528028929
2015-04-16 03:00:00,8.623869801084986
2015-04-16 03:05:00,8.584086799276669
2015-04-16 03:10:00,8.05696202531645
2015-04-16 03:15:00,7.231464737793846
2015-04-16 03:20:00,6.197106690777572
2015-04-16 03:25:00,5.630198915009037
2015-04-16 03:30:00,5.76943942133815
2015-04-16 03:35:00,6.545207956600356
2015-04-16 03:40:00,11.219710669077752
2015-04-16 03:45:00,15.85443037974683
2015-04-16 03:50:00,20.001808318264008
2015-04-16 03:55:00,22.657323688969253
2015-04-16 04:00:00,20.459312839059667
2015-04-16 04:05:00,17.346292947558766
2015-04-16 04:10:00,13.98462929475587
2015-04-16 04:15:00,11.707052441229651
2015-04-16 04:20:00,10.742314647377931
2015-04-16 04:25:00,10.513562386980102
2015-04-16 04:30:00,10.185352622061476
2015-04-16 04:35:00,9.986437613019886
2015-04-16 04:40:00,9.88698010849909
2015-04-16 04:45:00,10.274864376130193
2015-04-16 04:50:00,10.792043399638331
2015-04-16 04:55:00,11.120253164556955
2015-04-16 05:00:00,11.140144665461115
2015-04-16 05:05:00,11.577757685352617
2015-04-16 05:10:00,13.159132007233268
2015-04-16 05:15:00,15.128390596745021
2015-04-16 05:20:00,16.28209764918625
2015-04-16 05:25:00,15.675406871609397
2015-04-16 05:30:00,13.735985533453883
2015-04-16 05:35:00,11.856238698010843
2015-04-16 05:40:00,10.752260397830012
2015-04-16 05:45:00,10.682640144665456
2015-04-16 05:50:00,11.070524412296557
2015-04-16 05:55:00,10.831826401446648
2015-04-16 06:00:00,10.254972875226034
2015-04-16 06:05:00,9.041591320072328
2015-04-16 06:10:00,8.176311030741404
2015-04-16 06:15:00,7.927667269439417
2015-04-16 06:20:00,7.977396021699815
2015-04-16 06:25:00,8.07685352622061
2015-04-16 06:30:00,7.539783001808313
2015-04-16 06:35:00,6.893309222423142
2015-04-16 06:40:00,6.565099457504516
2015-04-16 06:45:00,6.982820976491858
2015-04-16 06:50:00,7.688969258589506
2015-04-16 06:55:00,8.554249547920428
2015-04-16 07:00:00,9.031645569620249
2015-04-16 07:05:00,9.270343580470158
2015-04-16 07:10:00,8.852622061482815
2015-04-16 07:15:00,8.156419529837247
2015-04-16 07:20:00,7.549728752260393
2015-04-16 07:25:00,7.112115732368892
2015-04-16 07:30:00,7.102169981916813
2015-04-16 07:35:00,6.813743218806505
2015-04-16 07:40:00,6.2766726943942075
2015-04-16 07:45:00,5.481012658227844
2015-04-16 07:50:00,5.083182640144661
2015-04-16 07:55:00,5.4213381555153655
2015-04-16 08:00:00,6.3264014466546055
2015-04-16 08:05:00,7.171790235081369
2015-04-16 08:10:00,7.629294755877028
2015-04-16 08:15:00,7.360759493670881
2015-04-16 08:20:00,7.0424954792043355
2015-04-16 08:25:00,7.012658227848096
2015-04-16 08:30:00,7.102169981916813
2015-04-16 08:35:00,7.301084990958404
2015-04-16 08:40:00,7.002712477396016
2015-04-16 08:45:00,6.4755877034357985
2015-04-16 08:50:00,5.77938517179023
2015-04-16 08:55:00,5.262206148282092
2015-04-16 09:00:00,5.282097649186252
2015-04-16 09:05:00,5.421338155515366
2015-04-16 09:10:00,5.799276672694389
2015-04-16 09:15:00,5.918625678119344
2015-04-16 09:20:00,5.789330922242309
2015-04-16 09:25:00,5.351717902350809
2015-04-16 09:30:00,4.794755877034353
2015-04-16 09:35:00,4.287522603978295
2015-04-16 09:40:00,3.9095840867992715
2015-04-16 09:45:00,3.670886075949362
2015-04-16 09:50:00,3.5813743218806455
2015-04-16 09:55:00,3.7206148282097598
2015-04-16 10:00:00,3.8996383363471914
2015-04-16 10:05:00,4.1084990958408625
2015-04-16 10:10:00,4.0587703435804645
2015-04-16 10:15:00,3.889692585895112
2015-04-16 10:20:00,3.5913200723327257
2015-04-16 10:25:00,3.5018083182640094
2015-04-16 10:30:00,3.6609403254972825
2015-04-16 10:35:00,3.8001808318263963
2015-04-16 10:40:00,3.869801084990953
2015-04-16 10:45:00,3.670886075949362
2015-04-16 10:50:00,3.521699819168168
2015-04-16 10:55:00,3.3526220614828155
2015-04-16 11:00:00,3.25316455696202
2015-04-16 11:05:00,3.322784810126577
2015-04-16 11:10:00,3.48191681735985
2015-04-16 11:15:00,3.93942133815551
2015-04-16 11:20:00,4.456600361663648
2015-04-16 11:25:00,4.844484629294751
2015-04-16 11:30:00,5.043399638336343
2015-04-16 11:35:00,5.142857142857137
2015-04-16 11:40:00,5.242314647377933
2015-04-16 11:45:00,5.31193490054249
2015-04-16 11:50:00,5.292043399638331
2015-04-16 11:55:00,5.202531645569614
2015-04-16 12:00:00,5.1726943942133765
2015-04-16 12:05:00,5.31193490054249
2015-04-16 12:10:00,5.789330922242309
2015-04-16 12:15:00,6.306509945750447
2015-04-16 12:20:00,6.5849909584086745
2015-04-16 12:25:00,6.6844484629294705
2015-04-16 12:30:00,6.455696202531641
2015-04-16 12:35:00,6.366184448462924
2015-04-16 12:40:00,6.266726943942128
2015-04-16 12:45:00,6.256781193490049
2015-04-16 12:50:00,6.107594936708856
2015-04-16 12:55:00,5.669981916817354
2015-04-16 13:00:00,5.162748643761296
2015-04-16 13:05:00,4.7151898734177164
2015-04-16 13:10:00,4.695298372513557
2015-04-16 13:15:00,4.7649186256781135
2015-04-16 13:20:00,4.943942133815546
2015-04-16 13:25:00,4.933996383363467
2015-04-16 13:30:00,4.834538878842672
2015-04-16 13:35:00,4.894213381555149
2015-04-16 13:40:00,5.301989150090411
2015-04-16 13:45:00,5.868896925858946
2015-04-16 13:50:00,6.1274864376130145
2015-04-16 13:55:00,6.057866184448458
2015-04-16 14:00:00,5.709764918625673
2015-04-16 14:05:00,5.441229656419525
2015-04-16 14:10:00,5.053345388788422
2015-04-16 14:15:00,5.003616636528023
2015-04-16 14:20:00,5.341772151898729
2015-04-16 14:25:00,5.948462929475582
2015-04-16 14:30:00,6.754068716094027
2015-04-16 14:35:00,7.311030741410483
2015-04-16 14:40:00,7.629294755877029
2015-04-16 14:45:00,7.688969258589506
2015-04-16 14:50:00,7.60940325497287
2015-04-16 14:55:00,7.480108499095836
2015-04-16 15:00:00,7.370705244122959
2015-04-16 15:05:00,7.509945750452074
2015-04-16 15:10:00,7.768535262206143
2015-04-16 15:15:00,7.798372513562381
2015-04-16 15:20:00,7.301084990958403
2015-04-16 15:25:00,6.624773960216993
2015-04-16 15:30:00,6.425858951175401
2015-04-16 15:35:00,6.624773960216993
2015-04-16 15:40:00,7.002712477396016
2015-04-16 15:45:00,7.112115732368892
2015-04-16 15:50:00,7.032549728752255
2015-04-16 15:55:00,7.519891500904153
2015-04-16 16:00:00,8.30560578661844
2015-04-16 16:05:00,9.041591320072326
2015-04-16 16:10:00,9.150994575045202
2015-04-16 16:15:00,8.424954792043394
2015-04-16 16:20:00,7.460216998191676
2015-04-16 16:25:00,6.813743218806504
2015-04-16 16:30:00,6.893309222423142
2015-04-16 16:35:00,7.509945750452074
2015-04-16 16:40:00,8.235985533453883
2015-04-16 16:45:00,8.594032549728746
2015-04-16 16:50:00,8.52441229656419
2015-04-16 16:55:00,7.957504520795655
2015-04-16 17:00:00,7.38065099457504
2015-04-16 17:05:00,7.102169981916813
2015-04-16 17:10:00,6.803797468354425
2015-04-16 17:15:00,6.744122965641948
2015-04-16 17:20:00,6.445750452079561
2015-04-16 17:25:00,6.435804701627481
2015-04-16 17:30:00,6.396021699819164
2015-04-16 17:35:00,6.405967450271241
2015-04-16 17:40:00,6.7839059674502655
2015-04-16 17:45:00,7.062386980108494
2015-04-16 17:50:00,7.808318264014461
2015-04-16 17:55:00,8.166365280289325
2015-04-16 18:00:00,8.415009041591315
2015-04-16 18:05:00,8.345388788426758
2015-04-16 18:10:00,8.08679927667269
2015-04-16 18:15:00,8.216094032549723
2015-04-16 18:20:00,8.335443037974677
2015-04-16 18:25:00,8.375226039782996
2015-04-16 18:30:00,8.52441229656419
2015-04-16 18:35:00,8.564195298372507
2015-04-16 18:40:00,8.74321880650994
2015-04-16 18:45:00,8.693490054249542
2015-04-16 18:50:00,8.235985533453883
2015-04-16 18:55:00,7.539783001808313
2015-04-16 19:00:00,6.9132007233273
2015-04-16 19:05:00,6.644665461121153
2015-04-16 19:10:00,6.6844484629294705
2015-04-16 19:15:00,6.6347197106690725
2015-04-16 19:20:00,6.654611211573232
2015-04-16 19:25:00,6.69439421338155
2015-04-16 19:30:00,6.6844484629294705
2015-04-16 19:35:00,6.754068716094027
2015-04-16 19:40:00,6.624773960216993
2015-04-16 19:45:00,9.101265822784804
2015-04-16 19:50:00,13.3381555153707
2015-04-16 19:55:00,17.823688969258583
2015-04-16 20:00:00,22.22965641952983
2015-04-16 20:05:00,22.63743218806509
2015-04-16 20:10:00,20.071428571428566
2015-04-16 20:15:00,17.137432188065095
2015-04-16 20:20:00,14.064195298372509
2015-04-16 20:25:00,12.18444846292947
2015-04-16 20:30:00,11.50813743218806
2015-04-16 20:35:00,11.03074141048824
2015-04-16 20:40:00,10.672694394213375
2015-04-16 20:45:00,10.274864376130193
2015-04-16 20:50:00,9.936708860759488
2015-04-16 20:55:00,9.85714285714285
2015-04-16 21:00:00,13.09945750452079
2015-04-16 21:05:00,16.73960216998191
2015-04-16 21:10:00,20.320072332730554
2015-04-16 21:15:00,23.811030741410484
2015-04-16 21:20:00,23.990054249547914
2015-04-16 21:25:00,22.73688969258589
2015-04-16 21:30:00,21.433996383363468
2015-04-16 21:35:00,20.250452079566
2015-04-16 21:40:00,18.51989150090415
2015-04-16 21:45:00,17.634719710669074
2015-04-16 21:50:00,16.10307414104882
2015-04-16 21:55:00,14.362567811934893
2015-04-16 22:00:00,13.069620253164551
2015-04-16 22:05:00,11.896021699819162
2015-04-16 22:10:00,11.040687160940319
2015-04-16 22:15:00,9.966546112115726
2015-04-16 22:20:00,9.101265822784804
2015-04-16 22:25:00,8.51446654611211
2015-04-16 22:30:00,8.166365280289327
2015-04-16 22:35:00,7.84810126582278
2015-04-16 22:40:00,7.728752260397825
2015-04-16 22:45:00,8.07685352622061
2015-04-16 22:50:00,8.952079566003611
2015-04-16 22:55:00,10.374321880650989
2015-04-16 23:00:00,11.000904159132
2015-04-16 23:05:00,10.901446654611206
2015-04-16 23:10:00,9.996383363471965
2015-04-16 23:15:00,9.061482820976487
2015-04-16 23:20:00,8.623869801084986
2015-04-16 23:25:00,8.355334538878838
2015-04-16 23:30:00,8.504520795660031
2015-04-16 23:35:00,9.071428571428566
2015-04-16 23:40:00,9.867088607594932
2015-04-16 23:45:00,10.543399638336341
2015-04-16 23:50:00,10.792043399638331
2015-04-16 23:55:00,10.205244122965636
2015-04-17 00:00:00,9.717902350813738
2015-04-17 00:05:00,9.270343580470156
2015-04-17 00:10:00,9.38969258589511
2015-04-17 00:15:00,9.648282097649181
2015-04-17 00:20:00,9.469258589511748
2015-04-17 00:25:00,9.230560578661839
2015-04-17 00:30:00,8.603978300180827
2015-04-17 00:35:00,8.037070524412291
2015-04-17 00:40:00,7.728752260397825
2015-04-17 00:45:00,7.59945750452079
2015-04-17 00:50:00,7.82820976491862
2015-04-17 00:55:00,8.206148282097644
2015-04-17 01:00:00,8.484629294755871
2015-04-17 01:05:00,8.842676311030736
2015-04-17 01:10:00,9.00180831826401
2015-04-17 01:15:00,8.832730560578657
2015-04-17 01:20:00,8.355334538878838
2015-04-17 01:25:00,7.887884267631098
2015-04-17 01:30:00,7.539783001808313
2015-04-17 01:35:00,7.3408679927667215
2015-04-17 01:40:00,6.952983725135618
2015-04-17 01:45:00,6.545207956600356
2015-04-17 01:50:00,6.147377938517174
2015-04-17 01:55:00,5.948462929475583
2015-04-17 02:00:00,6.545207956600357
2015-04-17 02:05:00,7.311030741410484
2015-04-17 02:10:00,8.285714285714281
2015-04-17 02:15:00,8.74321880650994
2015-04-17 02:20:00,9.00180831826401
2015-04-17 02:25:00,8.832730560578657
2015-04-17 02:30:00,8.484629294755873
2015-04-17 02:35:00,8.415009041591315
2015-04-17 02:40:00,8.196202531645564
2015-04-17 02:45:00,8.196202531645564
2015-04-17 02:50:00,7.867992766726938
2015-04-17 02:55:00,7.808318264014461
2015-04-17 03:00:00,8.096745027124769
2015-04-17 03:05:00,8.643761301989144
2015-04-17 03:10:00,9.459312839059669
2015-04-17 03:15:00,9.827305605786613
2015-04-17 03:20:00,9.837251356238692
2015-04-17 03:25:00,9.44936708860759
2015-04-17 03:30:00,8.872513562386974
2015-04-17 03:35:00,8.265822784810121
2015-04-17 03:40:00,7.350813743218801
2015-04-17 03:45:00,6.505424954792038
2015-04-17 03:50:00,5.849005424954788
2015-04-17 03:55:00,5.451175406871604
2015-04-17 04:00:00,5.471066907775763
2015-04-17 04:05:00,5.5506329113924
2015-04-17 04:10:00,5.689873417721513
2015-04-17 04:15:00,5.6202531645569564
2015-04-17 04:20:00,5.4213381555153655
2015-04-17 04:25:00,5.3218806509945695
2015-04-17 04:30:00,5.053345388788421
2015-04-17 04:35:00,4.824593128390591
2015-04-17 04:40:00,4.605786618444841
2015-04-17 04:45:00,4.357142857142852
2015-04-17 04:50:00,4.237793851717897
2015-04-17 04:55:00,4.217902350813738
2015-04-17 05:00:00,4.188065099457499
2015-04-17 05:05:00,4.128390596745022
2015-04-17 05:10:00,3.9692585895117487
2015-04-17 05:15:00,3.969258589511749
2015-04-17 05:20:00,4.009041591320067
2015-04-17 05:25:00,4.267631103074136
2015-04-17 05:30:00,4.754972875226035
2015-04-17 05:35:00,5.152802893309217
2015-04-17 05:40:00,5.361663652802887
2015-04-17 05:45:00,5.3716094032549675
2015-04-17 05:50:00,5.30198915009041
2015-04-17 05:55:00,5.341772151898729
2015-04-17 06:00:00,5.490958408679922
2015-04-17 06:05:00,5.570524412296559
2015-04-17 06:10:00,5.421338155515366
2015-04-17 06:15:00,5.053345388788422
2015-04-17 06:20:00,4.735081374321876
2015-04-17 06:25:00,4.486437613019886
2015-04-17 06:30:00,4.377034358047011
2015-04-17 06:35:00,4.436708860759488
2015-04-17 06:40:00,4.476491862567807
2015-04-17 06:45:00,4.40687160940325
2015-04-17 06:50:00,4.267631103074136
2015-04-17 06:55:00,3.94936708860759
2015-04-17 07:00:00,3.71066907775768
2015-04-17 07:05:00,3.5117540687160886
2015-04-17 07:10:00,3.5614828209764866
2015-04-17 07:15:00,3.8598553345388735
2015-04-17 07:20:00,4.1582278481012604
2015-04-17 07:25:00,4.5162748643761255
2015-04-17 07:30:00,4.506329113924045
2015-04-17 07:35:00,4.347197106690773
2015-04-17 07:40:00,4.038878842676306
2015-04-17 07:45:00,3.8698010849909537
2015-04-17 07:50:00,3.7703435804701577
2015-04-17 07:55:00,3.6112115732368846
2015-04-17 08:00:00,3.462025316455691
2015-04-17 08:05:00,3.203435804701622
2015-04-17 08:10:00,3.2929475587703387
2015-04-17 08:15:00,3.48191681735985
2015-04-17 08:20:00,3.869801084990953
2015-04-17 08:25:00,4.207956600361658
2015-04-17 08:30:00,4.287522603978294
2015-04-17 08:35:00,4.367088607594932
2015-04-17 08:40:00,4.17811934900542
2015-04-17 08:45:00,4.247739602169977
2015-04-17 08:50:00,4.227848101265818
2015-04-17 08:55:00,4.337251356238693
2015-04-17 09:00:00,4.40687160940325
2015-04-17 09:05:00,4.386980108499092
2015-04-17 09:10:00,4.377034358047011
2015-04-17 09:15:00,4.247739602169977
2015-04-17 09:20:00,4.148282097649181
2015-04-17 09:25:00,3.869801084990953
2015-04-17 09:30:00,3.6509945750452024
2015-04-17 09:35:00,3.4918625678119293
2015-04-17 09:40:00,3.4620253164556907
2015-04-17 09:45:00,3.501808318264009
2015-04-17 09:50:00,3.5614828209764866
2015-04-17 09:55:00,3.591320072332725
2015-04-17 10:00:00,3.6509945750452024
2015-04-17 10:05:00,3.800180831826396
2015-04-17 10:10:00,4.078661844484624
2015-04-17 10:15:00,4.39692585895117
2015-04-17 10:20:00,4.745027124773955
2015-04-17 10:25:00,4.973779385171785
2015-04-17 10:30:00,4.993670886075944
2015-04-17 10:35:00,4.834538878842671
2015-04-17 10:40:00,4.585895117540682
2015-04-17 10:45:00,4.227848101265818
2015-04-17 10:50:00,3.9990958408679873
2015-04-17 10:55:00,3.8101265822784756
2015-04-17 11:00:00,3.8598553345388735
2015-04-17 11:05:00,4.088607594936704
2015-04-17 11:10:00,4.546112115732363
2015-04-17 11:15:00,5.162748643761296
2015-04-17 11:20:00,5.580470162748638
2015-04-17 11:25:00,6.077757685352617
2015-04-17 11:30:00,6.246835443037969
2015-04-17 11:35:00,6.197106690777572
2015-04-17 11:40:00,5.918625678119344
2015-04-17 11:45:00,5.441229656419525
2015-04-17 11:50:00,8.106690777576848
2015-04-17 11:55:00,12.63200723327305
2015-04-17 12:00:00,17.4258589511754
2015-04-17 12:05:00,22.239602169981914
2015-04-17 12:10:00,24.0
2015-04-17 12:15:00,24.0
2015-04-17 12:20:00,24.0
2015-04-17 12:25:00,24.0
2015-04-17 12:30:00,24.0
2015-04-17 12:35:00,23.005424954792037
2015-04-17 12:40:00,22.26943942133815
2015-04-17 12:45:00,21.493670886075943
2015-04-17 12:50:00,20.91681735985533
2015-04-17 12:55:00,21.424050632911385
2015-04-17 13:00:00,20.64828209764918
2015-04-17 13:05:00,18.440325497287517
2015-04-17 13:10:00,14.621157323688964
2015-04-17 13:15:00,10.742314647377933
2015-04-17 13:20:00,7.947558770343575
2015-04-17 13:25:00,6.624773960216992
2015-04-17 13:30:00,6.724231464737788
2015-04-17 13:35:00,6.793851717902346
2015-04-17 13:40:00,6.823688969258584
2015-04-17 13:45:00,6.873417721518982
2015-04-17 13:50:00,6.92314647377938
2015-04-17 13:55:00,7.072332730560573
2015-04-17 14:00:00,7.13200723327305
2015-04-17 14:05:00,7.13200723327305
2015-04-17 14:10:00,7.122061482820971
2015-04-17 14:15:00,7.102169981916812
2015-04-17 14:20:00,7.460216998191677
2015-04-17 14:25:00,9.349909584086793
2015-04-17 14:30:00,11.746835443037968
2015-04-17 14:35:00,14.014466546112109
2015-04-17 14:40:00,14.889692585895112
2015-04-17 14:45:00,14.153707052441224
2015-04-17 14:50:00,12.771247739602165
2015-04-17 14:55:00,11.329113924050628
2015-04-17 15:00:00,10.57323688969258
2015-04-17 15:05:00,9.85714285714285
2015-04-17 15:10:00,9.081374321880645
2015-04-17 15:15:00,8.375226039782996
2015-04-17 15:20:00,7.957504520795654
2015-04-17 15:25:00,8.245931283905962
2015-04-17 15:30:00,9.150994575045203
2015-04-17 15:35:00,10.235081374321876
2015-04-17 15:40:00,10.762206148282091
2015-04-17 15:45:00,10.334538878842672
2015-04-17 15:50:00,9.608499095840862
2015-04-17 15:55:00,8.7133815551537
2015-04-17 16:00:00,8.613924050632907
2015-04-17 16:05:00,8.415009041591315
2015-04-17 16:10:00,8.007233273056052
2015-04-17 16:15:00,7.221518987341767
2015-04-17 16:20:00,6.296564195298368
2015-04-17 16:25:00,5.918625678119344
2015-04-17 16:30:00,5.610307414104877
2015-04-17 16:35:00,5.849005424954787
2015-04-17 16:40:00,5.7296564195298325
2015-04-17 16:45:00,5.54068716094032
2015-04-17 16:50:00,5.30198915009041
2015-04-17 16:55:00,5.113019891500899
2015-04-17 17:00:00,6.9927667269439375
2015-04-17 17:05:00,8.922242314647372
2015-04-17 17:10:00,10.901446654611206
2015-04-17 17:15:00,11.179927667269434
2015-04-17 17:20:00,9.837251356238692
2015-04-17 17:25:00,8.424954792043394
2015-04-17 17:30:00,6.793851717902346
2015-04-17 17:35:00,6.565099457504516
2015-04-17 17:40:00,6.23688969258589
2015-04-17 17:45:00,6.0777576853526165
2015-04-17 17:50:00,6.425858951175401
2015-04-17 17:55:00,6.90325497287522
2015-04-17 18:00:00,7.181735985533448
2015-04-17 18:05:00,6.903254972875221
2015-04-17 18:10:00,6.425858951175401
2015-04-17 18:15:00,5.998191681735981
2015-04-17 18:20:00,5.7296564195298325
2015-04-17 18:25:00,5.669981916817354
2015-04-17 18:30:00,5.540687160940321
2015-04-17 18:35:00,5.3218806509945695
2015-04-17 18:40:00,5.162748643761296
2015-04-17 18:45:00,5.152802893309217
2015-04-17 18:50:00,5.122965641952978
2015-04-17 18:55:00,5.182640144665456
2015-04-17 19:00:00,5.212477396021694
2015-04-17 19:05:00,5.411392405063285
2015-04-17 19:10:00,5.669981916817354
2015-04-17 19:15:00,6.1274864376130145
2015-04-17 19:20:00,6.594936708860754
2015-04-17 19:25:00,6.803797468354425
2015-04-17 19:30:00,6.893309222423142
2015-04-17 19:35:00,6.704339963833629
2015-04-17 19:40:00,6.525316455696197
2015-04-17 19:45:00,6.256781193490049
2015-04-17 19:50:00,6.197106690777571
2015-04-17 19:55:00,6.465641952983719
2015-04-17 20:00:00,6.962929475587698
2015-04-17 20:05:00,7.629294755877028
2015-04-17 20:10:00,7.897830018083177
2015-04-17 20:15:00,8.355334538878838
2015-04-17 20:20:00,9.111211573236883
2015-04-17 20:25:00,9.996383363471965
2015-04-17 20:30:00,10.593128390596739
2015-04-17 20:35:00,10.026220614828203
2015-04-17 20:40:00,8.783001808318257
2015-04-17 20:45:00,7.291139240506324
2015-04-17 20:50:00,6.2866184448462885
2015-04-17 20:55:00,5.958408679927661
2015-04-17 21:00:00,6.207052441229651
2015-04-17 21:05:00,6.724231464737789
2015-04-17 21:10:00,7.301084990958404
2015-04-17 21:15:00,7.38065099457504
2015-04-17 21:20:00,6.933092224231459
2015-04-17 21:25:00,6.425858951175402
2015-04-17 21:30:00,5.918625678119344
2015-04-17 21:35:00,5.898734177215185
2015-04-17 21:40:00,5.849005424954787
2015-04-17 21:45:00,5.689873417721514
2015-04-17 21:50:00,5.510849909584081
2015-04-17 21:55:00,5.202531645569615
2015-04-17 22:00:00,5.043399638336342
2015-04-17 22:05:00,4.844484629294751
2015-04-17 22:10:00,5.142857142857137
2015-04-17 22:15:00,5.908679927667264
2015-04-17 22:20:00,6.9132007233273
2015-04-17 22:25:00,7.688969258589506
2015-04-17 22:30:00,8.186256781193485
2015-04-17 22:35:00,8.235985533453881
2015-04-17 22:40:00,8.066907775768529
2015-04-17 22:45:00,7.877938517179017
2015-04-17 22:50:00,7.569620253164551
2015-04-17 22:55:00,7.3905967450271195
2015-04-17 23:00:00,7.60940325497287
2015-04-17 23:05:00,8.663652802893305
2015-04-17 23:10:00,9.608499095840862
2015-04-17 23:15:00,9.867088607594932
2015-04-17 23:20:00,9.170886075949362
2015-04-17 23:25:00,7.8481012658227804
2015-04-17 23:30:00,6.475587703435799
2015-04-17 23:35:00,5.610307414104877
2015-04-17 23:40:00,5.113019891500899
2015-04-17 23:45:00,4.695298372513557
2015-04-17 23:50:00,4.297468354430374
2015-04-17 23:55:00,4.237793851717897
2015-04-18 00:00:00,4.357142857142852
2015-04-18 00:05:00,4.456600361663647
2015-04-18 00:10:00,4.456600361663647
2015-04-18 00:15:00,4.337251356238693
2015-04-18 00:20:00,4.297468354430374
2015-04-18 00:25:00,4.556057866184443
2015-04-18 00:30:00,4.9737793851717855
2015-04-18 00:35:00,5.411392405063285
2015-04-18 00:40:00,5.77938517179023
2015-04-18 00:45:00,6.018083182640139
2015-04-18 00:50:00,6.1772151898734124
2015-04-18 00:55:00,6.187160940325492
2015-04-18 01:00:00,5.958408679927662
2015-04-18 01:05:00,5.381555153707048
2015-04-18 01:10:00,4.5162748643761255
2015-04-18 01:15:00,3.889692585895112
2015-04-18 01:20:00,3.6211573236889643
2015-04-18 01:25:00,3.8001808318263968
2015-04-18 01:30:00,4.307414104882454
2015-04-18 01:35:00,4.476491862567807
2015-04-18 01:40:00,4.367088607594932
2015-04-18 01:45:00,3.830018083182635
2015-04-18 01:50:00,3.412296564195293
2015-04-18 01:55:00,3.4023508137432135
2015-04-18 02:00:00,3.6311030741410435
2015-04-18 02:05:00,4.098553345388783
2015-04-18 02:10:00,4.317359855334534
2015-04-18 02:15:00,4.148282097649181
2015-04-18 02:20:00,3.93942133815551
2015-04-18 02:25:00,3.670886075949362
2015-04-18 02:30:00,3.5813743218806455
2015-04-18 02:35:00,3.5415913200723272
2015-04-18 02:40:00,3.362567811934895
2015-04-18 02:45:00,3.273056057866179
2015-04-18 02:50:00,3.1139240506329062
2015-04-18 02:55:00,3.1636528028933038
2015-04-18 03:00:00,3.5216998191681688
2015-04-18 03:05:00,4.098553345388783
2015-04-18 03:10:00,4.824593128390592
2015-04-18 03:15:00,5.232368896925854
2015-04-18 03:20:00,5.152802893309218
2015-04-18 03:25:00,4.63562386980108
2015-04-18 03:30:00,4.038878842676306
2015-04-18 03:35:00,3.6211573236889643
2015-04-18 03:40:00,3.5614828209764866
2015-04-18 03:45:00,3.730560578661839
2015-04-18 03:50:00,3.93942133815551
2015-04-18 03:55:00,4.188065099457499
2015-04-18 04:00:00,4.367088607594932
2015-04-18 04:05:00,4.446654611211568
2015-04-18 04:10:00,4.327305605786613
2015-04-18 04:15:00,4.098553345388783
2015-04-18 04:20:00,3.969258589511749
2015-04-18 04:25:00,3.9891500904159076
2015-04-18 04:30:00,4.1582278481012604
2015-04-18 04:35:00,4.297468354430375
2015-04-18 04:40:00,4.1084990958408625
2015-04-18 04:45:00,3.6211573236889643
2015-04-18 04:50:00,3.0343580470162697
2015-04-18 04:55:00,2.706148282097644
2015-04-18 05:00:00,2.527124773960212
2015-04-18 05:05:00,2.686256781193485
2015-04-18 05:10:00,2.7359855334538827
2015-04-18 05:15:00,2.6962025316455644
2015-04-18 05:20:00,2.5470162748643705
2015-04-18 05:25:00,2.4077757685352568
2015-04-18 05:30:00,2.5867992766726893
2015-04-18 05:35:00,2.666365280289326
2015-04-18 05:40:00,2.7061482820976437
2015-04-18 05:45:00,2.5370705244122913
2015-04-18 05:50:00,2.268535262206143
2015-04-18 05:55:00,2.1193490054249495
2015-04-18 06:00:00,2.10940325497287
2015-04-18 06:05:00,2.208860759493666
2015-04-18 06:10:00,2.3978300180831775
2015-04-18 06:15:00,2.5072332730560527
2015-04-18 06:20:00,2.616636528028928
2015-04-18 06:25:00,2.517179023508132
2015-04-18 06:30:00,2.32820976491862
2015-04-18 06:35:00,2.1392405063291084
2015-04-18 06:40:00,2.0
2015-04-18 06:45:00,2.0
2015-04-18 06:50:00,2.0
2015-04-18 06:55:00,2.0
2015-04-18 07:00:00,2.0
2015-04-18 07:05:00,2.0
2015-04-18 07:10:00,2.0
2015-04-18 07:15:00,2.0
2015-04-18 07:20:00,2.039783001808313
2015-04-18 07:25:00,2.039783001808313
2015-04-18 07:30:00,2.039783001808313
2015-04-18 07:35:00,2.039783001808313
2015-04-18 07:40:00,2.0
2015-04-18 07:45:00,2.0
2015-04-18 07:50:00,2.0
2015-04-18 07:55:00,2.0
2015-04-18 08:00:00,2.0
2015-04-18 08:05:00,2.0
2015-04-18 08:10:00,2.0
2015-04-18 08:15:00,2.0
2015-04-18 08:20:00,2.0
2015-04-18 08:25:00,2.0
2015-04-18 08:30:00,2.0
2015-04-18 08:35:00,2.039783001808313
2015-04-18 08:40:00,2.129294755877029
2015-04-18 08:45:00,2.2386980108499044
2015-04-18 08:50:00,2.2386980108499044
2015-04-18 08:55:00,2.198915009041586
2015-04-18 09:00:00,2.10940325497287
2015-04-18 09:05:00,2.0
2015-04-18 09:10:00,2.019891500904154
2015-04-18 09:15:00,2.0497287522603926
2015-04-18 09:20:00,2.10940325497287
2015-04-18 09:25:00,2.10940325497287
2015-04-18 09:30:00,2.089511754068711
2015-04-18 09:35:00,2.0596745027124723
2015-04-18 09:40:00,2.8752260397829965
2015-04-18 09:45:00,3.7902350813743166
2015-04-18 09:50:00,4.705244122965636
2015-04-18 09:55:00,4.7151898734177164
2015-04-18 10:00:00,3.8399638336347146
2015-04-18 10:05:00,2.9249547920433945
2015-04-18 10:10:00,2.0099457504520744
2015-04-18 10:15:00,2.0298372513562333
2015-04-18 10:20:00,2.1889692585895064
2015-04-18 10:25:00,2.268535262206143
2015-04-18 10:30:00,2.3679927667269385
2015-04-18 10:35:00,2.427667269439416
2015-04-18 10:40:00,2.397830018083177
2015-04-18 10:45:00,2.447558770343575
2015-04-18 10:50:00,2.427667269439416
2015-04-18 10:55:00,2.4077757685352568
2015-04-18 11:00:00,2.2983725135623816
2015-04-18 11:05:00,2.1989150090415857
2015-04-18 11:10:00,2.159132007233268
2015-04-18 11:15:00,2.208860759493666
2015-04-18 11:20:00,2.2983725135623816
2015-04-18 11:25:00,2.318264014466541
2015-04-18 11:30:00,2.3381555153707
2015-04-18 11:35:00,2.2884267631103024
2015-04-18 11:40:00,2.2585895117540633
2015-04-18 11:45:00,2.3481012658227796
2015-04-18 11:50:00,2.377938517179018
2015-04-18 11:55:00,2.616636528028928
2015-04-18 12:00:00,3.044303797468349
2015-04-18 12:05:00,3.4918625678119297
2015-04-18 12:10:00,3.780289330922237
2015-04-18 12:15:00,3.551537070524407
2015-04-18 12:20:00,3.0443037974683493
2015-04-18 12:25:00,2.56690777576853
2015-04-18 12:30:00,2.288426763110302
2015-04-18 12:35:00,2.3083182640144613
2015-04-18 12:40:00,2.32820976491862
2015-04-18 12:45:00,2.2983725135623816
2015-04-18 12:50:00,2.377938517179018
2015-04-18 12:55:00,2.5967450271247685
2015-04-18 13:00:00,2.934900542495474
2015-04-18 13:05:00,3.203435804701622
2015-04-18 13:10:00,3.3426763110307363
2015-04-18 13:15:00,3.2332730560578606
2015-04-18 13:20:00,3.044303797468349
2015-04-18 13:25:00,2.8752260397829965
2015-04-18 13:30:00,2.8056057866184396
2015-04-18 13:35:00,2.915009041591315
2015-04-18 13:40:00,2.954792043399633
2015-04-18 13:45:00,3.0840867992766676
2015-04-18 13:50:00,3.183544303797463
2015-04-18 13:55:00,3.283001808318259
2015-04-18 14:00:00,3.382459312839054
2015-04-18 14:05:00,3.322784810126577
2015-04-18 14:10:00,3.2332730560578606
2015-04-18 14:15:00,3.113924050632906
2015-04-18 14:20:00,3.0343580470162697
2015-04-18 14:25:00,3.084086799276667
2015-04-18 14:30:00,3.123869801084986
2015-04-18 14:35:00,3.2133815551537017
2015-04-18 14:40:00,3.412296564195293
2015-04-18 14:45:00,3.6509945750452024
2015-04-18 14:50:00,4.048824593128385
2015-04-18 14:55:00,4.386980108499091
2015-04-18 15:00:00,4.794755877034353
2015-04-18 15:05:00,5.033453887884263
2015-04-18 15:10:00,5.033453887884263
2015-04-18 15:15:00,4.85443037974683
2015-04-18 15:20:00,4.476491862567807
2015-04-18 15:25:00,4.118444846292943
2015-04-18 15:30:00,3.889692585895112
2015-04-18 15:35:00,3.929475587703431
2015-04-18 15:40:00,4.118444846292943
2015-04-18 15:45:00,4.307414104882454
2015-04-18 15:50:00,4.7151898734177164
2015-04-18 15:55:00,5.113019891500899
2015-04-18 16:00:00,5.729656419529832
2015-04-18 16:05:00,6.037974683544299
2015-04-18 16:10:00,5.898734177215185
2015-04-18 16:15:00,5.3716094032549675
2015-04-18 16:20:00,4.526220614828205
2015-04-18 16:25:00,3.989150090415908
2015-04-18 16:30:00,3.7603978300180776
2015-04-18 16:35:00,3.7603978300180776
2015-04-18 16:40:00,3.830018083182635
2015-04-18 16:45:00,3.780289330922237
2015-04-18 16:50:00,3.531645569620248
2015-04-18 16:55:00,3.4620253164556907
2015-04-18 17:00:00,3.531645569620248
2015-04-18 17:05:00,4.058770343580465
2015-04-18 17:10:00,4.585895117540682
2015-04-18 17:15:00,4.834538878842671
2015-04-18 17:20:00,4.953887884267626
2015-04-18 17:25:00,5.30198915009041
2015-04-18 17:30:00,7.0325497287522545
2015-04-18 17:35:00,9.011754068716089
2015-04-18 17:40:00,10.573236889692579
2015-04-18 17:45:00,10.463833634719705
2015-04-18 17:50:00,8.872513562386974
2015-04-18 17:55:00,6.972875226039778
2015-04-18 18:00:00,5.1726943942133765
2015-04-18 18:05:00,4.506329113924045
2015-04-18 18:10:00,4.207956600361658
2015-04-18 18:15:00,4.138336347197101
2015-04-18 18:20:00,4.257685352622056
2015-04-18 18:25:00,4.297468354430375
2015-04-18 18:30:00,4.386980108499091
2015-04-18 18:35:00,4.556057866184443
2015-04-18 18:40:00,4.63562386980108
2015-04-18 18:45:00,4.794755877034353
2015-04-18 18:50:00,4.904159132007228
2015-04-18 18:55:00,5.1229656419529785
2015-04-18 19:00:00,5.6202531645569564
2015-04-18 19:05:00,5.868896925858946
2015-04-18 19:10:00,5.858951175406866
2015-04-18 19:15:00,5.2721518987341724
2015-04-18 19:20:00,4.456600361663647
2015-04-18 19:25:00,3.820072332730555
2015-04-18 19:30:00,3.372513562386975
2015-04-18 19:35:00,3.352622061482816
2015-04-18 19:40:00,3.5913200723327257
2015-04-18 19:45:00,3.9095840867992724
2015-04-18 19:50:00,3.9891500904159085
2015-04-18 19:55:00,3.8101265822784764
2015-04-18 20:00:00,3.4122965641952936
2015-04-18 20:05:00,3.094032549728747
2015-04-18 20:10:00,3.0443037974683493
2015-04-18 20:15:00,3.25316455696202
2015-04-18 20:20:00,3.4520795660036114
2015-04-18 20:25:00,3.4421338155515318
2015-04-18 20:30:00,3.203435804701622
2015-04-18 20:35:00,2.8951175406871554
2015-04-18 20:40:00,3.0840867992766676
2015-04-18 20:45:00,3.5216998191681688
2015-04-18 20:50:00,4.217902350813738
2015-04-18 20:55:00,4.566003616636523
2015-04-18 21:00:00,4.337251356238693
2015-04-18 21:05:00,4.038878842676306
2015-04-18 21:10:00,3.5614828209764866
2015-04-18 21:15:00,3.879746835443033
2015-04-18 21:20:00,4.386980108499091
2015-04-18 21:25:00,4.794755877034353
2015-04-18 21:30:00,4.884267631103069
2015-04-18 21:35:00,4.406871609403249
2015-04-18 21:40:00,4.088607594936703
2015-04-18 21:45:00,3.7206148282097593
2015-04-18 21:50:00,3.6410488245931227
2015-04-18 21:55:00,3.561482820976486
2015-04-18 22:00:00,3.382459312839054
2015-04-18 22:05:00,3.2631103074140997
2015-04-18 22:10:00,3.064195298372508
2015-04-18 22:15:00,2.954792043399633
2015-04-18 22:20:00,2.8155515370705193
2015-04-18 22:25:00,2.8553345388788376
2015-04-18 22:30:00,3.153707052441225
2015-04-18 22:35:00,3.48191681735985
2015-04-18 22:40:00,3.810126582278476
2015-04-18 22:45:00,3.8996383363471923
2015-04-18 22:50:00,3.849909584086794
2015-04-18 22:55:00,4.0587703435804645
2015-04-18 23:00:00,4.297468354430374
2015-04-18 23:05:00,4.675406871609398
2015-04-18 23:10:00,4.924050632911387
2015-04-18 23:15:00,5.053345388788421
2015-04-18 23:20:00,5.053345388788421
2015-04-18 23:25:00,4.824593128390592
2015-04-18 23:30:00,4.456600361663647
2015-04-18 23:35:00,3.93942133815551
2015-04-18 23:40:00,3.412296564195293
2015-04-18 23:45:00,3.044303797468349
2015-04-18 23:50:00,2.9945750452079514
2015-04-18 23:55:00,3.1139240506329062
2015-04-19 00:00:00,3.322784810126577
2015-04-19 00:05:00,3.4620253164556907
2015-04-19 00:10:00,3.3526220614828155
2015-04-19 00:15:00,3.2133815551537017
2015-04-19 00:20:00,3.0641952983725083
2015-04-19 00:25:00,3.094032549728747
2015-04-19 00:30:00,3.3327305605786566
2015-04-19 00:35:00,3.4620253164556907
2015-04-19 00:40:00,3.5614828209764866
2015-04-19 00:45:00,3.422242314647373
2015-04-19 00:50:00,3.332730560578656
2015-04-19 00:55:00,3.312839059674497
2015-04-19 01:00:00,3.342676311030736
2015-04-19 01:05:00,3.501808318264009
2015-04-19 01:10:00,3.4918625678119293
2015-04-19 01:15:00,3.3924050632911342
2015-04-19 01:20:00,3.2133815551537017
2015-04-19 01:25:00,3.133815551537065
2015-04-19 01:30:00,3.1139240506329062
2015-04-19 01:35:00,3.0840867992766676
2015-04-19 01:40:00,3.1636528028933038
2015-04-19 01:45:00,3.183544303797463
2015-04-19 01:50:00,3.1735985533453834
2015-04-19 01:55:00,3.1039783001808265
2015-04-19 02:00:00,3.0641952983725083
2015-04-19 02:05:00,3.1238698010849855
2015-04-19 02:10:00,3.1238698010849855
2015-04-19 02:15:00,3.034358047016269
2015-04-19 02:20:00,2.825497287522599
2015-04-19 02:25:00,2.5967450271247685
2015-04-19 02:30:00,2.606690777576848
2015-04-19 02:35:00,2.8155515370705193
2015-04-19 02:40:00,2.875226039782996
2015-04-19 02:45:00,2.716094032549723
2015-04-19 02:50:00,2.4376130198914954
2015-04-19 02:55:00,2.358047016274859
2015-04-19 03:00:00,2.616636528028928
2015-04-19 03:05:00,3.133815551537065
2015-04-19 03:10:00,3.4620253164556907
2015-04-19 03:15:00,3.551537070524407
2015-04-19 03:20:00,3.521699819168168
2015-04-19 03:25:00,3.4023508137432135
2015-04-19 03:30:00,3.3924050632911342
2015-04-19 03:35:00,3.3028933092224175
2015-04-19 03:40:00,3.173598553345384
2015-04-19 03:45:00,2.9249547920433945
2015-04-19 03:50:00,2.6265822784810076
2015-04-19 03:55:00,2.3978300180831775
2015-04-19 04:00:00,2.1690777576853475
2015-04-19 04:05:00,2.019891500904154
2015-04-19 04:10:00,2.0696202531645516
2015-04-19 04:15:00,2.218806509945745
2015-04-19 04:20:00,2.4773960216998137
2015-04-19 04:25:00,2.606690777576848
2015-04-19 04:30:00,2.626582278481007
2015-04-19 04:35:00,2.497287522603973
2015-04-19 04:40:00,2.2386980108499044
2015-04-19 04:45:00,2.10940325497287
2015-04-19 04:50:00,2.019891500904154
2015-04-19 04:55:00,2.0
2015-04-19 05:00:00,2.0
2015-04-19 05:05:00,2.0
2015-04-19 05:10:00,2.059674502712472
2015-04-19 05:15:00,2.129294755877029
2015-04-19 05:20:00,2.208860759493666
2015-04-19 05:25:00,2.208860759493666
2015-04-19 05:30:00,2.1790235081374267
2015-04-19 05:35:00,2.149186256781188
2015-04-19 05:40:00,2.129294755877029
2015-04-19 05:45:00,2.129294755877029
2015-04-19 05:50:00,2.0994575045207906
2015-04-19 05:55:00,2.0596745027124723
2015-04-19 06:00:00,2.0
2015-04-19 06:05:00,2.0
2015-04-19 06:10:00,2.0
2015-04-19 06:15:00,2.0
2015-04-19 06:20:00,2.0
2015-04-19 06:25:00,2.0
2015-04-19 06:30:00,2.0
2015-04-19 06:35:00,2.0
2015-04-19 06:40:00,2.0
2015-04-19 06:45:00,2.009945750452074
2015-04-19 06:50:00,2.009945750452074
2015-04-19 06:55:00,2.009945750452074
2015-04-19 07:00:00,2.009945750452074
2015-04-19 07:05:00,2.0
2015-04-19 07:10:00,2.0
2015-04-19 07:15:00,2.0
2015-04-19 07:20:00,2.0
2015-04-19 07:25:00,2.0
2015-04-19 07:30:00,2.0
2015-04-19 07:35:00,2.0
2015-04-19 07:40:00,2.0099457504520744
2015-04-19 07:45:00,2.0099457504520744
2015-04-19 07:50:00,2.0099457504520744
2015-04-19 07:55:00,2.0099457504520744
2015-04-19 08:00:00,2.0
2015-04-19 08:05:00,2.0
2015-04-19 08:10:00,2.0
2015-04-19 08:15:00,2.0
2015-04-19 08:20:00,2.0
2015-04-19 08:25:00,2.0
2015-04-19 08:30:00,2.0
2015-04-19 08:35:00,2.0
2015-04-19 08:40:00,2.0
2015-04-19 08:45:00,2.0
2015-04-19 08:50:00,2.0
2015-04-19 08:55:00,2.0
2015-04-19 09:00:00,2.0
2015-04-19 09:05:00,2.0
2015-04-19 09:10:00,2.0
2015-04-19 09:15:00,2.0
2015-04-19 09:20:00,2.0
2015-04-19 09:25:00,2.0
2015-04-19 09:30:00,2.0
2015-04-19 09:35:00,2.0
2015-04-19 09:40:00,2.0
2015-04-19 09:45:00,2.009945750452074
2015-04-19 09:50:00,2.0198915009041536
2015-04-19 09:55:00,2.0198915009041536
2015-04-19 10:00:00,2.0198915009041536
2015-04-19 10:05:00,2.0099457504520744
2015-04-19 10:10:00,2.0
2015-04-19 10:15:00,2.0
2015-04-19 10:20:00,2.0
2015-04-19 10:25:00,2.0
2015-04-19 10:30:00,2.0
2015-04-19 10:35:00,2.0
2015-04-19 10:40:00,2.0
2015-04-19 10:45:00,2.0298372513562333
2015-04-19 10:50:00,2.0298372513562333
2015-04-19 10:55:00,2.0298372513562333
2015-04-19 11:00:00,2.0298372513562333
2015-04-19 11:05:00,2.0
2015-04-19 11:10:00,2.0
2015-04-19 11:15:00,2.0
2015-04-19 11:20:00,2.0
2015-04-19 11:25:00,2.0
2015-04-19 11:30:00,2.0
2015-04-19 11:35:00,2.019891500904154
2015-04-19 11:40:00,2.039783001808313
2015-04-19 11:45:00,2.039783001808313
2015-04-19 11:50:00,2.0497287522603926
2015-04-19 11:55:00,2.3083182640144613
2015-04-19 12:00:00,2.636528028933087
2015-04-19 12:05:00,2.974683544303792
2015-04-19 12:10:00,3.034358047016269
2015-04-19 12:15:00,2.7558770343580417
2015-04-19 12:20:00,2.5569620253164507
2015-04-19 12:25:00,2.3481012658227796
2015-04-19 12:30:00,2.437613019891496
2015-04-19 12:35:00,2.437613019891496
2015-04-19 12:40:00,2.358047016274859
2015-04-19 12:45:00,2.4177215189873364
2015-04-19 12:50:00,2.5470162748643705
2015-04-19 12:55:00,2.7757685352622006
2015-04-19 13:00:00,2.8752260397829965
2015-04-19 13:05:00,2.745931283905962
2015-04-19 13:10:00,2.5171790235081324
2015-04-19 13:15:00,2.5370705244122913
2015-04-19 13:20:00,2.7359855334538827
2015-04-19 13:25:00,3.283001808318259
2015-04-19 13:30:00,3.7007233273056004
2015-04-19 13:35:00,4.128390596745023
2015-04-19 13:40:00,4.39692585895117
2015-04-19 13:45:00,4.556057866184443
2015-04-19 13:50:00,4.943942133815546
2015-04-19 13:55:00,5.31193490054249
2015-04-19 14:00:00,5.739602169981912
2015-04-19 14:05:00,6.107594936708855
2015-04-19 14:10:00,6.356238698010845
2015-04-19 14:15:00,6.505424954792038
2015-04-19 14:20:00,6.624773960216993
2015-04-19 14:25:00,6.664556962025311
2015-04-19 14:30:00,6.555153707052437
2015-04-19 14:35:00,6.0280289330922185
2015-04-19 14:40:00,5.351717902350808
2015-04-19 14:45:00,4.774864376130194
2015-04-19 14:50:00,4.804701627486432
2015-04-19 14:55:00,5.192585895117535
2015-04-19 15:00:00,5.630198915009037
2015-04-19 15:05:00,5.669981916817354
2015-04-19 15:10:00,5.212477396021694
2015-04-19 15:15:00,4.7151898734177164
2015-04-19 15:20:00,4.327305605786614
2015-04-19 15:25:00,4.347197106690773
2015-04-19 15:30:00,4.585895117540683
2015-04-19 15:35:00,4.705244122965637
2015-04-19 15:40:00,5.003616636528024
2015-04-19 15:45:00,5.1726943942133765
2015-04-19 15:50:00,5.252260397830013
2015-04-19 15:55:00,5.242314647377934
2015-04-19 16:00:00,4.88426763110307
2015-04-19 16:05:00,4.625678119349001
2015-04-19 16:10:00,4.257685352622056
2015-04-19 16:15:00,4.39692585895117
2015-04-19 16:20:00,4.725135623869797
2015-04-19 16:25:00,5.063291139240501
2015-04-19 16:30:00,5.1726943942133765
2015-04-19 16:35:00,5.023508137432183
2015-04-19 16:40:00,4.894213381555149
2015-04-19 16:45:00,4.794755877034353
2015-04-19 16:50:00,4.894213381555149
2015-04-19 16:55:00,5.09312839059674
2015-04-19 17:00:00,5.391500904159127
2015-04-19 17:05:00,5.580470162748639
2015-04-19 17:10:00,5.640144665461117
2015-04-19 17:15:00,5.719710669077752
2015-04-19 17:20:00,5.630198915009037
2015-04-19 17:25:00,5.6202531645569564
2015-04-19 17:30:00,5.461121157323683
2015-04-19 17:35:00,5.2224231464737745
2015-04-19 17:40:00,5.003616636528024
2015-04-19 17:45:00,4.87432188065099
2015-04-19 17:50:00,5.232368896925854
2015-04-19 17:55:00,5.819168173598548
2015-04-19 18:00:00,6.405967450271242
2015-04-19 18:05:00,6.754068716094028
2015-04-19 18:10:00,6.913200723327301
2015-04-19 18:15:00,6.744122965641948
2015-04-19 18:20:00,6.455696202531641
2015-04-19 18:25:00,5.908679927667264
2015-04-19 18:30:00,5.242314647377933
2015-04-19 18:35:00,4.575949367088603
2015-04-19 18:40:00,4.277576853526216
2015-04-19 18:45:00,4.5162748643761255
2015-04-19 18:50:00,4.904159132007228
2015-04-19 18:55:00,5.232368896925854
2015-04-19 19:00:00,5.282097649186252
2015-04-19 19:05:00,5.232368896925854
2015-04-19 19:10:00,5.10307414104882
2015-04-19 19:15:00,5.013562386980103
2015-04-19 19:20:00,4.884267631103069
2015-04-19 19:25:00,4.60578661844484
2015-04-19 19:30:00,4.506329113924045
2015-04-19 19:35:00,4.456600361663647
2015-04-19 19:40:00,4.6157323688969205
2015-04-19 19:45:00,4.745027124773955
2015-04-19 19:50:00,5.1229656419529785
2015-04-19 19:55:00,5.610307414104877
2015-04-19 20:00:00,5.948462929475583
2015-04-19 20:05:00,6.107594936708855
2015-04-19 20:10:00,5.7197106690777515
2015-04-19 20:15:00,5.252260397830013
2015-04-19 20:20:00,4.575949367088603
2015-04-19 20:25:00,4.148282097649181
2015-04-19 20:30:00,3.8001808318263963
2015-04-19 20:35:00,3.5117540687160886
2015-04-19 20:40:00,3.3924050632911342
2015-04-19 20:45:00,3.2830018083182586
2015-04-19 20:50:00,3.3625678119348956
2015-04-19 20:55:00,3.392405063291134
2015-04-19 21:00:00,3.392405063291134
2015-04-19 21:05:00,3.3227848101265773
2015-04-19 21:10:00,3.1537070524412245
2015-04-19 21:15:00,3.3426763110307363
2015-04-19 21:20:00,3.6609403254972825
2015-04-19 21:25:00,4.317359855334534
2015-04-19 21:30:00,4.804701627486432
2015-04-19 21:35:00,4.943942133815547
2015-04-19 21:40:00,4.884267631103069
2015-04-19 21:45:00,4.725135623869796
2015-04-19 21:50:00,4.705244122965636
2015-04-19 21:55:00,4.6157323688969205
2015-04-19 22:00:00,4.546112115732363
2015-04-19 22:05:00,4.39692585895117
2015-04-19 22:10:00,4.327305605786613
2015-04-19 22:15:00,4.227848101265818
2015-04-19 22:20:00,4.217902350813738
2015-04-19 22:25:00,4.118444846292943
2015-04-19 22:30:00,4.009041591320067
2015-04-19 22:35:00,3.9692585895117496
2015-04-19 22:40:00,3.8797468354430333
2015-04-19 22:45:00,3.919529837251351
2015-04-19 22:50:00,4.068716094032545
2015-04-19 22:55:00,4.327305605786613
2015-04-19 23:00:00,4.556057866184443
2015-04-19 23:05:00,4.5660036166365225
2015-04-19 23:10:00,4.526220614828205
2015-04-19 23:15:00,4.386980108499091
2015-04-19 23:20:00,4.267631103074136
2015-04-19 23:25:00,4.16817359855334
2015-04-19 23:30:00,3.8598553345388735
2015-04-19 23:35:00,3.5515370705244065
2015-04-19 23:40:00,3.143761301989145
2015-04-19 23:45:00,2.7658227848101213
2015-04-19 23:50:00,2.5370705244122913
2015-04-19 23:55:00,2.4674502712477344
2015-04-20 00:00:00,2.8752260397829965
2015-04-20 00:05:00,3.3824593128390545
2015-04-20 00:10:00,4.078661844484624
2015-04-20 00:15:00,4.466546112115727
2015-04-20 00:20:00,4.5162748643761255
2015-04-20 00:25:00,4.17811934900542
2015-04-20 00:30:00,3.6211573236889643
2015-04-20 00:35:00,3.621157323688964
2015-04-20 00:40:00,3.8797468354430324
2015-04-20 00:45:00,4.645569620253159
2015-04-20 00:50:00,5.162748643761296
2015-04-20 00:55:00,5.212477396021695
2015-04-20 01:00:00,4.924050632911388
2015-04-20 01:05:00,4.993670886075945
2015-04-20 01:10:00,5.381555153707047
2015-04-20 01:15:00,5.749547920433991
2015-04-20 01:20:00,5.709764918625672
2015-04-20 01:25:00,5.033453887884263
2015-04-20 01:30:00,4.347197106690773
2015-04-20 01:35:00,3.5216998191681683
2015-04-20 01:40:00,3.1437613019891444
2015-04-20 01:45:00,3.0443037974683493
2015-04-20 01:50:00,3.1039783001808265
2015-04-20 01:55:00,3.4520795660036114
2015-04-20 02:00:00,3.601265822784805
2015-04-20 02:05:00,3.4620253164556907
2015-04-20 02:10:00,3.223327305605781
2015-04-20 02:15:00,3.064195298372508
2015-04-20 02:20:00,3.2133815551537017
2015-04-20 02:25:00,3.4222423146473724
2015-04-20 02:30:00,3.4719710669077704
2015-04-20 02:35:00,3.5018083182640085
2015-04-20 02:40:00,3.4819168173598496
2015-04-20 02:45:00,3.4719710669077704
2015-04-20 02:50:00,3.3426763110307363
2015-04-20 02:55:00,3.0840867992766676
2015-04-20 03:00:00,2.9448462929475534
2015-04-20 03:05:00,4.566003616636522
2015-04-20 03:10:00,9.906871609403249
2015-04-20 03:15:00,15.227848101265817
2015-04-20 03:20:00,20.47920433996383
2015-04-20 03:25:00,24.0
2015-04-20 03:30:00,24.0
2015-04-20 03:35:00,24.0
2015-04-20 03:40:00,24.0
2015-04-20 03:45:00,23.224231464737787
2015-04-20 03:50:00,21.58318264014466
2015-04-20 03:55:00,19.375226039782998
2015-04-20 04:00:00,17.306509945750445
2015-04-20 04:05:00,16.19258589511753
2015-04-20 04:10:00,15.675406871609395
2015-04-20 04:15:00,14.919529837251348
2015-04-20 04:20:00,13.208860759493664
2015-04-20 04:25:00,10.632911392405056
2015-04-20 04:30:00,8.73327305605786
2015-04-20 04:35:00,7.440325497287516
2015-04-20 04:40:00,6.952983725135617
2015-04-20 04:45:00,6.634719710669071
2015-04-20 04:50:00,6.037974683544297
2015-04-20 04:55:00,5.640144665461115
2015-04-20 05:00:00,5.093128390596738
2015-04-20 05:05:00,4.764918625678113
2015-04-20 05:10:00,4.3571428571428505
2015-04-20 05:15:00,3.9294755877034286
2015-04-20 05:20:00,8.743218806509939
2015-04-20 05:25:00,13.855334538878836
2015-04-20 05:30:00,18.917721518987335
2015-04-20 05:35:00,24.0
2015-04-20 05:40:00,21.76220614828209
2015-04-20 05:45:00,18.728752260397822
2015-04-20 05:50:00,15.396925858951167
2015-04-20 05:55:00,12.164556962025308
2015-04-20 06:00:00,11.140144665461113
2015-04-20 06:05:00,10.50361663652802
2015-04-20 06:10:00,9.86708860759493
2015-04-20 06:15:00,8.822784810126574
2015-04-20 06:20:00,7.80831826401446
2015-04-20 06:25:00,6.883363471971061
2015-04-20 06:30:00,6.117540687160933
2015-04-20 06:35:00,5.739602169981909
2015-04-20 06:40:00,5.381555153707046
2015-04-20 06:45:00,5.3119349005424885
2015-04-20 06:50:00,5.26220614828209
2015-04-20 06:55:00,5.142857142857135
2015-04-20 07:00:00,4.904159132007226
2015-04-20 07:05:00,4.6555153707052375
2015-04-20 07:10:00,4.317359855334532
2015-04-20 07:15:00,3.820072332730554
2015-04-20 07:20:00,3.362567811934894
2015-04-20 07:25:00,3.074141048824586
2015-04-20 07:30:00,3.1934900542495415
2015-04-20 07:35:00,3.581374321880644
2015-04-20 07:40:00,3.9493670886075884
2015-04-20 07:45:00,4.0985533453887815
2015-04-20 07:50:00,3.8797468354430307
2015-04-20 07:55:00,3.611211573236883
2015-04-20 08:00:00,3.3924050632911324
2015-04-20 08:05:00,3.3327305605786544
2015-04-20 08:10:00,3.273056057866177
2015-04-20 08:15:00,3.163652802893302
2015-04-20 08:20:00,2.9647377938517105
2015-04-20 08:25:00,2.7459312839059606
2015-04-20 08:30:00,2.6862567811934834
2015-04-20 08:35:00,2.716094032549722
2015-04-20 08:40:00,2.964737793851711
2015-04-20 08:45:00,3.0443037974683476
2015-04-20 08:50:00,8.385171790235074
2015-04-20 08:55:00,13.616636528028927
2015-04-20 09:00:00,18.74864376130198
2015-04-20 09:05:00,22.47830018083182
2015-04-20 09:10:00,19.892405063291132
2015-04-20 09:15:00,16.839059674502707
2015-04-20 09:20:00,14.382459312839053
2015-04-20 09:25:00,14.601265822784804
2015-04-20 09:30:00,16.858951175406865
2015-04-20 09:35:00,18.420433996383355
2015-04-20 09:40:00,18.34086799276672
2015-04-20 09:45:00,16.660036166365273
2015-04-20 09:50:00,14.919529837251348
2015-04-20 09:55:00,14.810126582278473
2015-04-20 10:00:00,15.705244122965635
2015-04-20 10:05:00,16.858951175406865
2015-04-20 10:10:00,17.20705244122965
2015-04-20 10:15:00,17.63471971066907
2015-04-20 10:20:00,17.923146473779376
2015-04-20 10:25:00,18.350813743218797
2015-04-20 10:30:00,18.04249547920433
2015-04-20 10:35:00,17.4258589511754
2015-04-20 10:40:00,16.75949367088607
2015-04-20 10:45:00,16.152802893309214
2015-04-20 10:50:00,16.24231464737793
2015-04-20 10:55:00,16.570524412296557
2015-04-20 11:00:00,17.744122965641946
2015-04-20 11:05:00,18.669077757685343
2015-04-20 11:10:00,19.504520795660028
2015-04-20 11:15:00,20.449367088607588
2015-04-20 11:20:00,20.31012658227847
2015-04-20 11:25:00,19.603978300180827
2015-04-20 11:30:00,17.236889692585887
2015-04-20 11:35:00,14.352622061482814
2015-04-20 11:40:00,11.617540687160933
2015-04-20 11:45:00,9.558770343580463
2015-04-20 11:50:00,9.081374321880643
2015-04-20 11:55:00,8.792947558770337
2015-04-20 12:00:00,8.892405063291132
2015-04-20 12:05:00,9.429475587703429
2015-04-20 12:10:00,10.115732368896918
2015-04-20 12:15:00,10.861663652802886
2015-04-20 12:20:00,11.279385171790228
2015-04-20 12:25:00,11.110307414104875
2015-04-20 12:30:00,10.473779385171783
2015-04-20 12:35:00,9.240506329113916
2015-04-20 12:40:00,8.216094032549721
2015-04-20 12:45:00,7.460216998191675
2015-04-20 12:50:00,7.12206148282097
2015-04-20 12:55:00,7.072332730560572
2015-04-20 13:00:00,7.151898734177208
2015-04-20 13:05:00,7.400542495479197
2015-04-20 13:10:00,7.499999999999993
2015-04-20 13:15:00,7.589511754068709
2015-04-20 13:20:00,7.768535262206141
2015-04-20 13:25:00,7.907775768535255
2015-04-20 13:30:00,8.056962025316448
2015-04-20 13:35:00,8.086799276672687
2015-04-20 13:40:00,7.957504520795653
2015-04-20 13:45:00,8.03707052441229
2015-04-20 13:50:00,8.28571428571428
2015-04-20 13:55:00,8.69349005424954
2015-04-20 14:00:00,12.602169981916811
2015-04-20 14:05:00,16.371609403254965
2015-04-20 14:10:00,20.111211573236883
2015-04-20 14:15:00,22.975587703435796
2015-04-20 14:20:00,21.772151898734172
2015-04-20 14:25:00,20.121157323688962
2015-04-20 14:30:00,18.122061482820968
2015-04-20 14:35:00,16.490958408679923
2015-04-20 14:40:00,14.989150090415905
2015-04-20 14:45:00,13.556962025316446
2015-04-20 14:50:00,12.512658227848092
2015-04-20 14:55:00,12.37341772151898
2015-04-20 15:00:00,12.950271247739595
2015-04-20 15:05:00,13.696202531645561
2015-04-20 15:10:00,14.273056057866174
2015-04-20 15:15:00,14.153707052441222
2015-04-20 15:20:00,13.576853526220606
2015-04-20 15:25:00,12.681735985533447
2015-04-20 15:30:00,12.015370705244116
2015-04-20 15:35:00,11.617540687160933
2015-04-20 15:40:00,11.19981916817359
2015-04-20 15:45:00,10.722423146473773
2015-04-20 15:50:00,9.936708860759486
2015-04-20 15:55:00,9.131103074141041
2015-04-20 16:00:00,8.52441229656419
2015-04-20 16:05:00,8.623869801084984
2015-04-20 16:10:00,9.031645569620245
2015-04-20 16:15:00,9.61844484629294
2015-04-20 16:20:00,10.195298372513555
2015-04-20 16:25:00,10.632911392405056
2015-04-20 16:30:00,11.179927667269432
2015-04-20 16:35:00,11.398734177215182
2015-04-20 16:40:00,11.299276672694386
2015-04-20 16:45:00,10.50361663652802
2015-04-20 16:50:00,11.388788426763103
2015-04-20 16:55:00,13.397830018083175
2015-04-20 17:00:00,16.24231464737793
2015-04-20 17:05:00,17.893309222423138
2015-04-20 17:10:00,16.888788426763103
2015-04-20 17:15:00,14.800180831826394
2015-04-20 17:20:00,12.482820976491855
2015-04-20 17:25:00,12.154611211573227
2015-04-20 17:30:00,12.612115732368888
2015-04-20 17:35:00,13.367992766726935
2015-04-20 17:40:00,16.282097649186248
2015-04-20 17:45:00,18.927667269439414
2015-04-20 17:50:00,21.55334538878842
2015-04-20 17:55:00,24.0
2015-04-20 18:00:00,23.045207956600354
2015-04-20 18:05:00,23.045207956600354
2015-04-20 18:10:00,23.045207956600354
2015-04-20 18:15:00,23.045207956600354
2015-04-20 18:20:00,24.0
2015-04-20 18:25:00,24.0
2015-04-20 18:30:00,23.244122965641946
2015-04-20 18:35:00,21.951175406871602
2015-04-20 18:40:00,20.121157323688962
2015-04-20 18:45:00,17.962929475587696
2015-04-20 18:50:00,15.725135623869795
2015-04-20 18:55:00,13.97468354430379
2015-04-20 19:00:00,12.860759493670878
2015-04-20 19:05:00,12.15461121157323
2015-04-20 19:10:00,12.045207956600354
2015-04-20 19:15:00,11.796564195298364
2015-04-20 19:20:00,11.786618444846285
2015-04-20 19:25:00,11.856238698010841
2015-04-20 19:30:00,12.055153707052433
2015-04-20 19:35:00,11.965641952983717
2015-04-20 19:40:00,11.179927667269432
2015-04-20 19:45:00,10.165461121157316
2015-04-20 19:50:00,12.761301989150082
2015-04-20 19:55:00,16.142857142857135
2015-04-20 20:00:00,19.882459312839053
2015-04-20 20:05:00,22.965641952983717
2015-04-20 20:10:00,20.896925858951164
2015-04-20 20:15:00,18.09222423146473
2015-04-20 20:20:00,15.0886075949367
2015-04-20 20:25:00,12.741410488245922
2015-04-20 20:30:00,11.935804701627477
2015-04-20 20:35:00,11.309222423146466
2015-04-20 20:40:00,10.642857142857135
2015-04-20 20:45:00,10.05605786618444
2015-04-20 20:50:00,9.668173598553338
2015-04-20 20:55:00,9.698010849909576
2015-04-20 21:00:00,9.777576853526213
2015-04-20 21:05:00,9.867088607594928
2015-04-20 21:10:00,13.437613019891494
2015-04-20 21:15:00,16.839059674502703
2015-04-20 21:20:00,20.42947558770343
2015-04-20 21:25:00,24.0
2015-04-20 21:30:00,24.0
2015-04-20 21:35:00,24.0
2015-04-20 21:40:00,24.0
2015-04-20 21:45:00,24.0
2015-04-20 21:50:00,24.0
2015-04-20 21:55:00,24.0
2015-04-20 22:00:00,23.482820976491855
2015-04-20 22:05:00,22.26943942133815
2015-04-20 22:10:00,20.38969258589511
2015-04-20 22:15:00,18.609403254972868
2015-04-20 22:20:00,16.888788426763103
2015-04-20 22:25:00,15.844484629294747
2015-04-20 22:30:00,14.929475587703427
2015-04-20 22:35:00,13.596745027124765
2015-04-20 22:40:00,12.641952983725126
2015-04-20 22:45:00,12.35352622061482
2015-04-20 22:50:00,13.636528028933084
2015-04-20 22:55:00,16.172694394213373
2015-04-20 23:00:00,19.36528028933091
2015-04-20 23:05:00,21.911392405063282
2015-04-20 23:10:00,23.423146473779376
2015-04-20 23:15:00,24.0
2015-04-20 23:20:00,24.0
2015-04-20 23:25:00,22.63743218806509
2015-04-20 23:30:00,20.449367088607588
2015-04-20 23:35:00,17.8137432188065
2015-04-20 23:40:00,14.999095840867984
2015-04-20 23:45:00,14.730560578661835
2015-04-20 23:50:00,16.91862567811934
2015-04-20 23:55:00,19.554249547920424
2015-04-21 00:00:00,22.36889692585894
2015-04-21 00:05:00,24.0
2015-04-21 00:10:00,24.0
2015-04-21 00:15:00,23.532549728752254
2015-04-21 00:20:00,22.8264014466546
2015-04-21 00:25:00,22.408679927667258
2015-04-21 00:30:00,22.130198915009032
2015-04-21 00:35:00,22.060578661844477
2015-04-21 00:40:00,22.189873417721508
2015-04-21 00:45:00,22.60759493670885
2015-04-21 00:50:00,22.88607594936708
2015-04-21 00:55:00,23.423146473779376
2015-04-21 01:00:00,24.0
2015-04-21 01:05:00,23.950271247739593
2015-04-21 01:10:00,22.040687160940315
2015-04-21 01:15:00,19.255877034358036
2015-04-21 01:20:00,16.321880650994565
2015-04-21 01:25:00,13.059674502712468
2015-04-21 01:30:00,11.39873417721518
2015-04-21 01:35:00,10.563291139240498
2015-04-21 01:40:00,10.036166365280279
2015-04-21 01:45:00,10.03616636528028
2015-04-21 01:50:00,10.911392405063282
2015-04-21 01:55:00,12.592224231464728
2015-04-21 02:00:00,14.750452079565996
2015-04-21 02:05:00,16.421338155515365
2015-04-21 02:10:00,16.5506329113924
2015-04-21 02:15:00,15.456600361663645
2015-04-21 02:20:00,14.044303797468345
2015-04-21 02:25:00,13.089511754068706
2015-04-21 02:30:00,12.77124773960216
2015-04-21 02:35:00,12.234177215189863
2015-04-21 02:40:00,11.269439421338145
2015-04-21 02:45:00,10.443942133815542
2015-04-21 02:50:00,9.707956600361655
2015-04-21 02:55:00,9.538878842676302
2015-04-21 03:00:00,9.310126582278471
2015-04-21 03:05:00,8.723327305605778
2015-04-21 03:10:00,9.011754068716085
2015-04-21 03:15:00,9.727848101265813
2015-04-21 03:20:00,10.652802893309213
2015-04-21 03:25:00,11.030741410488236
2015-04-21 03:30:00,10.125678119348995
2015-04-21 03:35:00,9.220614828209754
2015-04-21 03:40:00,8.454792043399628
2015-04-21 03:45:00,9.877034358047005
2015-04-21 03:50:00,12.930379746835435
2015-04-21 03:55:00,16.858951175406865
2015-04-21 04:00:00,19.96202531645569
2015-04-21 04:05:00,20.717902350813738
2015-04-21 04:10:00,19.206148282097644
2015-04-21 04:15:00,16.172694394213373
2015-04-21 04:20:00,13.407775768535254
2015-04-21 04:25:00,11.020795660036157
2015-04-21 04:30:00,9.459312839059665
2015-04-21 04:35:00,8.126582278481004
2015-04-21 04:40:00,7.201627486437603
2015-04-21 04:45:00,6.7142857142857055
2015-04-21 04:50:00,6.525316455696194
2015-04-21 04:55:00,6.316455696202523
2015-04-21 05:00:00,6.495479204339955
2015-04-21 05:05:00,7.092224231464728
2015-04-21 05:10:00,7.848101265822775
2015-04-21 05:15:00,8.613924050632901
2015-04-21 05:20:00,8.902350813743208
2015-04-21 05:25:00,8.723327305605777
2015-04-21 05:30:00,8.106690777576844
2015-04-21 05:35:00,7.112115732368888
2015-04-21 05:40:00,6.216998191681728
2015-04-21 05:45:00,5.301989150090408
2015-04-21 05:50:00,4.77486437613019
2015-04-21 05:55:00,4.78481012658227
2015-04-21 06:00:00,4.844484629294747
2015-04-21 06:05:00,5.0135623869801
2015-04-21 06:10:00,5.103074141048816
2015-04-21 06:15:00,5.222423146473771
2015-04-21 06:20:00,5.391500904159123
2015-04-21 06:25:00,5.431283905967442
2015-04-21 06:30:00,5.500904159131999
2015-04-21 06:35:00,5.441229656419521
2015-04-21 06:40:00,5.331826401446646
2015-04-21 06:45:00,5.292043399638327
2015-04-21 06:50:00,5.182640144665452
2015-04-21 06:55:00,5.043399638336338
2015-04-21 07:00:00,4.784810126582269
2015-04-21 07:05:00,4.446654611211564
2015-04-21 07:10:00,4.227848101265814
2015-04-21 07:15:00,3.959312839059666
2015-04-21 07:20:00,3.680831826401438
2015-04-21 07:25:00,3.452079566003608
2015-04-21 07:30:00,3.263110307414096
2015-04-21 07:35:00,3.2730560578661754
2015-04-21 07:40:00,3.263110307414096
2015-04-21 07:45:00,3.332730560578653
2015-04-21 07:50:00,3.4122965641952896
2015-04-21 07:55:00,3.959312839059666
2015-04-21 08:00:00,4.526220614828201
2015-04-21 08:05:00,5.113019891500896
2015-04-21 08:10:00,5.222423146473771
2015-04-21 08:15:00,4.834538878842668
2015-04-21 08:20:00,4.386980108499087
2015-04-21 08:25:00,3.790235081374313
2015-04-21 08:30:00,3.5216998191681648
2015-04-21 08:35:00,3.17359855334538
2015-04-21 08:40:00,3.1437613019891413
2015-04-21 08:45:00,3.3526220614828124
2015-04-21 08:50:00,3.8499095840867907
2015-04-21 08:55:00,4.357142857142849
2015-04-21 09:00:00,4.585895117540678
2015-04-21 09:05:00,4.486437613019882
2015-04-21 09:10:00,4.0886075949367005
2015-04-21 09:15:00,3.730560578661836
2015-04-21 09:20:00,3.462025316455687
2015-04-21 09:25:00,3.40235081374321
2015-04-21 09:30:00,3.5415913200723237
2015-04-21 09:35:00,3.6609403254972785
2015-04-21 09:40:00,3.8001808318263928
2015-04-21 09:45:00,3.790235081374313
2015-04-21 09:50:00,3.7802893309222334
2015-04-21 09:55:00,3.8996383363471883
2015-04-21 10:00:00,4.09855334538878
2015-04-21 10:05:00,4.337251356238689
2015-04-21 10:10:00,4.337251356238689
2015-04-21 10:15:00,4.138336347197098
2015-04-21 10:20:00,3.8499095840867907
2015-04-21 10:25:00,3.6211573236889603
2015-04-21 10:30:00,3.422242314647369
2015-04-21 10:35:00,3.2730560578661754
2015-04-21 10:40:00,3.054249547920425
2015-04-21 10:45:00,3.054249547920425
2015-04-21 10:50:00,3.2929475587703347
2015-04-21 10:55:00,3.6509945750451998
2015-04-21 11:00:00,3.989150090415905
2015-04-21 11:05:00,4.227848101265814
2015-04-21 11:10:00,4.386980108499087
2015-04-21 11:15:00,4.506329113924043
2015-04-21 11:20:00,4.625678119348997
2015-04-21 11:25:00,4.665461121157316
2015-04-21 11:30:00,4.715189873417713
2015-04-21 11:35:00,4.77486437613019
2015-04-21 11:40:00,4.824593128390588
2015-04-21 11:45:00,4.814647377938509
2015-04-21 11:50:00,4.615732368896917
2015-04-21 11:55:00,4.53616636528028
2015-04-21 12:00:00,4.705244122965633
2015-04-21 12:05:00,5.122965641952975
2015-04-21 12:10:00,5.580470162748635
2015-04-21 12:15:00,5.6998191681735895
2015-04-21 12:20:00,5.610307414104874
2015-04-21 12:25:00,5.311934900542487
2015-04-21 12:30:00,5.252260397830009
2015-04-21 12:35:00,5.46112115732368
2015-04-21 12:40:00,5.739602169981907
2015-04-21 12:45:00,6.14737793851717
2015-04-21 12:50:00,6.266726943942125
2015-04-21 12:55:00,6.36618444846292
2015-04-21 13:00:00,6.515370705244114
2015-04-21 13:05:00,6.684448462929467
2015-04-21 13:10:00,7.221518987341764
2015-04-21 13:15:00,7.5198915009041505
2015-04-21 13:20:00,7.52983725135623
2015-04-21 13:25:00,7.2712477396021615
2015-04-21 13:30:00,6.684448462929467
2015-04-21 13:35:00,6.266726943942126
2015-04-21 13:40:00,5.988245931283898
2015-04-21 13:45:00,6.266726943942125
2015-04-21 13:50:00,6.923146473779376
2015-04-21 13:55:00,8.743218806509937
2015-04-21 14:00:00,10.801989150090407
2015-04-21 14:05:00,13.03978300180831
2015-04-21 14:10:00,14.352622061482812
2015-04-21 14:15:00,14.889692585895109
2015-04-21 14:20:00,16.093128390596735
2015-04-21 14:25:00,16.958408679927658
2015-04-21 14:30:00,19.086799276672686
2015-04-21 14:35:00,20.996383363471963
2015-04-21 14:40:00,22.279385171790224
2015-04-21 14:45:00,22.8264014466546
2015-04-21 14:50:00,22.85623869801084
2015-04-21 14:55:00,22.8264014466546
2015-04-21 15:00:00,22.84629294755876
2015-04-21 15:05:00,23.323688969258576
2015-04-21 15:10:00,23.72151898734176
2015-04-21 15:15:00,24.0
2015-04-21 15:20:00,23.61211573236889
2015-04-21 15:25:00,22.557866184448454
2015-04-21 15:30:00,22.378842676311024
2015-04-21 15:35:00,22.378842676311024
2015-04-21 15:40:00,22.766726943942125
2015-04-21 15:45:00,23.82097649186256
2015-04-21 15:50:00,22.93580470162748
2015-04-21 15:55:00,21.55334538878842
2015-04-21 16:00:00,20.37974683544303
2015-04-21 16:05:00,19.2757685352622
2015-04-21 16:10:00,20.33996383363471
2015-04-21 16:15:00,21.72242314647377
2015-04-21 16:20:00,22.89602169981916
2015-04-21 16:25:00,24.0
2015-04-21 16:30:00,24.0
2015-04-21 16:35:00,24.0
2015-04-21 16:40:00,24.0
2015-04-21 16:45:00,24.0
2015-04-21 16:50:00,24.0
2015-04-21 16:55:00,22.935804701627475
2015-04-21 17:00:00,21.632911392405056
2015-04-21 17:05:00,19.713381555153696
2015-04-21 17:10:00,17.644665461121146
2015-04-21 17:15:00,17.226943942133804
2015-04-21 17:20:00,17.57504520795659
2015-04-21 17:25:00,19.454792043399628
2015-04-21 17:30:00,20.638336347197097
2015-04-21 17:35:00,20.86708860759493
2015-04-21 17:40:00,19.623869801084982
2015-04-21 17:45:00,17.14737793851717
2015-04-21 17:50:00,17.037974683544295
2015-04-21 17:55:00,18.29113924050632
2015-04-21 18:00:00,20.489150090415905
2015-04-21 18:05:00,23.005424954792034
2015-04-21 18:10:00,24.0
2015-04-21 18:15:00,23.612115732368892
2015-04-21 18:20:00,21.215189873417714
2015-04-21 18:25:00,18.509945750452072
2015-04-21 18:30:00,16.093128390596735
2015-04-21 18:35:00,16.48101265822784
2015-04-21 18:40:00,18.87793851717901
2015-04-21 18:45:00,21.583182640144656
2015-04-21 18:50:00,24.0
2015-04-21 18:55:00,22.67721518987341
2015-04-21 19:00:00,21.20524412296563
2015-04-21 19:05:00,19.832730560578653
2015-04-21 19:10:00,18.27124773960216
2015-04-21 19:15:00,17.84358047016274
2015-04-21 19:20:00,17.903254972875217
2015-04-21 19:25:00,19.275768535262195
2015-04-21 19:30:00,20.83725135623869
2015-04-21 19:35:00,22.58770343580469
2015-04-21 19:40:00,23.950271247739593
2015-04-21 19:45:00,23.920433996383355
2015-04-21 19:50:00,23.920433996383352
2015-04-21 19:55:00,23.920433996383352
2015-04-21 20:00:00,23.97016274864375
2015-04-21 20:05:00,24.0
2015-04-21 20:10:00,24.0
2015-04-21 20:15:00,24.0
2015-04-21 20:20:00,24.0
2015-04-21 20:25:00,24.0
2015-04-21 20:30:00,24.0
2015-04-21 20:35:00,24.0
2015-04-21 20:40:00,24.0
2015-04-21 20:45:00,24.0
2015-04-21 20:50:00,24.0
2015-04-21 20:55:00,24.0
2015-04-21 21:00:00,24.0
2015-04-21 21:05:00,23.512658227848092
2015-04-21 21:10:00,22.65732368896925
2015-04-21 21:15:00,21.414104882459306
2015-04-21 21:20:00,19.72332730560578
2015-04-21 21:25:00,17.764014466546104
2015-04-21 21:30:00,16.172694394213373
2015-04-21 21:35:00,15.30741410488245
2015-04-21 21:40:00,16.779385171790228
2015-04-21 21:45:00,19.2260397830018
2015-04-21 21:50:00,21.672694394213373
2015-04-21 21:55:00,22.498191681735975
2015-04-21 22:00:00,20.469258589511742
2015-04-21 22:05:00,17.684448462929467
2015-04-21 22:10:00,14.700723327305596
2015-04-21 22:15:00,12.74141048824592
2015-04-21 22:20:00,11.488245931283895
2015-04-21 22:25:00,10.861663652802884
2015-04-21 22:30:00,10.593128390596735
2015-04-21 22:35:00,10.951175406871599
2015-04-21 22:40:00,11.537974683544293
2015-04-21 22:45:00,12.04520795660035
2015-04-21 22:50:00,12.06509945750451
2015-04-21 22:55:00,11.925858951175398
2015-04-21 23:00:00,12.273960216998182
2015-04-21 23:05:00,12.731464737793843
2015-04-21 23:10:00,13.079566003616627
2015-04-21 23:15:00,12.691681735985524
2015-04-21 23:20:00,11.488245931283897
2015-04-21 23:25:00,10.195298372513554
2015-04-21 23:30:00,9.280289330922233
2015-04-21 23:35:00,9.150994575045198
2015-04-21 23:40:00,9.250452079565994
2015-04-21 23:45:00,9.041591320072323
2015-04-21 23:50:00,8.971971066907766
2015-04-21 23:55:00,8.603978300180824
2015-04-22 00:00:00,8.534358047016266
2015-04-22 00:05:00,8.335443037974674
2015-04-22 00:10:00,8.156419529837242
2015-04-22 00:15:00,7.887884267631094
2015-04-22 00:20:00,7.480108499095831
2015-04-22 00:25:00,7.400542495479195
2015-04-22 00:30:00,7.380650994575037
2015-04-22 00:35:00,7.490054249547912
2015-04-22 00:40:00,7.4701627486437525
2015-04-22 00:45:00,7.350813743218798
2015-04-22 00:50:00,7.052441229656411
2015-04-22 00:55:00,6.783905967450262
2015-04-22 01:00:00,6.485533453887875
2015-04-22 01:05:00,6.197106690777568
2015-04-22 01:10:00,5.829113924050624
2015-04-22 01:15:00,5.630198915009033
2015-04-22 01:20:00,5.660036166365272
2015-04-22 01:25:00,6.216998191681727
2015-04-22 01:30:00,7.191681735985526
2015-04-22 01:35:00,7.99728752260397
2015-04-22 01:40:00,8.70343580470162
2015-04-22 01:45:00,9.260397830018073
2015-04-22 01:50:00,9.678119349005415
2015-04-22 01:55:00,10.583182640144656
2015-04-22 02:00:00,11.040687160940315
2015-04-22 02:05:00,11.110307414104872
2015-04-22 02:10:00,10.155515370705235
2015-04-22 02:15:00,8.385171790235072
2015-04-22 02:20:00,7.042495479204331
2015-04-22 02:25:00,5.9086799276672615
2015-04-22 02:30:00,5.719710669077749
2015-04-22 02:35:00,5.829113924050624
2015-04-22 02:40:00,5.878842676311022
2015-04-22 02:45:00,6.018083182640135
2015-04-22 02:50:00,6.077757685352613
2015-04-22 02:55:00,6.077757685352613
2015-04-22 03:00:00,5.948462929475578
2015-04-22 03:05:00,5.978300180831818
2015-04-22 03:10:00,6.018083182640136
2015-04-22 03:15:00,6.097649186256772
2015-04-22 03:20:00,6.037974683544295
2015-04-22 03:25:00,5.729656419529828
2015-04-22 03:30:00,5.4511754068716005
2015-04-22 03:35:00,5.053345388788418
2015-04-22 03:40:00,4.834538878842668
2015-04-22 03:45:00,4.486437613019882
2015-04-22 03:50:00,4.168173598553336
2015-04-22 03:55:00,4.217902350813734
2015-04-22 04:00:00,4.466546112115723
2015-04-22 04:05:00,4.7450271247739515
2015-04-22 04:10:00,4.834538878842667
2015-04-22 04:15:00,4.655515370705236
2015-04-22 04:20:00,4.456600361663644
2015-04-22 04:25:00,4.446654611211565
2015-04-22 04:30:00,4.55605786618444
2015-04-22 04:35:00,4.725135623869792
2015-04-22 04:40:00,4.7947558770343495
2015-04-22 04:45:00,4.725135623869793
2015-04-22 04:50:00,4.675406871609394
2015-04-22 04:55:00,4.5461121157323605
2015-04-22 05:00:00,4.466546112115724
2015-04-22 05:05:00,4.327305605786609
2015-04-22 05:10:00,4.198010849909576
2015-04-22 05:15:00,4.078661844484621
2015-04-22 05:20:00,3.9493670886075867
2015-04-22 05:25:00,3.85985533453887
2015-04-22 05:30:00,3.680831826401438
2015-04-22 05:35:00,3.5614828209764826
2015-04-22 05:40:00,3.2929475587703347
2015-04-22 05:45:00,3.054249547920425
2015-04-22 05:50:00,3.0741410488245844
2015-04-22 05:55:00,3.4421338155515286
2015-04-22 06:00:00,4.257685352622053
2015-04-22 06:05:00,5.033453887884258
2015-04-22 06:10:00,5.590415913200714
2015-04-22 06:15:00,5.630198915009033
2015-04-22 06:20:00,5.560578661844476
2015-04-22 06:25:00,5.660036166365272
2015-04-22 06:30:00,5.868896925858943
2015-04-22 06:35:00,5.92857142857142
2015-04-22 06:40:00,5.630198915009033
2015-04-22 06:45:00,5.4014466546112025
2015-04-22 06:50:00,5.461121157323681
2015-04-22 06:55:00,5.978300180831818
2015-04-22 07:00:00,6.5153707052441145
2015-04-22 07:05:00,6.555153707052432
2015-04-22 07:10:00,5.91862567811934
2015-04-22 07:15:00,4.9439421338155425
2015-04-22 07:20:00,4.018987341772143
2015-04-22 07:25:00,3.3924050632911307
2015-04-22 07:30:00,3.0045207956600275
2015-04-22 07:35:00,2.8155515370705153
2015-04-22 07:40:00,2.6365280289330837
2015-04-22 07:45:00,2.437613019891492
2015-04-22 07:50:00,2.25858951175406
2015-04-22 07:55:00,2.0696202531645485
2015-04-22 08:00:00,2.0198915009041505
2015-04-22 08:05:00,2.1591320072332643
2015-04-22 08:10:00,2.3282097649186166
2015-04-22 08:15:00,2.5171790235081284
2015-04-22 08:20:00,2.527124773960208
2015-04-22 08:25:00,2.367992766726935
2015-04-22 08:30:00,2.2088607594936622
2015-04-22 08:35:00,2.0198915009041505
2015-04-22 08:40:00,2.009945750452071
2015-04-22 08:45:00,2.009945750452071
2015-04-22 08:50:00,2.0298372513562297
2015-04-22 08:55:00,2.1094032549728663
2015-04-22 09:00:00,2.1094032549728663
2015-04-22 09:05:00,2.1094032549728663
2015-04-22 09:10:00,2.0795660036166277
2015-04-22 09:15:00,2.0
2015-04-22 09:20:00,2.0
2015-04-22 09:25:00,2.049728752260389
2015-04-22 09:30:00,2.2685352622061394
2015-04-22 09:35:00,2.686256781193481
2015-04-22 09:40:00,3.123869801084982
2015-04-22 09:45:00,3.561482820976483
2015-04-22 09:50:00,3.8200723327305517
2015-04-22 09:55:00,3.869801084990949
2015-04-22 10:00:00,3.9195298372513476
2015-04-22 10:05:00,4.058770343580461
2015-04-22 10:10:00,4.198010849909576
2015-04-22 10:15:00,4.277576853526212
2015-04-22 10:20:00,4.267631103074132
2015-04-22 10:25:00,4.09855334538878
2015-04-22 10:30:00,3.9195298372513476
2015-04-22 10:35:00,3.7106690777576765
2015-04-22 10:40:00,3.5515370705244034
2015-04-22 10:45:00,3.5515370705244034
2015-04-22 10:50:00,3.6211573236889603
2015-04-22 10:55:00,3.929475587703427
2015-04-22 11:00:00,4.168173598553336
2015-04-22 11:05:00,4.168173598553336
2015-04-22 11:10:00,4.028933092224223
2015-04-22 11:15:00,3.730560578661836
2015-04-22 11:20:00,3.730560578661836
2015-04-22 11:25:00,3.959312839059666
2015-04-22 11:30:00,4.506329113924042
2015-04-22 11:35:00,5.411392405063283
2015-04-22 11:40:00,6.376130198915
2015-04-22 11:45:00,7.102169981916808
2015-04-22 11:50:00,7.330922242314639
2015-04-22 11:55:00,7.141952983725127
2015-04-22 12:00:00,6.793851717902341
2015-04-22 12:05:00,6.495479204339954
2015-04-22 12:10:00,6.286618444846284
2015-04-22 12:15:00,6.067811934900534
2015-04-22 12:20:00,5.908679927667261
2015-04-22 12:25:00,5.739602169981908
2015-04-22 12:30:00,5.789330922242306
2015-04-22 12:35:00,5.67992766726943
2015-04-22 12:40:00,5.401446654611203
2015-04-22 12:45:00,5.122965641952975
2015-04-22 12:50:00,4.77486437613019
2015-04-22 12:55:00,4.894213381555145
2015-04-22 13:00:00,5.22242314647377
2015-04-22 13:05:00,5.630198915009032
2015-04-22 13:10:00,5.8987341772151805
2015-04-22 13:15:00,5.709764918625669
2015-04-22 13:20:00,5.3019891500904075
2015-04-22 13:25:00,4.874321880650986
2015-04-22 13:30:00,4.715189873417713
2015-04-22 13:35:00,4.9439421338155425
2015-04-22 13:40:00,5.083182640144656
2015-04-22 13:45:00,5.0533453887884185
2015-04-22 13:50:00,5.043399638336338
2015-04-22 13:55:00,5.192585895117532
2015-04-22 14:00:00,5.530741410488237
2015-04-22 14:05:00,5.878842676311022
2015-04-22 14:10:00,6.087703435804692
2015-04-22 14:15:00,6.047920433996374
2015-04-22 14:20:00,5.888788426763102
2015-04-22 14:25:00,5.92857142857142
2015-04-22 14:30:00,5.888788426763102
2015-04-22 14:35:00,5.8589511754068635
2015-04-22 14:40:00,6.226943942133807
2015-04-22 14:45:00,6.84358047016274
2015-04-22 14:50:00,7.629294755877025
2015-04-22 14:55:00,8.027124773960209
2015-04-22 15:00:00,8.047016274864367
2015-04-22 15:05:00,8.056962025316446
2015-04-22 15:10:00,8.056962025316446
2015-04-22 15:15:00,8.673598553345379
2015-04-22 15:20:00,9.09132007233272
2015-04-22 15:25:00,9.250452079565994
2015-04-22 15:30:00,9.061482820976483
2015-04-22 15:35:00,8.792947558770335
2015-04-22 15:40:00,8.46473779385171
2015-04-22 15:45:00,8.096745027124765
2015-04-22 15:50:00,7.738698010849901
2015-04-22 15:55:00,7.191681735985525
2015-04-22 16:00:00,7.102169981916808
2015-04-22 16:05:00,7.181735985533445
2015-04-22 16:10:00,7.6690777576853435
2015-04-22 16:15:00,8.037070524412286
2015-04-22 16:20:00,8.096745027124765
2015-04-22 16:25:00,8.146473779385163
2015-04-22 16:30:00,8.325497287522595
2015-04-22 16:35:00,8.89240506329113
2015-04-22 16:40:00,9.429475587703426
2015-04-22 16:45:00,9.528933092224221
2015-04-22 16:50:00,9.270343580470154
2015-04-22 16:55:00,9.966546112115722
2015-04-22 17:00:00,11.358951175406862
2015-04-22 17:05:00,13.109403254972865
2015-04-22 17:10:00,14.074141048824584
2015-04-22 17:15:00,13.467450271247728
2015-04-22 17:20:00,12.214285714285703
2015-04-22 17:25:00,10.92133815551536
2015-04-22 17:30:00,10.344484629294746
2015-04-22 17:35:00,10.105786618444837
2015-04-22 17:40:00,9.439421338155505
2015-04-22 17:45:00,8.64376130198914
2015-04-22 17:50:00,7.818264014466536
2015-04-22 17:55:00,7.082278481012649
2015-04-22 18:00:00,7.360759493670877
2015-04-22 18:05:00,8.156419529837242
2015-04-22 18:10:00,9.349909584086788
2015-04-22 18:15:00,10.344484629294746
2015-04-22 18:20:00,10.603074141048815
2015-04-22 18:25:00,10.205244122965633
2015-04-22 18:30:00,9.290235081374313
2015-04-22 18:35:00,8.375226039782993
2015-04-22 18:40:00,7.867992766726935
2015-04-22 18:45:00,7.430379746835434
2015-04-22 18:50:00,7.31103074141048
2015-04-22 18:55:00,8.146473779385163
2015-04-22 19:00:00,9.180831826401437
2015-04-22 19:05:00,10.74231464737793
2015-04-22 19:10:00,11.398734177215179
2015-04-22 19:15:00,11.120253164556953
2015-04-22 19:20:00,10.225135623869793
2015-04-22 19:25:00,8.87251356238697
2015-04-22 19:30:00,8.514466546112107
2015-04-22 19:35:00,8.226039783001799
2015-04-22 19:40:00,8.365280289330913
2015-04-22 19:45:00,8.514466546112107
2015-04-22 19:50:00,8.345388788426753
2015-04-22 19:55:00,8.395117540687153
2015-04-22 20:00:00,10.115732368896916
2015-04-22 20:05:00,13.984629294755868
2015-04-22 20:10:00,18.08227848101265
2015-04-22 20:15:00,21.96112115732368
2015-04-22 20:20:00,23.32368896925858
2015-04-22 20:25:00,22.040687160940315
2015-04-22 20:30:00,21.04611211573236
2015-04-22 20:35:00,17.66455696202531
2015-04-22 20:40:00,14.37251356238697
2015-04-22 20:45:00,12.174502712477386
2015-04-22 20:50:00,10.125678119348997
2015-04-22 20:55:00,11.090415913200715
2015-04-22 21:00:00,12.572332730560568
2015-04-22 21:05:00,12.8010849909584
2015-04-22 21:10:00,12.134719710669069
2015-04-22 21:15:00,10.354430379746827
2015-04-22 21:20:00,9.031645569620245
2015-04-22 21:25:00,8.375226039782993
2015-04-22 21:30:00,8.027124773960209
2015-04-22 21:35:00,8.037070524412288
2015-04-22 21:40:00,8.076853526220606
2015-04-22 21:45:00,8.42495479204339
2015-04-22 21:50:00,8.723327305605778
2015-04-22 21:55:00,8.852622061482814
2015-04-22 22:00:00,8.554249547920426
2015-04-22 22:05:00,8.255877034358038
2015-04-22 22:10:00,8.20614828209764
2015-04-22 22:15:00,8.385171790235072
2015-04-22 22:20:00,8.335443037974674
2015-04-22 22:25:00,8.017179023508128
2015-04-22 22:30:00,7.97739602169981
2015-04-22 22:35:00,8.066907775768525
2015-04-22 22:40:00,8.87251356238697
2015-04-22 22:45:00,9.548824593128382
2015-04-22 22:50:00,9.946654611211564
2015-04-22 22:55:00,9.54882459312838
2015-04-22 23:00:00,8.554249547920424
2015-04-22 23:05:00,7.688969258589503
2015-04-22 23:10:00,6.664556962025308
2015-04-22 23:15:00,6.306509945750443
2015-04-22 23:20:00,5.968354430379738
2015-04-22 23:25:00,5.630198915009033
2015-04-22 23:30:00,5.182640144665452
2015-04-22 23:35:00,4.824593128390588
2015-04-22 23:40:00,4.635623869801076
2015-04-22 23:45:00,4.635623869801076
2015-04-22 23:50:00,6.276672694394204
2015-04-22 23:55:00,7.987341772151889
2015-04-23 00:00:00,9.598553345388778
2015-04-23 00:05:00,9.737793851717893
2015-04-23 00:10:00,8.802893309222414
2015-04-23 00:15:00,7.927667269439413
2015-04-23 00:20:00,6.982820976491854
2015-04-23 00:25:00,7.400542495479195
2015-04-23 00:30:00,7.29113924050632
2015-04-23 00:35:00,7.022603978300172
2015-04-23 00:40:00,6.634719710669069
2015-04-23 00:45:00,6.495479204339955
2015-04-23 00:50:00,6.952983725135614
2015-04-23 00:55:00,7.480108499095831
2015-04-23 01:00:00,8.1763110307414
2015-04-23 01:05:00,8.703435804701618
2015-04-23 01:10:00,8.603978300180824
2015-04-23 01:15:00,8.26582278481012
2015-04-23 01:20:00,7.818264014466537
2015-04-23 01:25:00,7.499999999999992
2015-04-23 01:30:00,7.529837251356231
2015-04-23 01:35:00,7.579566003616629
2015-04-23 01:40:00,7.499999999999991
2015-04-23 01:45:00,7.092224231464729
2015-04-23 01:50:00,6.415913200723319
2015-04-23 01:55:00,6.2070524412296475
2015-04-23 02:00:00,6.60488245931283
2015-04-23 02:05:00,7.102169981916808
2015-04-23 02:10:00,7.281193490054241
2015-04-23 02:15:00,6.793851717902342
2015-04-23 02:20:00,5.988245931283897
2015-04-23 02:25:00,5.341772151898725
2015-04-23 02:30:00,5.172694394213373
2015-04-23 02:35:00,5.361663652802885
2015-04-23 02:40:00,5.371609403254963
2015-04-23 02:45:00,5.152802893309213
